,ENPH,FSLR,ICLN,NEE,SEDG,SPY,XLE
2019-01-02,4.920000076293945,42.560001373291016,7.604124069213867,35.500205993652344,36.150001525878906,224.38250732421875,21.123748779296875
2019-01-03,4.760000228881836,43.439998626708984,7.540146827697754,35.412410736083984,35.5,219.02816772460938,20.91424560546875
2019-01-04,5.079999923706055,46.31999969482422,7.768637180328369,36.06460189819336,37.25,226.36465454101562,21.625837326049805
2019-01-07,5.260000228881836,45.790000915527344,7.832612991333008,36.01234817504883,35.0099983215332,228.14952087402344,21.947317123413086
2019-01-08,5.349999904632568,46.22999954223633,7.924006462097168,36.27573776245117,35.0,230.29298400878906,22.117084503173828
2019-01-09,5.630000114440918,46.959999084472656,7.987985134124756,36.11894226074219,35.459999084472656,231.36929321289062,22.467456817626953
2019-01-10,5.630000114440918,47.7400016784668,8.07938003540039,36.66243362426758,35.9900016784668,232.18548583984375,22.532480239868164
2019-01-11,5.679999828338623,47.5,8.125080108642578,36.72933578491211,36.400001525878906,232.275146484375,22.398832321166992
2019-01-14,5.820000171661377,46.72999954223633,8.088519096374512,35.7928466796875,36.5,230.85801696777344,22.344650268554688
2019-01-15,6.150000095367432,46.86000061035156,8.042823791503906,36.52238082885742,36.689998626708984,233.50387573242188,22.424118041992188
2019-01-16,6.679999828338623,47.29999923706055,8.070241928100586,36.51401901245117,37.349998474121094,234.06887817382812,22.395219802856445
2019-01-17,6.820000171661377,48.380001068115234,8.189056396484375,36.6833381652832,37.56999969482422,235.84474182128906,22.60111427307129
2019-01-18,6.53000020980835,47.939998626708984,8.179915428161621,36.80875015258789,37.18000030517578,238.9838104248047,23.059852600097656
2019-01-22,6.590000152587891,46.209999084472656,8.07938003540039,37.078407287597656,36.959999084472656,235.7550048828125,22.557767868041992
2019-01-23,6.510000228881836,46.540000915527344,8.179915428161621,37.49648666381836,38.029998779296875,236.248291015625,22.326589584350586
2019-01-24,6.659999847412109,48.599998474121094,8.362709045410156,37.684593200683594,40.2400016784668,236.37384033203125,22.44579315185547
2019-01-25,6.71999979019165,49.86000061035156,8.417545318603516,36.41367721557617,40.849998474121094,238.37384033203125,22.73114776611328
2019-01-28,6.900000095367432,50.70000076293945,8.371845245361328,36.05205154418945,42.150001525878906,236.562255859375,22.503585815429688
2019-01-29,7.099999904632568,50.08000183105469,8.46324348449707,36.13357925415039,42.0,236.248291015625,22.57221794128418
2019-01-30,7.159999847412109,50.709999084472656,8.51807975769043,36.286163330078125,42.25,239.98834228515625,22.89008331298828
2019-01-31,7.230000019073486,50.59000015258789,8.673453330993652,37.412864685058594,43.790000915527344,242.09597778320312,23.038177490234375
2019-02-01,7.0,48.43000030517578,8.68259048461914,37.17039489746094,43.06999969482422,242.212646484375,23.439125061035156
2019-02-04,7.0,49.290000915527344,8.673453330993652,37.22891616821289,44.11000061035156,243.9167022705078,23.493303298950195
2019-02-05,7.300000190734863,49.310001373291016,8.737431526184082,37.24354934692383,44.470001220703125,244.9391632080078,23.529434204101562
2019-02-06,7.320000171661377,48.88999938964844,8.68259048461914,37.22891616821289,43.959999084472656,244.61624145507812,23.356046676635742
2019-02-07,7.480000019073486,48.0,8.591197967529297,37.90828323364258,42.93000030517578,242.28440856933594,22.839513778686523
2019-02-08,7.440000057220459,48.099998474121094,8.572917938232422,38.255271911621094,43.47999954223633,242.58029174804688,22.734758377075195
2019-02-11,7.730000019073486,49.720001220703125,8.646035194396973,38.255271911621094,44.040000915527344,242.71481323242188,22.84312629699707
2019-02-12,7.599999904632568,50.2599983215332,8.71915054321289,38.30961608886719,42.84000015258789,245.83599853515625,23.13209342956543
2019-02-13,7.679999828338623,50.63999938964844,8.728290557861328,38.22182083129883,44.22999954223633,246.63417053222656,23.421070098876953
2019-02-14,7.659999847412109,51.02000045776367,8.810548782348633,38.171661376953125,44.560001373291016,246.08706665039062,23.504140853881836
2019-02-15,7.650000095367432,49.18000030517578,8.773988723754883,38.47056579589844,43.29999923706055,248.7688446044922,23.8834171295166
2019-02-19,7.559999942779541,52.060001373291016,8.837966918945312,38.74859619140625,43.31999969482422,249.19935607910156,23.95566177368164
2019-02-20,7.230000019073486,51.689998626708984,8.792267799377441,38.80502700805664,41.5,249.70166015625,24.05680274963379
2019-02-21,7.369999885559082,51.95000076293945,8.847105026245117,38.99733352661133,42.11000061035156,248.8136749267578,23.68474578857422
2019-02-22,7.78000020980835,53.72999954223633,8.929360389709473,39.32551574707031,41.70000076293945,250.3563232421875,23.753381729125977
2019-02-25,8.0600004196167,51.77000045776367,8.96591854095459,39.27326965332031,40.36000061035156,250.69711303710938,23.793107986450195
2019-02-26,8.09000015258789,51.88999938964844,8.984196662902832,39.3464241027832,40.880001068115234,250.51771545410156,23.71726417541504
2019-02-27,8.869999885559082,52.380001068115234,8.920222282409668,39.310646057128906,42.34000015258789,250.4102020263672,23.807565689086914
2019-02-28,9.069999694824219,52.54999923706055,8.865384101867676,39.50214767456055,42.2599983215332,249.9436798095703,23.56916618347168
2019-03-01,9.100000381469727,53.40999984741211,8.856243133544922,39.468475341796875,41.34000015258789,251.50430297851562,24.002620697021484
2019-03-04,8.779999732971191,52.4900016784668,8.874524116516113,39.611568450927734,41.54999923706055,250.5894317626953,24.045963287353516
2019-03-05,8.699999809265137,52.189998626708984,8.93850040435791,39.62841033935547,41.29999923706055,250.2487030029297,23.966495513916016
2019-03-06,8.380000114440918,51.369998931884766,8.819685935974121,39.47058868408203,40.380001068115234,248.7329559326172,23.66307258605957
2019-03-07,8.289999961853027,50.36000061035156,8.691733360290527,39.54633712768555,39.36000061035156,246.65213012695312,23.52220916748047
2019-03-08,8.460000038146973,51.15999984741211,8.68259048461914,39.70836639404297,39.279998779296875,246.15882873535156,23.081520080566406
2019-03-11,8.84000015258789,53.619998931884766,8.883666038513184,39.876712799072266,39.88999938964844,249.7285919189453,23.442737579345703
2019-03-12,9.0,53.93000030517578,8.956779479980469,40.169212341308594,39.310001373291016,250.6702423095703,23.594449996948242
2019-03-13,9.359999656677246,54.709999084472656,9.029897689819336,40.18605041503906,39.900001525878906,252.32940673828125,23.83285140991211
2019-03-14,9.380000114440918,54.439998626708984,8.984196662902832,40.18814468383789,39.72999954223633,252.16798400878906,23.858139038085938
2019-03-15,9.050000190734863,53.709999084472656,8.984196662902832,40.24287033081055,39.93000030517578,253.41384887695312,23.848669052124023
2019-03-18,9.670000076293945,54.68000030517578,9.07559585571289,40.16500473022461,39.689998626708984,254.3326873779297,24.179943084716797
2019-03-19,9.199999809265137,55.45000076293945,9.029897689819336,39.66628646850586,39.47999954223633,254.3957977294922,24.114421844482422
2019-03-20,9.180000305175781,55.650001525878906,9.09387493133545,39.95457458496094,39.2400016784668,253.6300506591797,24.3255672454834
2019-03-21,9.380000114440918,54.810001373291016,8.984196662902832,40.38385772705078,38.84000015258789,256.4947814941406,24.496673583984375
2019-03-22,9.1899995803833,52.40999984741211,8.810548782348633,40.80892562866211,37.119998931884766,251.55816650390625,23.8341121673584
2019-03-25,9.029999732971191,51.720001220703125,8.792267799377441,40.741580963134766,37.33000183105469,251.3690185546875,23.845029830932617
2019-03-26,8.710000038146973,50.91999816894531,8.856243133544922,41.034088134765625,36.68000030517578,253.2426300048828,24.187232971191406
2019-03-27,8.800000190734863,51.189998626708984,8.773988723754883,40.806819915771484,36.790000915527344,251.9184112548828,24.016130447387695
2019-03-28,9.079999923706055,52.02000045776367,8.883666038513184,40.38595962524414,37.7599983215332,252.87335205078125,24.10713768005371
2019-03-29,9.229999542236328,52.84000015258789,8.920222282409668,40.6805534362793,37.68000030517578,254.4678497314453,24.070737838745117
2019-04-01,9.260000228881836,54.11000061035156,9.002479553222656,40.085044860839844,37.849998474121094,257.48565673828125,24.387462615966797
2019-04-02,9.350000381469727,53.900001525878906,9.039037704467773,39.87250518798828,38.20000076293945,257.6117248535156,24.219995498657227
2019-04-03,9.6899995803833,54.849998474121094,9.048175811767578,39.83671951293945,38.65999984741211,258.01715087890625,23.987009048461914
2019-04-04,9.520000457763672,55.380001068115234,9.121292114257812,39.64523696899414,40.11000061035156,258.7017822265625,24.187232971191406
2019-04-05,9.84000015258789,56.290000915527344,9.23096752166748,39.998756408691406,40.720001220703125,259.9540100097656,24.6131591796875
2019-04-08,10.239999771118164,57.08000183105469,9.221829414367676,39.69574737548828,41.439998626708984,260.152099609375,24.722383499145508
2019-04-09,10.029999732971191,56.130001068115234,9.157851219177246,39.92091369628906,40.650001525878906,258.8188171386719,24.42022705078125
2019-04-10,10.149999618530273,60.77000045776367,9.267525672912598,39.691524505615234,41.27000045776367,259.70172119140625,24.51123809814453
2019-04-11,9.800000190734863,60.630001068115234,9.176131248474121,39.9903564453125,40.619998931884766,259.629638671875,24.529434204101562
2019-04-12,9.930000305175781,60.18000030517578,9.157851219177246,40.16080093383789,40.9900016784668,261.38629150390625,24.59496307373047
2019-04-15,9.59000015258789,60.22999954223633,9.221829414367676,40.22602081298828,41.43000030517578,261.215087890625,24.44934844970703
2019-04-16,9.65999984741211,60.5099983215332,9.212688446044922,39.88092803955078,42.540000915527344,261.38629150390625,24.609525680541992
2019-04-17,9.729999542236328,60.65999984741211,9.258387565612793,39.90827560424805,43.08000183105469,260.7466735839844,24.576766967773438
2019-04-18,9.449999809265137,59.849998474121094,9.23096752166748,39.84724807739258,43.040000915527344,261.2602233886719,24.460268020629883
2019-04-22,9.279999732971191,59.959999084472656,9.23096752166748,40.0618896484375,43.20000076293945,261.4854431152344,24.977210998535156
2019-04-23,9.75,61.619998931884766,9.313222885131836,39.93773651123047,44.310001373291016,263.8365478515625,24.937166213989258
2019-04-24,9.829999923706055,61.81999969482422,9.267525672912598,39.99455261230469,44.790000915527344,263.2509765625,24.500308990478516
2019-04-25,9.90999984741211,61.25,9.23096752166748,40.08293533325195,45.91999816894531,263.0887756347656,24.423856735229492
2019-04-26,10.430000305175781,61.540000915527344,9.249247550964355,40.341766357421875,45.970001220703125,264.3139953613281,24.10713768005371
2019-04-29,10.210000038146973,61.84000015258789,9.249247550964355,40.35438919067383,45.189998626708984,264.7283935546875,24.08530044555664
2019-04-30,10.039999961853027,61.529998779296875,9.285804748535156,40.916236877441406,44.29999923706055,264.86346435546875,24.067100524902344
2019-05-01,12.979999542236328,60.869998931884766,9.249247550964355,40.67002868652344,44.13999938964844,262.8726806640625,23.586551666259766
2019-05-02,12.930000305175781,59.86000061035156,9.2035493850708,40.343875885009766,43.7599983215332,262.3050537109375,23.175186157226562
2019-05-03,13.829999923706055,61.7599983215332,9.340641021728516,40.48906707763672,44.560001373291016,264.8724670410156,23.389970779418945
2019-05-06,13.75,60.290000915527344,9.19440746307373,40.17131042480469,43.880001068115234,263.7825012207031,23.411808013916016
2019-05-07,14.210000038146973,61.689998626708984,9.249247550964355,39.92931365966797,53.84000015258789,259.3774108886719,23.207944869995117
2019-05-08,13.930000305175781,60.33000183105469,9.212688446044922,39.53582000732422,51.849998474121094,259.01708984375,23.207944869995117
2019-05-09,13.5600004196167,58.91999816894531,9.139572143554688,39.68942642211914,51.4900016784668,258.2333679199219,23.207944869995117
2019-05-10,14.020000457763672,59.9900016784668,9.212688446044922,40.352294921875,53.0099983215332,259.530517578125,23.317161560058594
2019-05-13,13.6899995803833,58.400001525878906,8.956779479980469,41.019344329833984,50.0,253.00857543945312,22.916706085205078
2019-05-14,14.020000457763672,59.33000183105469,9.0573148727417,41.01304244995117,50.939998626708984,255.29666137695312,23.19702911376953
2019-05-15,14.579999923706055,59.86000061035156,9.07559585571289,41.0046272277832,52.380001068115234,256.7919616699219,23.317161560058594
2019-05-16,14.819999694824219,60.66999816894531,9.148710250854492,41.47809600830078,55.29999923706055,259.17022705078125,23.444578170776367
2019-05-17,14.649999618530273,58.380001068115234,9.029897689819336,41.87160110473633,55.59000015258789,257.4946594238281,23.207944869995117
2019-05-20,14.3100004196167,57.77000045776367,9.002479553222656,41.9494743347168,54.70000076293945,255.79217529296875,23.2188663482666
2019-05-21,14.880000114440918,58.939998626708984,9.121292114257812,41.85477066040039,54.79999923706055,258.09820556640625,23.48826026916504
2019-05-22,15.220000267028809,59.060001373291016,9.176131248474121,42.49237060546875,54.959999084472656,257.3054504394531,23.12421417236328
2019-05-23,14.680000305175781,57.33000183105469,9.002479553222656,42.82905960083008,53.470001220703125,254.16159057617188,22.34879493713379
2019-05-24,15.359999656677246,57.310001373291016,9.048175811767578,42.79539108276367,53.61000061035156,254.73805236816406,22.43252944946289
2019-05-28,15.8100004196167,58.349998474121094,9.176131248474121,42.33244705200195,55.380001068115234,252.36892700195312,22.199541091918945
2019-05-29,16.290000915527344,57.86000061035156,9.103013038635254,41.816890716552734,53.790000915527344,250.67527770996094,22.05756187438965
2019-05-30,15.770000457763672,59.63999938964844,9.176131248474121,41.863182067871094,54.630001068115234,251.3599853515625,21.777244567871094
2019-05-31,15.170000076293945,58.040000915527344,9.130430221557617,41.97330856323242,53.58000183105469,247.9728546142578,21.395000457763672
2019-06-03,15.710000038146973,58.75,9.276665687561035,42.26342010498047,53.2599983215332,247.34234619140625,21.668027877807617
2019-06-04,15.970000267028809,60.869998931884766,9.386341094970703,42.22105026245117,54.650001525878906,252.71116638183594,22.042997360229492
2019-06-05,15.920000076293945,60.93000030517578,9.368062019348145,43.337039947509766,55.15999984741211,254.90029907226562,21.799089431762695
2019-06-06,15.680000305175781,61.41999816894531,9.34978199005127,43.57210159301758,56.0099983215332,256.55780029296875,22.203182220458984
2019-06-07,16.360000610351562,62.529998779296875,9.51429557800293,43.281986236572266,56.31999969482422,259.1250915527344,22.305110931396484
2019-06-10,16.190000534057617,63.15999984741211,9.51429557800293,43.076568603515625,56.83000183105469,260.3142395019531,22.370641708374023
2019-06-11,17.06999969482422,64.25,9.550853729248047,42.7695198059082,57.0,260.251220703125,22.414325714111328
2019-06-12,17.079999923706055,59.880001068115234,9.496015548706055,43.31587219238281,54.81999969482422,259.79180908203125,22.09760093688965
2019-06-13,17.510000228881836,62.150001525878906,9.596550941467285,43.36245346069336,57.880001068115234,260.86376953125,22.3560791015625
2019-06-14,17.329999923706055,61.2400016784668,9.523432731628418,43.826210021972656,56.4900016784668,260.5754699707031,22.210460662841797
2019-06-17,17.75,60.939998626708984,9.47554874420166,43.70127487182617,56.59000015258789,260.67462158203125,22.396127700805664
2019-06-18,18.799999237060547,62.869998931884766,9.641302108764648,43.500099182128906,58.560001373291016,263.40411376953125,22.7055606842041
2019-06-19,18.6299991607666,62.779998779296875,9.668928146362305,43.67374038696289,59.20000076293945,263.99859619140625,22.680078506469727
2019-06-20,18.399999618530273,63.040000915527344,9.807055473327637,43.703392028808594,59.68000030517578,266.52105712890625,23.182464599609375
2019-06-21,17.639999389648438,62.90999984741211,9.770222663879395,43.951141357421875,59.400001525878906,266.1336364746094,23.349985122680664
2019-06-24,17.489999771118164,62.68000030517578,9.770222663879395,44.08879852294922,60.540000915527344,265.8077087402344,23.140583038330078
2019-06-25,16.290000915527344,61.7599983215332,9.668928146362305,43.66950607299805,59.220001220703125,263.2006530761719,22.956899642944336
2019-06-26,16.790000915527344,62.56999969482422,9.687345504760742,43.00246047973633,59.619998931884766,262.93817138671875,23.309574127197266
2019-06-27,17.920000076293945,65.47000122070312,9.770222663879395,43.31587219238281,61.060001373291016,263.87054443359375,23.13690948486328
2019-06-28,18.229999542236328,65.68000030517578,9.797847747802734,43.38151168823242,62.459999084472656,265.228271484375,23.405088424682617
2019-07-01,18.299999237060547,66.12999725341797,9.871516227722168,43.20363998413086,62.29999923706055,267.63623046875,23.427133560180664
2019-07-02,18.559999465942383,66.6500015258789,9.899142265319824,43.97444534301758,62.84000015258789,268.333251953125,23.052417755126953
2019-07-03,18.969999313354492,66.19000244140625,9.991227149963379,44.20103073120117,62.29999923706055,270.47857666015625,23.144258499145508
2019-07-05,19.639999389648438,66.83999633789062,9.991227149963379,44.069732666015625,63.150001525878906,270.1707763671875,23.177324295043945
2019-07-08,19.969999313354492,66.63999938964844,9.98201847076416,44.28573989868164,62.529998779296875,268.6863098144531,23.210384368896484
2019-07-09,20.420000076293945,67.11000061035156,9.98201847076416,44.08032989501953,62.27000045776367,269.0212097167969,23.2287540435791
2019-07-10,19.889999389648438,66.26000213623047,9.991227149963379,44.3598518371582,62.290000915527344,270.3066101074219,23.526321411132812
2019-07-11,19.479999542236328,66.11000061035156,9.972808837890625,44.55467224121094,60.7599983215332,270.94036865234375,23.57407569885254
2019-07-12,19.670000076293945,65.9800033569336,9.926767349243164,44.20103073120117,62.119998931884766,272.1533508300781,23.673269271850586
2019-07-15,19.65999984741211,66.0,9.899142265319824,44.2264404296875,61.83000183105469,272.24383544921875,23.460193634033203
2019-07-16,20.350000381469727,64.48999786376953,9.889930725097656,44.02103805541992,61.400001525878906,271.36572265625,23.210384368896484
2019-07-17,20.190000534057617,64.80999755859375,9.926767349243164,44.45090103149414,62.36000061035156,269.5190734863281,22.94587516784668
2019-07-18,20.65999984741211,65.95999908447266,9.991227149963379,44.969730377197266,62.63999938964844,270.5057373046875,22.949552536010742
2019-07-19,20.809999465942383,66.52999877929688,9.954391479492188,44.41279220581055,63.369998931884766,269.00311279296875,23.056087493896484
2019-07-22,21.260000228881836,66.58999633789062,9.98201847076416,44.33443832397461,63.060001373291016,269.6638488769531,23.162628173828125
2019-07-23,19.649999618530273,66.4000015258789,9.908348083496094,43.89820861816406,62.45000076293945,271.592041015625,23.225080490112305
2019-07-24,20.020000457763672,66.04000091552734,9.926767349243164,44.4826774597168,62.5,272.8684387207031,23.324270248413086
2019-07-25,19.799999237060547,65.56999969482422,9.871516227722168,43.96809387207031,63.08000183105469,271.56488037109375,23.05976676940918
2019-07-26,20.799999237060547,65.0199966430664,9.889930725097656,44.29420852661133,63.2599983215332,273.3843994140625,22.94220542907715
2019-07-29,21.200000762939453,66.05000305175781,9.899142265319824,44.762203216552734,64.33000183105469,272.8865051269531,22.850357055664062
2019-07-30,21.649999618530273,66.04000091552734,9.788639068603516,44.340797424316406,63.400001525878906,272.2166442871094,23.107521057128906
2019-07-31,28.149999618530273,64.48999786376953,9.88072395324707,43.870689392089844,65.2300033569336,269.2384948730469,23.03404426574707
2019-08-01,30.100000381469727,66.83000183105469,9.899142265319824,44.525020599365234,66.48999786376953,266.8939514160156,22.51238441467285
2019-08-02,29.1200008392334,66.62999725341797,9.917558670043945,44.768558502197266,64.9800033569336,264.8843688964844,22.189098358154297
2019-08-05,27.450000762939453,62.0099983215332,9.558426856994629,44.05703353881836,62.90999984741211,256.9185485839844,21.527835845947266
2019-08-06,28.719999313354492,62.79999923706055,9.687345504760742,44.76643371582031,64.18000030517578,260.521240234375,21.50211524963379
2019-08-07,30.790000915527344,63.869998931884766,9.935975074768066,45.077720642089844,80.30000305175781,260.6751403808594,21.340478897094727
2019-08-08,31.579999923706055,64.76000213623047,10.120144844055176,45.57535934448242,80.81999969482422,265.7896728515625,21.953983306884766
2019-08-09,31.850000381469727,63.5,10.074103355407715,45.84218215942383,82.33000183105469,263.9791259765625,21.711517333984375
2019-08-12,30.899999618530273,60.939998626708984,9.991227149963379,45.62407302856445,86.62999725341797,260.7655944824219,21.454357147216797
2019-08-13,32.16999816894531,62.189998626708984,10.092519760131836,45.66007995605469,87.77999877929688,264.8210144042969,21.652740478515625
2019-08-14,30.219999313354492,58.9900016784668,9.834683418273926,45.52030944824219,84.69000244140625,256.99090576171875,20.804113388061523
2019-08-15,29.780000686645508,59.2599983215332,9.779430389404297,45.984066009521484,82.08000183105469,257.6698303222656,20.675533294677734
2019-08-16,32.029998779296875,61.689998626708984,9.926767349243164,46.064537048339844,83.80000305175781,261.4717102050781,20.947385787963867
2019-08-19,33.400001525878906,63.06999969482422,10.046477317810059,46.36735916137695,84.12000274658203,264.62188720703125,21.410274505615234
2019-08-20,33.880001068115234,63.08000183105469,10.046477317810059,46.40336227416992,84.70999908447266,262.59429931640625,21.230266571044922
2019-08-21,34.83000183105469,63.869998931884766,10.193811416625977,46.854408264160156,87.8499984741211,264.73052978515625,21.36618995666504
2019-08-22,33.75,63.04999923706055,10.08331298828125,46.930641174316406,82.04000091552734,264.6489562988281,21.270679473876953
2019-08-23,33.400001525878906,60.88999938964844,9.843887329101562,46.989933013916016,80.9000015258789,257.8508605957031,20.557979583740234
2019-08-26,34.619998931884766,62.2400016784668,10.03726577758789,47.354164123535156,82.37999725341797,260.7023010253906,20.64615249633789
2019-08-27,33.04999923706055,61.86000061035156,9.96359920501709,47.43674850463867,81.83999633789062,259.67938232421875,20.517568588256836
2019-08-28,33.27000045776367,62.04999923706055,9.972808837890625,47.10240936279297,82.63999938964844,261.5079040527344,20.811466217041016
2019-08-29,31.149999618530273,62.4900016784668,10.03726577758789,47.0875129699707,83.36000061035156,264.8482360839844,21.11638069152832
2019-08-30,29.670000076293945,62.06999969482422,10.0096435546875,46.65309143066406,81.91999816894531,264.73052978515625,21.11638069152832
2019-09-03,27.700000762939453,60.970001220703125,10.074103355407715,48.033016204833984,77.54000091552734,263.1825866699219,21.013521194458008
2019-09-04,27.860000610351562,62.459999084472656,10.221442222595215,47.72636413574219,82.88999938964844,266.1698303222656,21.307411193847656
2019-09-05,25.290000915527344,62.83000183105469,10.221442222595215,46.80855178833008,78.5999984741211,269.5914611816406,21.57192039489746
2019-09-06,25.399999618530273,62.810001373291016,10.129354476928711,46.878822326660156,77.26000213623047,269.7996826171875,21.68580436706543
2019-09-09,23.799999237060547,62.0,10.101726531982422,46.82558822631836,74.16000366210938,269.9355163574219,22.119300842285156
2019-09-10,23.280000686645508,62.380001068115234,10.03726577758789,46.44865798950195,75.12000274658203,269.8721923828125,22.380125045776367
2019-09-11,24.719999313354492,63.310001373291016,10.175395965576172,46.86178970336914,79.43000030517578,271.7911682128906,22.40216827392578
2019-09-12,22.200000762939453,62.22999954223633,10.129354476928711,47.006591796875,71.63999938964844,272.7325744628906,22.262569427490234
2019-09-13,22.079999923706055,63.70000076293945,10.147769927978516,46.5274543762207,76.12000274658203,272.5516052246094,22.438913345336914
2019-09-16,23.260000228881836,63.439998626708984,10.203021049499512,46.4891242980957,79.30999755859375,271.7097473144531,23.192012786865234
2019-09-17,25.06999969482422,65.81999969482422,10.31352424621582,47.32175827026367,83.05999755859375,272.3976745605469,22.868732452392578
2019-09-18,25.200000762939453,65.75,10.31352424621582,47.67951202392578,83.04000091552734,272.5606689453125,22.758516311645508
2019-09-19,27.1200008392334,67.06999969482422,10.488485336303711,47.89246368408203,89.41999816894531,272.5424499511719,22.699743270874023
2019-09-20,27.469999313354492,66.69999694824219,10.47927474975586,48.067100524902344,89.41000366210938,271.2547912597656,22.718278884887695
2019-09-23,27.229999542236328,67.30999755859375,10.442442893981934,47.97339630126953,89.87000274658203,271.19110107421875,22.725688934326172
2019-09-24,25.020000457763672,65.4800033569336,10.341148376464844,48.66122055053711,86.76000213623047,269.0632019042969,22.366086959838867
2019-09-25,25.059999465942383,67.0999984741211,10.285897254943848,48.844356536865234,88.30000305175781,270.6546325683594,22.403154373168945
2019-09-26,23.190000534057617,62.540000915527344,10.193811416625977,49.34477996826172,85.3499984741211,270.0908508300781,22.11028480529785
2019-09-27,22.260000228881836,58.459999084472656,9.972808837890625,49.24681854248047,82.08000183105469,268.6357116699219,22.1065731048584
2019-09-30,22.229999542236328,58.0099983215332,10.03726577758789,49.61521911621094,83.72000122070312,269.8816223144531,21.947162628173828
2019-10-01,21.709999084472656,56.279998779296875,10.000433921813965,49.41079330444336,83.1500015258789,266.67144775390625,21.439266204833984
2019-10-02,21.899999618530273,55.90999984741211,9.834683418273926,48.78898620605469,81.12000274658203,261.9607849121094,20.912824630737305
2019-10-03,22.420000076293945,57.16999816894531,9.945183753967285,49.01471710205078,81.0,264.10699462890625,21.13896942138672
2019-10-04,23.450000762939453,59.31999969482422,10.175395965576172,49.743003845214844,85.5,267.6808166503906,21.27243423461914
2019-10-07,23.75,56.959999084472656,10.120144844055176,49.52153015136719,85.51000213623047,266.5259094238281,21.08336067199707
2019-10-08,24.25,56.959999084472656,10.03726577758789,48.972129821777344,87.22000122070312,262.38812255859375,20.7237548828125
2019-10-09,24.219999313354492,56.20000076293945,10.110936164855957,49.69401931762695,85.55000305175781,264.8799133300781,20.912824630737305
2019-10-10,24.530000686645508,56.630001068115234,10.120144844055176,49.4044189453125,88.38999938964844,266.67144775390625,21.176048278808594
2019-10-11,24.280000686645508,56.81999969482422,10.16618824005127,48.880550384521484,88.94999694824219,269.43597412109375,21.461502075195312
2019-10-14,24.75,56.4900016784668,10.129354476928711,48.74425506591797,89.1050033569336,269.13592529296875,21.45038414001465
2019-10-15,24.139999389648438,55.880001068115234,10.018852233886719,48.454654693603516,84.80000305175781,271.80047607421875,21.539358139038086
2019-10-16,24.170000076293945,55.0099983215332,9.972808837890625,48.9593391418457,83.87999725341797,271.364013671875,21.23906707763672
2019-10-17,25.100000381469727,55.25,10.03726577758789,49.210628509521484,83.62000274658203,272.16412353515625,21.253894805908203
2019-10-18,24.75,55.220001220703125,10.08331298828125,49.506629943847656,85.16999816894531,270.9728698730469,21.14267921447754
2019-10-21,25.889999389648438,56.34000015258789,10.203021049499512,49.574771881103516,87.2699966430664,272.80987548828125,21.52081871032715
2019-10-22,23.709999084472656,56.220001220703125,10.055685997009277,50.30732345581055,86.80999755859375,271.918701171875,21.798870086669922
2019-10-23,23.399999618530273,55.279998779296875,10.028059959411621,50.25621795654297,91.5,272.7099304199219,21.98052978515625
2019-10-24,23.209999084472656,55.88999938964844,10.03726577758789,50.58628845214844,93.5,273.15545654296875,21.88784408569336
2019-10-25,24.549999237060547,52.65999984741211,9.972808837890625,50.443603515625,93.19999694824219,274.2740478515625,22.065793991088867
2019-10-28,25.440000534057617,53.2400016784668,10.018852233886719,49.66633605957031,93.31999969482422,275.8200378417969,21.939741134643555
2019-10-29,25.190000534057617,53.290000915527344,9.991227149963379,49.53218078613281,92.08000183105469,275.73809814453125,22.028717041015625
2019-10-30,18.760000228881836,51.849998474121094,9.816264152526855,50.1412239074707,84.81999969482422,276.58380126953125,21.58013916015625
2019-10-31,19.43000030517578,51.790000915527344,9.816264152526855,50.754520416259766,84.95999908447266,275.84722900390625,21.487457275390625
2019-11-01,18.829999923706055,52.58000183105469,9.853097915649414,50.1944580078125,83.19000244140625,278.4027099609375,21.976821899414062
2019-11-04,17.950000762939453,53.060001373291016,9.797847747802734,48.89332962036133,79.5999984741211,279.5212097167969,22.692325592041016
2019-11-05,18.59000015258789,53.869998931884766,9.788639068603516,48.36308288574219,83.2699966430664,279.21209716796875,22.721986770629883
2019-11-06,18.200000762939453,53.36000061035156,9.733386993408203,48.444007873535156,79.91000366210938,279.2757263183594,22.25857162475586
2019-11-07,18.0,52.630001068115234,9.714973449707031,47.507015228271484,79.9000015258789,280.25787353515625,22.59223175048828
2019-11-08,18.440000534057617,51.970001220703125,9.751805305480957,47.29195022583008,77.94999694824219,280.9490051269531,22.499547958374023
2019-11-11,18.739999771118164,52.47999954223633,9.853097915649414,47.32175827026367,81.06999969482422,280.41241455078125,22.373498916625977
2019-11-12,19.1200008392334,52.970001220703125,9.770222663879395,47.53471374511719,80.75,281.00360107421875,22.25857162475586
2019-11-13,18.93000030517578,53.09000015258789,9.761013984680176,48.533451080322266,77.27999877929688,281.094482421875,22.162187576293945
2019-11-14,18.989999771118164,52.540000915527344,9.843887329101562,48.95082092285156,78.23999786376953,281.50372314453125,22.10286521911621
2019-11-15,19.31999969482422,53.36000061035156,9.899142265319824,49.28089904785156,78.95999908447266,283.5408020019531,22.273406982421875
2019-11-18,18.610000610351562,53.150001525878906,9.825472831726074,49.43848419189453,76.79000091552734,283.7498779296875,22.00277328491211
2019-11-19,19.190000534057617,54.59000015258789,9.843887329101562,49.544952392578125,79.0199966430664,283.6681823730469,21.676525115966797
2019-11-20,18.1200008392334,54.31999969482422,9.751805305480957,50.090110778808594,78.30999755859375,282.6131591796875,21.895259857177734
2019-11-21,18.81999969482422,53.86000061035156,9.770222663879395,50.07307052612305,76.9800033569336,282.158447265625,22.254863739013672
2019-11-22,19.3700008392334,54.380001068115234,9.761013984680176,49.69828796386719,76.37000274658203,282.7860107421875,22.18071937561035
2019-11-25,21.149999618530273,54.959999084472656,9.945183753967285,49.52366638183594,80.16000366210938,284.9776306152344,22.202964782714844
2019-11-26,21.510000228881836,55.09000015258789,9.98201847076416,50.02622985839844,78.91000366210938,285.6232604980469,21.99906349182129
2019-11-27,23.040000915527344,55.619998931884766,10.110936164855957,49.89777755737305,82.38999938964844,286.89642333984375,22.054672241210938
2019-11-29,21.8700008392334,55.2400016784668,10.138562202453613,50.058345794677734,81.61000061035156,285.83245849609375,21.83223533630371
2019-12-02,22.06999969482422,54.720001220703125,10.138562202453613,49.50813674926758,81.72000122070312,283.40435791015625,21.83223533630371
2019-12-03,23.739999771118164,54.349998474121094,10.21222972869873,49.71792984008789,88.04000091552734,281.50372314453125,21.505996704101562
2019-12-04,24.270000457763672,54.790000915527344,10.276689529418945,50.15253448486328,86.54000091552734,283.2406311035156,21.828527450561523
2019-12-05,23.3700008392334,52.29999923706055,10.239853858947754,50.216758728027344,82.88999938964844,283.7498779296875,21.72472381591797
2019-12-06,24.110000610351562,53.369998931884766,10.331940650939941,50.18036651611328,83.93000030517578,286.3417053222656,22.139944076538086
2019-12-09,24.040000915527344,52.439998626708984,10.285897254943848,50.15468215942383,82.83999633789062,285.44140625,22.113990783691406
2019-12-10,24.020000457763672,52.470001220703125,10.21222972869873,50.19321823120117,81.4800033569336,285.12310791015625,22.15847396850586
2019-12-11,24.209999084472656,53.869998931884766,10.359565734863281,50.47794723510742,83.51000213623047,285.9324645996094,22.121402740478516
2019-12-12,23.68000030517578,55.040000915527344,10.433235168457031,50.075462341308594,87.30000305175781,288.3969421386719,22.52920913696289
2019-12-13,24.6200008392334,54.97999954223633,10.47927474975586,50.72843933105469,90.16999816894531,288.5697326660156,22.358665466308594
2019-12-16,25.760000228881836,56.529998779296875,10.694464683532715,51.26793670654297,92.79000091552734,290.55218505859375,22.658958435058594
2019-12-17,25.850000381469727,56.29999923706055,10.740839958190918,51.34286880493164,91.44000244140625,290.6159362792969,22.673786163330078
2019-12-18,25.739999771118164,56.4900016784668,10.722289085388184,51.44349670410156,91.86000061035156,290.6340637207031,22.759061813354492
2019-12-19,25.959999084472656,57.06999969482422,10.740839958190918,51.52055740356445,93.77999877929688,291.8253173828125,22.75164031982422
2019-12-20,25.940000534057617,57.310001373291016,10.787217140197754,51.96159362792969,95.0,293.1048889160156,22.96988296508789
2019-12-23,26.809999465942383,57.86000061035156,10.861420631408691,51.12022399902344,94.18000030517578,293.5526428222656,23.205724716186523
2019-12-24,27.020000457763672,57.97999954223633,10.889245986938477,51.49058532714844,95.19999694824219,293.5617370605469,23.19449806213379
2019-12-26,27.34000015258789,58.65999984741211,10.954174041748047,51.801029205322266,95.55999755859375,295.12445068359375,23.18700408935547
2019-12-27,26.760000228881836,56.40999984741211,10.917073249816895,51.918758392333984,94.26000213623047,295.05126953125,23.089679718017578
2019-12-30,25.3700008392334,56.2599983215332,10.861420631408691,51.65757751464844,94.0,293.42462158203125,23.01681137084961
2019-12-31,26.1299991607666,55.959999084472656,10.898520469665527,51.843841552734375,95.08999633789062,294.1374816894531,23.147891998291016
2020-01-02,29.34000015258789,57.2400016784668,11.065478324890137,51.085968017578125,101.80999755859375,296.88818359375,23.3560848236084
2020-01-03,29.290000915527344,57.02000045776367,11.00982666015625,51.44992446899414,102.37999725341797,294.64007568359375,23.286685943603516
2020-01-06,29.65999984741211,55.83000183105469,10.981998443603516,51.70683288574219,99.62999725341797,295.76409912109375,23.467891693115234
2020-01-07,29.989999771118164,56.66999816894531,10.954174041748047,51.661869049072266,101.79000091552734,294.93243408203125,23.406204223632812
2020-01-08,31.0,56.70000076293945,11.046927452087402,51.638309478759766,104.16000366210938,296.50433349609375,23.020662307739258
2020-01-09,31.59000015258789,56.70000076293945,11.065478324890137,52.04294967651367,102.73999786376953,298.5148620605469,23.1903018951416
2020-01-10,30.670000076293945,56.5,11.084029197692871,52.14142608642578,104.5199966430664,297.65582275390625,23.059215545654297
2020-01-13,30.790000915527344,57.439998626708984,11.250984191894531,52.7515754699707,103.08000183105469,299.7028503417969,23.066930770874023
2020-01-14,30.200000762939453,58.779998779296875,11.343737602233887,53.03631591796875,104.0199966430664,299.24591064453125,23.070781707763672
2020-01-15,30.15999984741211,54.75,11.362289428710938,53.86056137084961,103.61000061035156,299.9222106933594,22.901147842407227
2020-01-16,30.829999923706055,53.93000030517578,11.45504093170166,54.00828170776367,102.69999694824219,302.4170837402344,22.9397029876709
2020-01-17,31.5,53.52000045776367,11.584896087646484,54.25019836425781,104.75,303.3583679199219,22.793193817138672
2020-01-21,31.260000228881836,51.54999923706055,11.529242515563965,54.99738693237305,107.52999877929688,302.7642822265625,22.384523391723633
2020-01-22,31.6200008392334,50.560001373291016,11.492143630981445,55.64179229736328,108.45999908447266,302.8008728027344,22.168622970581055
2020-01-23,32.06999969482422,52.02000045776367,11.519968032836914,55.680320739746094,108.7300033569336,303.14813232421875,22.083799362182617
2020-01-24,32.70000076293945,51.939998626708984,11.529242515563965,56.4596061706543,110.12999725341797,300.4522399902344,21.829343795776367
2020-01-27,29.950000762939453,50.4900016784668,11.260260581970215,57.10615921020508,96.25,295.6361389160156,21.224042892456055
2020-01-28,32.2400016784668,51.11000061035156,11.482868194580078,56.90705490112305,103.36000061035156,298.7342224121094,21.320430755615234
2020-01-29,32.560001373291016,50.900001525878906,11.538519859313965,56.89634704589844,102.70999908447266,298.48748779296875,21.09681510925293
2020-01-30,33.4900016784668,50.720001220703125,11.41794204711914,57.78910827636719,103.22000122070312,299.4561767578125,21.26645278930664
2020-01-31,31.520000457763672,49.58000183105469,11.241707801818848,57.41872787475586,97.86000061035156,294.01873779296875,20.603321075439453
2020-02-03,32.91999816894531,50.2400016784668,11.390115737915039,57.12113952636719,100.9800033569336,296.20269775390625,20.33344078063965
2020-02-04,36.900001525878906,52.66999816894531,11.779679298400879,56.63515853881836,107.80999755859375,300.71728515625,20.406694412231445
2020-02-05,36.90999984741211,53.099998474121094,11.928083419799805,57.099735260009766,104.47000122070312,304.1900329589844,21.173919677734375
2020-02-06,38.38999938964844,52.650001525878906,11.965185165405273,57.44656753540039,103.94000244140625,305.2135925292969,20.958017349243164
2020-02-07,38.04999923706055,52.459999084472656,11.83533000946045,57.70560073852539,100.62000274658203,303.5867919921875,20.811513900756836
2020-02-10,38.61000061035156,52.75,11.872432708740234,58.176605224609375,102.5999984741211,305.8531494140625,20.707416534423828
2020-02-11,39.65999984741211,53.529998779296875,12.178518295288086,58.264373779296875,106.02999877929688,306.3833312988281,20.938743591308594
2020-02-12,41.5,56.119998931884766,12.447502136230469,57.859745025634766,111.86000061035156,308.35723876953125,21.22018814086914
2020-02-13,41.34000015258789,54.61000061035156,12.382575988769531,58.975154876708984,111.16000366210938,308.0282897949219,21.15464210510254
2020-02-14,41.09000015258789,55.2599983215332,12.373302459716797,59.62812423706055,111.20999908447266,308.5217590332031,21.04283332824707
2020-02-18,40.16999816894531,55.650001525878906,12.419677734375,60.381710052490234,108.37999725341797,307.7266845703125,20.869346618652344
2020-02-19,57.220001220703125,57.369998931884766,13.115328788757324,58.80389404296875,127.81999969482422,309.19793701171875,21.146934509277344
2020-02-20,58.7400016784668,59.31999969482422,13.208080291748047,59.30912780761719,142.1999969482422,307.9277648925781,21.12380599975586
2020-02-21,59.09000015258789,50.59000015258789,13.087502479553223,59.429019927978516,142.07000732421875,304.7566223144531,20.873199462890625
2020-02-24,55.2599983215332,51.209999084472656,12.623734474182129,58.6475944519043,135.6300048828125,294.649169921875,19.909343719482422
2020-02-25,50.900001525878906,48.56999969482422,12.280546188354492,57.87474060058594,133.0,285.72076416015625,19.03031349182129
2020-02-26,51.869998931884766,46.11000061035156,12.113592147827148,57.69062423706055,132.41000366210938,284.6697692871094,18.455856323242188
2020-02-27,48.7599983215332,44.25,11.649824142456055,55.06078338623047,125.94999694824219,271.8847351074219,17.4688720703125
2020-02-28,48.970001220703125,45.77000045776367,11.649824142456055,54.39579772949219,124.72000122070312,270.7424011230469,17.453447341918945
2020-03-02,51.400001525878906,44.95000076293945,11.770402908325195,57.750877380371094,128.6999969482422,282.46734619140625,18.158992767333984
2020-03-03,52.369998931884766,44.209999084472656,11.86315631866455,57.06221008300781,128.66000366210938,274.3796081542969,17.603811264038086
2020-03-04,53.470001220703125,45.47999954223633,12.317647933959961,60.73580551147461,135.7100067138672,285.91259765625,18.02019691467285
2020-03-05,56.689998626708984,45.470001220703125,12.187792778015137,59.43165969848633,137.5399932861328,276.4083251953125,17.360918045043945
2020-03-06,53.04999923706055,43.369998931884766,11.816779136657715,58.49764633178711,133.33999633789062,271.8390808105469,16.385499954223633
2020-03-09,43.380001068115234,39.150001525878906,10.48112964630127,56.22935485839844,111.66000366210938,250.60987854003906,13.0852689743042
2020-03-10,45.59000015258789,41.08000183105469,10.722289085388184,55.03496170043945,116.91999816894531,263.5776672363281,13.705989837646484
2020-03-11,41.72999954223633,37.22999954223633,10.063742637634277,51.92091369628906,106.11000061035156,250.7286834716797,12.981172561645508
2020-03-12,33.02000045776367,36.560001373291016,8.774470329284668,44.95465087890625,90.72000122070312,226.7397003173828,11.361899375915527
2020-03-13,32.86000061035156,35.959999084472656,9.238236427307129,47.68132019042969,91.11000061035156,246.122802734375,12.410569190979004
2020-03-16,27.450000762939453,31.540000915527344,8.143745422363281,43.33628845214844,81.19000244140625,219.19114685058594,10.721899032592773
2020-03-17,29.280000686645508,32.2599983215332,8.783745765686035,47.72437286376953,84.70999908447266,231.02572631835938,10.795154571533203
2020-03-18,23.989999771118164,30.200000762939453,7.884038925170898,45.33126449584961,76.7300033569336,219.3282470703125,9.245278358459473
2020-03-19,26.25,33.459999084472656,8.06954288482666,44.56942367553711,76.80999755859375,219.79432678222656,9.873710632324219
2020-03-20,26.0,33.689998626708984,8.06026840209961,41.26599884033203,69.61000061035156,210.32247924804688,9.97009563446045
2020-03-23,27.510000228881836,33.06999969482422,7.726356029510498,39.09455108642578,69.4800033569336,204.94485473632812,9.290548324584961
2020-03-24,34.34000015258789,33.709999084472656,8.607512474060059,44.4467658996582,85.30999755859375,223.51358032226562,10.780508041381836
2020-03-25,36.810001373291016,34.790000915527344,9.0341796875,45.25162887573242,89.9000015258789,226.85960388183594,11.288983345031738
2020-03-26,36.130001068115234,37.619998931884766,9.368090629577637,49.734405517578125,90.44999694824219,240.10581970214844,11.978775978088379
2020-03-27,32.380001068115234,35.630001068115234,8.802294731140137,49.91732406616211,82.37000274658203,232.9541778564453,11.166789054870605
2020-03-30,32.0,36.060001373291016,8.876498222351074,52.943145751953125,81.63999938964844,240.51951599121094,11.281097412109375
2020-03-31,32.290000915527344,36.060001373291016,8.85794734954834,51.783180236816406,81.87999725341797,236.9344940185547,11.454532623291016
2020-04-01,29.770000457763672,33.439998626708984,8.52403450012207,46.96468734741211,78.81999969482422,226.27130126953125,10.886931419372559
2020-04-02,29.920000076293945,35.310001373291016,8.598237991333008,48.73368835449219,76.97000122070312,231.49253845214844,11.884177207946777
2020-04-03,28.690000534057617,34.380001068115234,8.53331184387207,47.698543548583984,74.4800033569336,228.14654541015625,11.75804328918457
2020-04-06,34.04999923706055,36.75,9.108381271362305,50.46826171875,85.1500015258789,243.47035217285156,12.380828857421875
2020-04-07,35.040000915527344,37.349998474121094,9.284612655639648,49.1727180480957,88.80000305175781,243.71849060058594,12.644922256469727
2020-04-08,37.93000030517578,38.900001525878906,9.553597450256348,50.25090408325195,93.06999969482422,251.89968872070312,13.48844051361084
2020-04-09,38.060001373291016,40.45000076293945,9.74837875366211,52.78604507446289,96.63999938964844,255.7330322265625,13.366249084472656
2020-04-13,37.779998779296875,40.61000061035156,9.674178123474121,50.83411407470703,92.20999908447266,253.3981170654297,13.322892189025879
2020-04-14,41.400001525878906,42.119998931884766,9.831856727600098,52.16195297241211,98.68000030517578,260.8714904785156,13.2598237991333
2020-04-15,39.61000061035156,40.93000030517578,9.516496658325195,51.051475524902344,92.01000213623047,255.32852172851562,12.637039184570312
2020-04-16,38.790000915527344,40.150001525878906,9.497944831848145,51.107425689697266,94.98999786376953,256.5602722167969,12.097027778625488
2020-04-17,38.959999084472656,42.20000076293945,9.757654190063477,52.99694061279297,97.0999984741211,263.4913635253906,13.3820161819458
2020-04-20,39.0099983215332,41.0,9.627799987792969,51.135406494140625,93.66000366210938,258.8491516113281,12.964197158813477
2020-04-21,35.5099983215332,39.18000030517578,9.293888092041016,50.664100646972656,86.69000244140625,250.98971557617188,12.73558235168457
2020-04-22,38.2400016784668,40.22999954223633,9.525772094726562,53.19278335571289,95.51000213623047,256.5602722167969,13.188871383666992
2020-04-23,39.47999954223633,42.290000915527344,9.562870979309082,51.895084381103516,100.69999694824219,256.5418395996094,13.61457347869873
2020-04-24,37.72999954223633,40.84000015258789,9.451567649841309,51.58518600463867,100.7300033569336,260.1177673339844,13.646109580993652
2020-04-27,37.209999084472656,43.2599983215332,9.655625343322754,52.42448806762695,104.69000244140625,263.8683166503906,13.941736221313477
2020-04-28,43.0,41.77000045776367,9.850408554077148,51.499107360839844,109.79000091552734,262.65484619140625,14.26101303100586
2020-04-29,48.9900016784668,45.54999923706055,10.258522987365723,50.6016960144043,122.41999816894531,269.53076171875,15.31738567352295
2020-04-30,46.83000183105469,44.0099983215332,9.980260848999023,49.73870849609375,111.58999633789062,267.0212707519531,14.978399276733398
2020-05-01,43.25,41.97999954223633,9.637075424194336,48.86281204223633,104.95999908447266,259.9522705078125,14.130936622619629
2020-05-04,43.97999954223633,43.400001525878906,9.692728042602539,49.51704788208008,107.13999938964844,260.66925048828125,14.61970329284668
2020-05-05,44.369998931884766,43.099998474121094,9.785481452941895,49.51919174194336,107.86000061035156,263.07769775390625,14.631526947021484
2020-05-06,52.68000030517578,43.119998931884766,9.887510299682617,47.91805648803711,125.75,261.2944030761719,14.249185562133789
2020-05-07,54.4900016784668,44.65999984741211,9.998814582824707,48.30973434448242,109.73999786376953,264.4474182128906,14.61970329284668
2020-05-08,57.279998779296875,44.15999984741211,10.323452949523926,49.439571380615234,118.31999969482422,268.822998046875,15.285852432250977
2020-05-11,59.58000183105469,42.869998931884766,10.36982536315918,48.933837890625,122.94000244140625,268.87811279296875,15.017812728881836
2020-05-12,59.27000045776367,40.349998474121094,10.286348342895508,49.05219650268555,121.0,263.5190124511719,14.753724098205566
2020-05-13,57.470001220703125,39.43000030517578,9.998814582824707,49.52350616455078,117.7300033569336,258.8583679199219,14.083633422851562
2020-05-14,56.97999954223633,39.790000915527344,10.073015213012695,49.97758483886719,119.4800033569336,261.9561767578125,14.241305351257324
2020-05-15,58.380001068115234,39.369998931884766,10.008088111877441,49.03498458862305,120.44000244140625,263.1603698730469,14.186118125915527
2020-05-18,64.41999816894531,42.369998931884766,10.573882102966309,50.670555114746094,128.0,271.1761779785156,15.34497356414795
2020-05-19,67.04000091552734,43.22999954223633,10.527508735656738,49.60527801513672,134.86000061035156,268.3909912109375,14.915329933166504
2020-05-20,64.16999816894531,43.939998626708984,10.70373821258545,50.098106384277344,137.25,272.95037841796875,15.510528564453125
2020-05-21,59.93000030517578,43.7599983215332,10.638812065124512,49.26093673706055,136.50999450683594,271.0658874511719,15.262199401855469
2020-05-22,56.41999816894531,43.470001220703125,10.508956909179688,50.32622146606445,130.38999938964844,271.5806884765625,15.16759967803955
2020-05-26,58.43000030517578,46.560001373291016,10.898520469665527,50.42521286010742,136.5399932861328,274.9266662597656,15.589356422424316
2020-05-27,57.86000061035156,46.61000061035156,10.991273880004883,51.8929328918457,137.24000549316406,279.01739501953125,15.790385246276855
2020-05-28,55.79999923706055,45.52000045776367,10.852145195007324,54.09450149536133,135.2899932861328,278.5025329589844,15.348917961120605
2020-05-29,58.189998626708984,46.619998931884766,11.056203842163086,54.998374938964844,141.89999389648438,279.7435607910156,15.27796745300293
2020-06-01,59.68000030517578,48.0099983215332,11.260260581970215,55.320796966552734,150.6999969482422,280.874267578125,15.546000480651855
2020-06-02,56.95000076293945,47.900001525878906,11.353012084960938,55.5263786315918,148.97000122070312,283.1997985839844,15.979582786560059
2020-06-03,53.31999969482422,49.5,11.482868194580078,56.17122268676758,150.58999633789062,286.9687805175781,16.448650360107422
2020-06-04,51.63999938964844,49.61000061035156,11.473592758178711,54.507164001464844,142.39999389648438,286.2149963378906,16.452587127685547
2020-06-05,54.59000015258789,51.380001068115234,11.677651405334473,55.04597473144531,148.27999877929688,293.5505676269531,17.67450523376465
2020-06-08,52.900001525878906,54.439998626708984,12.020838737487793,56.3659782409668,150.88999938964844,297.0987854003906,18.470727920532227
2020-06-09,51.58000183105469,53.060001373291016,11.80750560760498,55.974308013916016,148.83999633789062,294.8834533691406,17.776992797851562
2020-06-10,49.349998474121094,51.189998626708984,11.742578506469727,55.56748962402344,147.3699951171875,293.238037109375,16.90193748474121
2020-06-11,47.65999984741211,48.939998626708984,10.954174041748047,53.7368049621582,138.69000244140625,276.33306884765625,15.30949592590332
2020-06-12,48.630001068115234,49.41999816894531,11.204607963562012,53.429527282714844,142.0500030517578,279.6424255371094,15.695781707763672
2020-06-15,50.45000076293945,50.11000061035156,11.421674728393555,53.78873825073242,148.1999969482422,282.25311279296875,15.743086814880371
2020-06-16,52.7599983215332,51.310001373291016,11.589367866516113,53.702186584472656,153.10000610351562,287.6858215332031,16.19637680053711
2020-06-17,39.040000915527344,49.900001525878906,11.356463432312012,53.88179397583008,145.27000427246094,286.49078369140625,15.644542694091797
2020-06-18,45.720001220703125,50.470001220703125,11.440308570861816,53.866641998291016,151.0,286.6011962890625,15.837686538696289
2020-06-19,46.720001220703125,50.20000076293945,11.449625015258789,52.41248321533203,153.60000610351562,284.9631652832031,15.59724235534668
2020-06-22,45.560001373291016,49.79999923706055,11.552102088928223,53.4576530456543,152.97999572753906,286.7912902832031,15.669500350952148
2020-06-23,45.4900016784668,51.91999816894531,11.691845893859863,52.62887191772461,151.33999633789062,288.1116027832031,15.685469627380371
2020-06-24,46.68000030517578,49.08000183105469,11.505520820617676,52.295631408691406,148.47999572753906,280.76220703125,14.815164566040039
2020-06-25,45.79999923706055,50.380001068115234,11.496208190917969,51.75249481201172,137.1750030517578,283.77215576171875,15.098614692687988
2020-06-26,45.29999923706055,48.7599983215332,11.188770294189453,51.11629104614258,129.52999877929688,277.0320739746094,14.575629234313965
2020-06-29,47.45000076293945,49.61000061035156,11.552102088928223,51.553409576416016,137.05999755859375,281.1038818359375,14.771249771118164
2020-06-30,47.56999969482422,49.5,11.663898468017578,51.97104263305664,138.77999877929688,284.70465087890625,15.110589027404785
2020-07-01,49.060001373291016,49.09000015258789,11.812957763671875,53.28887176513672,141.38999938964844,286.69903564453125,14.743305206298828
2020-07-02,48.86000061035156,49.880001068115234,11.980647087097168,53.31916427612305,143.11000061035156,288.2777404785156,14.906984329223633
2020-07-06,50.15999984741211,53.40999984741211,12.44645881652832,53.440345764160156,148.8800048828125,292.72802734375,14.950900077819824
2020-07-07,50.63999938964844,53.15999984741211,12.39987850189209,53.388423919677734,146.57000732421875,289.7088928222656,14.47582721710205
2020-07-08,54.93000030517578,58.060001373291016,12.809792518615723,54.8057975769043,157.9199981689453,291.9248046875,14.463850975036621
2020-07-09,55.790000915527344,57.20000076293945,12.651416778564453,54.5287971496582,157.1699981689453,290.2628479003906,13.749239921569824
2020-07-10,55.43000030517578,57.4900016784668,12.632782936096191,56.1755485534668,159.44000244140625,293.2265930175781,14.188386917114258
2020-07-13,52.31999969482422,56.209999084472656,12.483724594116211,55.4484748840332,154.67999267578125,290.68756103515625,14.112530708312988
2020-07-14,55.880001068115234,61.779998779296875,12.837739944458008,56.81391143798828,168.1999969482422,294.45452880859375,14.607568740844727
2020-07-15,57.95000076293945,60.97999954223633,13.126542091369629,56.045711517333984,174.85000610351562,297.1598815917969,14.922951698303223
2020-07-16,57.7400016784668,59.029998779296875,13.024063110351562,58.07548522949219,164.75,296.18109130859375,14.855087280273438
2020-07-17,59.310001373291016,61.0,13.238337516784668,59.590232849121094,171.5800018310547,297.03973388671875,14.647489547729492
2020-07-20,63.540000915527344,62.15999984741211,13.480559349060059,59.363006591796875,176.3000030517578,299.44036865234375,14.403968811035156
2020-07-21,61.099998474121094,60.7400016784668,13.545770645141602,59.795799255371094,170.3800048828125,300.0773620605469,15.274271965026855
2020-07-22,62.08000183105469,61.150001525878906,13.657565116882324,60.680843353271484,175.64999389648438,301.7855529785156,15.086636543273926
2020-07-23,61.66999816894531,62.5,13.694831848144531,60.79986572265625,176.2899932861328,298.1846923828125,15.058692932128906
2020-07-24,59.650001525878906,62.15999984741211,13.443291664123535,60.64406204223633,171.60000610351562,296.26416015625,14.974855422973633
2020-07-27,62.220001220703125,62.2599983215332,13.71346378326416,60.07710266113281,180.74000549316406,298.4247741699219,14.990819931030273
2020-07-28,57.22999954223633,59.68000030517578,13.368764877319336,60.59861373901367,170.5399932861328,296.5320129394531,14.735318183898926
2020-07-29,59.119998931884766,60.11000061035156,13.443291664123535,60.90156936645508,176.75999450683594,300.1789245605469,15.042724609375
2020-07-30,59.13999938964844,59.70000076293945,13.508505821228027,61.09632110595703,175.25999450683594,299.10791015625,14.451870918273926
2020-07-31,60.36000061035156,59.54999923706055,13.415345191955566,60.741432189941406,175.10000610351562,301.4715270996094,14.384000778198242
2020-08-03,61.209999084472656,60.84000015258789,13.741412162780762,60.06845474243164,173.55999755859375,303.5674133300781,14.43590259552002
2020-08-04,68.94999694824219,64.04000091552734,14.160640716552734,61.68275833129883,196.14999389648438,304.739990234375,14.787219047546387
2020-08-05,74.98999786376953,65.7300033569336,14.523974418640137,61.407920837402344,216.05999755859375,306.6327209472656,14.94291877746582
2020-08-06,71.37000274658203,64.45999908447266,14.57987117767334,61.19802474975586,206.32000732421875,308.6824035644531,14.823152542114258
2020-08-07,72.83999633789062,72.93000030517578,14.794145584106445,62.27350997924805,211.47000122070312,308.9040832519531,14.843111991882324
2020-08-10,71.83999633789062,72.5,14.850041389465332,61.37763214111328,211.5,309.8273620605469,15.30221939086914
2020-08-11,67.30000305175781,70.19000244140625,14.607820510864258,60.11174392700195,204.0800018310547,307.26983642578125,15.250319480895996
2020-08-12,71.19000244140625,73.52999877929688,14.859357833862305,61.58321762084961,215.17999267578125,311.5538635253906,15.402027130126953
2020-08-13,74.87999725341797,75.70999908447266,15.110894203186035,61.54209899902344,225.17999267578125,310.9906311035156,15.102604866027832
2020-08-14,73.16000366210938,74.30999755859375,14.999100685119629,60.69815444946289,219.2100067138672,310.99981689453125,15.24632453918457
2020-08-17,75.05999755859375,73.61000061035156,15.17611026763916,61.236961364746094,219.3300018310547,311.9878234863281,15.158496856689453
2020-08-18,75.16000366210938,74.41000366210938,15.23200798034668,61.24995422363281,219.02000427246094,312.66180419921875,14.966870307922363
2020-08-19,75.48999786376953,75.8499984741211,15.287904739379883,61.09632110595703,220.7100067138672,311.35992431640625,14.795207977294922
2020-08-20,73.08999633789062,73.66000366210938,15.185425758361816,61.04655838012695,217.1999969482422,312.32940673828125,14.47582721710205
2020-08-21,73.13999938964844,74.0999984741211,15.17611026763916,61.11146545410156,213.2899932861328,313.4373474121094,14.384000778198242
2020-08-24,73.36000061035156,76.5199966430664,15.362435340881348,61.1590690612793,210.83999633789062,316.6134948730469,14.779236793518066
2020-08-25,75.93000030517578,77.37000274658203,15.716449737548828,60.87344741821289,213.16000366210938,317.7214660644531,14.571642875671387
2020-08-26,75.23999786376953,78.19000244140625,15.716449737548828,60.373573303222656,214.9199981689453,320.90673828125,14.264237403869629
2020-08-27,73.44000244140625,77.61000061035156,15.66987133026123,60.65195083618164,210.44000244140625,321.60845947265625,14.292181968688965
2020-08-28,76.04000091552734,80.0,16.02388572692871,60.797672271728516,221.19000244140625,323.68585205078125,14.547686576843262
2020-08-31,77.2300033569336,76.58999633789062,15.96798324584961,60.715049743652344,221.14999389648438,322.5132751464844,14.2322998046875
2020-09-01,78.70999908447266,78.41999816894531,16.22884178161621,60.27134323120117,223.75999450683594,325.55078125,14.13648509979248
2020-09-02,77.0199966430664,77.44999694824219,16.16362953186035,62.69197463989258,220.3300018310547,330.25970458984375,14.068620681762695
2020-09-03,67.80000305175781,72.5,15.157477378845215,61.02385711669922,195.4499969482422,318.8939514160156,13.96481990814209
2020-09-04,66.16000366210938,72.05999755859375,14.999100685119629,60.31267166137695,194.61000061035156,316.290283203125,13.920906066894531
2020-09-08,65.05000305175781,69.37000274658203,14.915257453918457,60.440982818603516,189.0500030517578,307.6483459472656,13.413893699645996
2020-09-09,67.70999908447266,71.69999694824219,15.436965942382812,61.41098403930664,193.55999755859375,313.7236633300781,13.50571346282959
2020-09-10,66.0999984741211,69.88999938964844,15.092266082763672,60.2234992980957,187.0,308.2762145996094,13.010676383972168
2020-09-11,65.0999984741211,69.91000366210938,15.082947731018066,60.49317169189453,183.9600067138672,308.4332275390625,13.022652626037598
2020-09-14,69.48999786376953,71.45999908447266,15.502176284790039,61.31310272216797,196.1199951171875,312.4955749511719,13.122459411621094
2020-09-15,72.16000366210938,72.88999938964844,15.800299644470215,64.3100357055664,199.0,314.07440185546875,13.02664566040039
2020-09-16,72.83000183105469,71.95999908447266,15.893455505371094,60.97166061401367,201.75999450683594,312.8279724121094,13.549630165100098
2020-09-17,66.87000274658203,64.0,15.595337867736816,60.79115295410156,187.02999877929688,310.0766296386719,13.569587707519531
2020-09-18,68.2699966430664,61.75,15.576704025268555,60.225685119628906,186.2100067138672,306.5067138671875,13.417882919311523
2020-09-21,70.72000122070312,61.66999816894531,15.446280479431152,60.069095611572266,190.41000366210938,303.0954895019531,12.973136901855469
2020-09-22,72.2300033569336,61.54999923706055,15.530125617980957,60.473609924316406,185.1999969482422,306.18231201171875,12.839225769042969
2020-09-23,70.2699966430664,62.02000045776367,15.390380859375,59.440555572509766,189.44000244140625,299.0816955566406,12.25894546508789
2020-09-24,69.41000366210938,61.29999923706055,15.315855026245117,60.36052703857422,191.72999572753906,299.8788146972656,12.254884719848633
2020-09-25,73.62000274658203,63.04999923706055,15.65123462677002,61.291343688964844,200.9600067138672,304.72698974609375,12.246772766113281
2020-09-28,78.13999938964844,65.37000274658203,16.359264373779297,61.79593276977539,218.2899932861328,309.78826904296875,12.534881591796875
2020-09-29,80.80000305175781,65.76000213623047,16.750547409057617,61.57407760620117,231.5,308.1011657714844,12.189962387084961
2020-09-30,82.58999633789062,66.19999694824219,17.225677490234375,60.36487579345703,238.35000610351562,310.43719482421875,12.15343952178955
2020-10-01,89.51000213623047,68.56999969482422,17.784648895263672,61.49578857421875,248.8699951171875,312.4302062988281,11.780111312866211
2020-10-02,90.43000030517578,67.23999786376953,17.775331497192383,61.149986267089844,251.5800018310547,309.4638366699219,11.893733024597168
2020-10-05,98.05000305175781,71.5,18.58584213256836,62.61583709716797,272.5899963378906,314.95159912109375,12.250829696655273
2020-10-06,98.56999969482422,73.44000244140625,18.716270446777344,63.13127136230469,271.8699951171875,310.47430419921875,12.068222045898438
2020-10-07,107.81999969482422,78.70999908447266,19.64788818359375,64.61885070800781,305.1499938964844,315.8785400390625,12.238654136657715
2020-10-08,105.5,77.12000274658203,19.629257202148438,65.47140502929688,289.0,318.6780700683594,12.697197914123535
2020-10-09,109.18000030517578,78.80999755859375,19.93669319152832,65.87808990478516,305.3500061035156,321.52392578125,12.494305610656738
2020-10-12,104.43000030517578,79.30999755859375,19.526779174804688,66.47835540771484,297.94000244140625,326.6964416503906,12.526766777038574
2020-10-13,106.6500015258789,82.93000030517578,19.461566925048828,65.56490325927734,299.6499938964844,324.564453125,12.331989288330078
2020-10-14,108.97000122070312,83.72000122070312,19.694473266601562,65.38440704345703,304.5199890136719,322.5250549316406,12.384740829467773
2020-10-15,110.70999908447266,82.27999877929688,19.545413970947266,64.91029357910156,302.5,322.1263732910156,12.534881591796875
2020-10-16,110.83999633789062,84.18000030517578,19.461566925048828,66.4631118774414,302.0199890136719,321.9317932128906,12.250829696655273
2020-10-19,114.69000244140625,83.43000030517578,19.312511444091797,65.1473388671875,309.1000061035156,317.037353515625,11.991124153137207
2020-10-20,116.13999938964844,84.30000305175781,19.70378875732422,65.46050262451172,309.79998779296875,318.3073425292969,12.133151054382324
2020-10-21,101.52999877929688,81.5999984741211,18.846698760986328,64.74065399169922,279.5899963378906,317.7047119140625,11.901848793029785
2020-10-22,103.45999908447266,82.6500015258789,18.781484603881836,65.73889923095703,280.3900146484375,319.44744873046875,12.39285659790039
2020-10-23,103.33000183105469,85.37000274658203,18.837379455566406,65.91289520263672,282.8800048828125,320.5320129394531,12.331989288330078
2020-10-26,103.66999816894531,83.75,18.446102142333984,65.821533203125,273.0,314.6085205078125,11.889677047729492
2020-10-27,98.62999725341797,82.38999938964844,18.306358337402344,65.92376708984375,261.8399963378906,313.5240783691406,11.735475540161133
2020-10-28,102.80999755859375,93.30999755859375,18.02686882019043,64.77544403076172,263.8299865722656,302.80810546875,11.244467735290527
2020-10-29,102.51000213623047,87.45999908447266,18.399518966674805,64.38398742675781,270.0899963378906,305.8856506347656,11.589388847351074
2020-10-30,98.08999633789062,87.05000305175781,18.222509384155273,63.68803024291992,257.69000244140625,302.6968078613281,11.654315948486328
2020-11-02,103.83000183105469,88.88999938964844,18.548583984375,65.35831451416016,267.7200012207031,306.08966064453125,12.051993370056152
2020-11-03,104.75,87.23999786376953,18.772167205810547,66.1325454711914,206.3699951171875,311.4939270019531,11.98300552368164
2020-11-04,106.19000244140625,79.77999877929688,18.529945373535156,63.78372573852539,206.55999755859375,318.4556579589844,11.999238014221191
2020-11-05,120.26000213623047,86.9000015258789,19.834218978881836,65.02772521972656,233.6300048828125,324.6663818359375,11.999238014221191
2020-11-06,122.52999877929688,88.2699966430664,19.983274459838867,65.87157440185547,237.50999450683594,324.59222412109375,11.739530563354492
2020-11-09,117.08000183105469,86.11000061035156,20.020540237426758,65.68888092041016,232.52000427246094,328.67083740234375,13.415449142456055
2020-11-10,109.38999938964844,80.75,19.722421646118164,66.1064453125,225.50999450683594,328.18890380859375,13.849647521972656
2020-11-11,120.43000030517578,84.19999694824219,20.355920791625977,67.45484924316406,235.19000244140625,330.62689208984375,13.707618713378906
2020-11-12,117.20999908447266,81.4000015258789,20.123018264770508,66.697998046875,227.1999969482422,327.41949462890625,13.26530647277832
2020-11-13,116.58999633789062,79.94999694824219,20.21617889404297,67.15038299560547,221.60000610351562,331.95245361328125,13.748200416564941
2020-11-16,119.93000030517578,80.20999908447266,20.31865692138672,67.63753509521484,228.27999877929688,336.0960998535156,14.653114318847656
2020-11-17,125.12000274658203,81.4800033569336,20.355920791625977,66.64581298828125,233.17999267578125,334.28839111328125,14.803256034851074
2020-11-18,124.91999816894531,81.98999786376953,20.05780601501465,65.93246459960938,232.82000732421875,330.2652893066406,14.373116493225098
2020-11-19,128.88999938964844,84.05999755859375,20.34660530090332,65.35831451416016,244.0500030517578,331.6558532714844,14.608474731445312
2020-11-20,129.58999633789062,84.69000244140625,20.57950782775879,65.72368621826172,257.989990234375,329.3847351074219,14.531376838684082
2020-11-23,134.42999267578125,86.91999816894531,20.970792770385742,64.8711166381836,264.79998779296875,331.3591613769531,15.558026313781738
2020-11-24,136.02000427246094,90.41000366210938,21.25959587097168,65.22782135009766,268.9700012207031,336.6986389160156,16.35743522644043
2020-11-25,139.07000732421875,92.44999694824219,21.6229248046875,66.39897918701172,275.9700012207031,336.1794738769531,15.975991249084473
2020-11-27,140.55999755859375,94.69999694824219,21.976943969726562,65.66481018066406,288.2300109863281,337.1157531738281,15.789326667785645
2020-11-30,136.57000732421875,93.43000030517578,21.921045303344727,64.31884765625,277.9800109863281,335.6233215332031,14.916877746582031
2020-12-01,128.85000610351562,91.05999755859375,21.716089248657227,64.80829620361328,274.07000732421875,339.29412841796875,14.985860824584961
2020-12-02,127.93000030517578,90.48999786376953,21.520448684692383,64.94812774658203,273.5,340.00787353515625,15.472806930541992
2020-12-03,127.66999816894531,88.91999816894531,21.371389389038086,64.10907745361328,272.3299865722656,339.9151916503906,15.635128021240234
2020-12-04,130.4600067138672,89.26000213623047,21.436603546142578,63.383628845214844,271.9700012207031,342.84442138671875,16.487287521362305
2020-12-07,129.32000732421875,88.75,21.52976417541504,64.0391616821289,278.32000732421875,342.13995361328125,16.101783752441406
2020-12-08,134.74000549316406,89.88999938964844,22.107370376586914,64.39749145507812,284.8599853515625,343.14111328125,16.34119987487793
2020-12-09,127.26000213623047,86.22000122070312,21.567035675048828,64.3887710571289,271.760009765625,340.0635681152344,16.377727508544922
2020-12-10,131.2100067138672,86.54000091552734,21.893095016479492,64.04788970947266,273.4800109863281,339.95233154296875,16.880905151367188
2020-12-11,139.91000366210938,86.37000274658203,22.014209747314453,64.50239562988281,291.510009765625,339.5536804199219,16.68611717224121
2020-12-14,145.07000732421875,86.58999633789062,22.331361770629883,64.28388977050781,293.32000732421875,338.0334777832031,16.101783752441406
2020-12-15,160.4600067138672,91.26000213623047,23.376100540161133,65.4725570678711,313.7699890136719,342.60345458984375,16.418304443359375
2020-12-16,163.30999755859375,91.7699966430664,23.376100540161133,65.06175231933594,309.7200012207031,343.14111328125,16.337142944335938
2020-12-17,163.52000427246094,92.31999969482422,23.842506408691406,65.60362243652344,305.70001220703125,345.05999755859375,16.260046005249023
2020-12-18,164.41000366210938,93.58999633789062,24.168987274169922,65.1229476928711,314.5,343.6821594238281,15.988162994384766
2020-12-21,170.77999877929688,96.41000366210938,24.5887508392334,65.02680969238281,318.6199951171875,342.45330810546875,15.679749488830566
2020-12-22,177.27000427246094,105.16000366210938,25.484243392944336,65.2977523803711,322.5199890136719,341.8761291503906,15.416571617126465
2020-12-23,180.32000732421875,101.83000183105469,25.894678115844727,64.96560668945312,323.9800109863281,342.183349609375,15.757882118225098
2020-12-24,181.38999938964844,102.4000015258789,25.848039627075195,65.53372955322266,324.0899963378906,343.5146484375,15.675633430480957
2020-12-28,175.49000549316406,101.19000244140625,26.053260803222656,65.9794692993164,318.4100036621094,346.4657287597656,15.576944351196289
2020-12-29,170.1999969482422,96.9800033569336,25.80139923095703,65.8396224975586,307.9700012207031,345.80474853515625,15.47414493560791
2020-12-30,172.92999267578125,100.33999633789062,26.402429580688477,66.3465805053711,319.1000061035156,346.298095703125,15.716763496398926
2020-12-31,175.47000122070312,98.91999816894531,26.35576629638672,67.43033599853516,319.1199951171875,348.0575866699219,15.58516788482666
2021-01-04,172.24000549316406,101.23999786376953,26.766408920288086,64.86946868896484,311.3500061035156,343.3191833496094,15.609841346740723
2021-01-05,181.47999572753906,92.16000366210938,27.335708618164062,65.35016632080078,316.80999755859375,345.68365478515625,16.30891227722168
2021-01-06,203.3800048828125,99.69000244140625,29.30492401123047,68.54908752441406,348.1300048828125,347.7503356933594,16.80648422241211
2021-01-07,213.75999450683594,105.5,31.180810928344727,69.30072784423828,365.9700012207031,352.9169616699219,17.05322265625
2021-01-08,207.41000366210938,104.0999984741211,30.947494506835938,70.9089126586914,356.1099853515625,354.9278259277344,17.032657623291016
2021-01-11,201.67999267578125,103.76000213623047,29.902223587036133,69.65033721923828,352.04998779296875,352.5353088378906,17.299951553344727
2021-01-12,206.49000549316406,104.31999969482422,30.266204833984375,69.70277404785156,346.29998779296875,352.60986328125,17.904441833496094
2021-01-13,203.69000244140625,104.18000030517578,30.415525436401367,71.52947235107422,335.3999938964844,353.55938720703125,17.764625549316406
2021-01-14,208.8300018310547,106.04000091552734,30.144874572753906,72.1325454711914,335.3999938964844,352.3212890625,18.290985107421875
2021-01-15,190.58999633789062,96.58000183105469,28.520971298217773,71.70426940917969,282.260009765625,349.7518615722656,17.579578399658203
2021-01-19,201.27999877929688,100.23999786376953,29.30492401123047,72.37726593017578,295.04998779296875,352.4981689453125,17.933225631713867
2021-01-20,199.39999389648438,101.75,29.192934036254883,73.46104431152344,297.17999267578125,357.3762512207031,17.999019622802734
2021-01-21,212.08999633789062,107.52999877929688,30.48085594177246,73.16387939453125,317.17999267578125,357.70196533203125,17.39042091369629
2021-01-22,212.07000732421875,106.66999816894531,30.704845428466797,73.60088348388672,321.1199951171875,356.4359436035156,17.299951553344727
2021-01-25,202.72999572753906,104.94000244140625,30.312862396240234,75.92578125,310.1199951171875,357.8416748046875,17.123126983642578
2021-01-26,187.33999633789062,104.69000244140625,30.01421356201172,74.49237823486328,296.67999267578125,357.2831726074219,16.757137298583984
2021-01-27,179.02000427246094,102.80999755859375,28.128990173339844,70.08734893798828,285.510009765625,348.55096435546875,16.530973434448242
2021-01-28,193.74000549316406,105.0999984741211,28.763626098632812,72.07136535644531,309.739990234375,351.5486145019531,16.7242431640625
2021-01-29,182.35000610351562,99.1500015258789,27.81167984008789,70.68167114257812,288.3299865722656,344.5108337402344,16.169099807739258
2021-02-01,186.33999633789062,98.30999755859375,28.436975479125977,71.40708923339844,300.82000732421875,350.24530029296875,16.28424072265625
2021-02-02,192.6300048828125,97.29000091552734,28.744956970214844,72.4821548461914,307.04998779296875,355.19781494140625,16.4610652923584
2021-02-03,196.33999633789062,98.94000244140625,29.258262634277344,72.58702087402344,307.0799865722656,355.4771728515625,17.164249420166016
2021-02-04,195.6300048828125,98.58999633789062,28.884952545166016,72.54332733154297,301.70001220703125,359.51739501953125,17.35340690612793
2021-02-05,193.1999969482422,97.4000015258789,29.0996036529541,73.06775665283203,308.239990234375,360.9323425292969,17.501447677612305
2021-02-08,197.8699951171875,100.33000183105469,29.388917922973633,72.89292907714844,318.8299865722656,363.5390625,18.233417510986328
2021-02-09,200.10000610351562,101.8499984741211,29.127601623535156,73.26876831054688,325.9200134277344,363.2969665527344,18.040138244628906
2021-02-10,202.07000732421875,99.87999725341797,28.735628128051758,73.33869171142578,320.3999938964844,363.13873291015625,18.38556480407715
2021-02-11,199.0800018310547,99.58999633789062,28.884952545166016,73.37364196777344,330.7799987792969,363.7251281738281,18.101825714111328
2021-02-12,206.50999450683594,100.75,28.29698371887207,72.65694427490234,330.8900146484375,365.5219421386719,18.369117736816406
2021-02-16,193.5,98.70999908447266,27.979671478271484,70.96136474609375,331.3500061035156,365.2054138183594,18.82968521118164
2021-02-17,189.33999633789062,95.83999633789062,27.513032913208008,70.5156021118164,334.79998779296875,365.2892150878906,19.109310150146484
2021-02-18,180.83999633789062,91.37999725341797,26.08511734008789,70.55931091308594,316.0899963378906,363.7345275878906,18.67753028869629
2021-02-19,189.74000549316406,90.95999908447266,26.589088439941406,68.26065826416016,321.989990234375,363.0921630859375,18.990055084228516
2021-02-22,167.86000061035156,86.61000061035156,24.825191497802734,65.63860321044922,288.70001220703125,360.2994079589844,19.648006439208984
2021-02-23,170.88999938964844,86.97000122070312,24.479877471923828,65.2977523803711,295.5799865722656,360.7368469238281,19.972869873046875
2021-02-24,180.8699951171875,88.02999877929688,25.00251579284668,64.4674301147461,308.1499938964844,364.71197509765625,20.68016242980957
2021-02-25,167.3699951171875,81.4000015258789,23.7985897064209,65.06925964355469,284.3299865722656,355.9239501953125,20.28128433227539
2021-02-26,176.05999755859375,81.0199966430664,24.125232696533203,64.5596694946289,298.30999755859375,354.0900573730469,19.80015754699707
2021-03-01,186.4499969482422,84.88999938964844,25.039846420288086,66.69468688964844,307.95001220703125,362.6732482910156,20.314178466796875
2021-03-02,171.69000244140625,83.19000244140625,24.23722267150879,66.36959838867188,291.5899963378906,359.8432312011719,20.20315170288086
2021-03-03,161.1199951171875,78.87999725341797,22.650653839111328,63.71621322631836,274.7300109863281,355.0768127441406,20.499229431152344
2021-03-04,149.8800048828125,75.36000061035156,21.745372772216797,62.63554382324219,256.260009765625,350.68280029296875,20.988576889038086
2021-03-05,143.5500030517578,73.69999694824219,21.437395095825195,62.117164611816406,249.42999267578125,357.1341552734375,21.774003982543945
2021-03-08,132.05999755859375,71.44999694824219,20.784101486206055,62.257747650146484,246.7100067138672,355.3561096191406,21.81512451171875
2021-03-09,148.6999969482422,76.66999816894531,22.51999282836914,65.03412628173828,280.010009765625,360.42974853515625,21.432695388793945
2021-03-10,152.42999267578125,75.72000122070312,22.510662078857422,65.42069244384766,279.6700134277344,362.6732482910156,21.975502014160156
2021-03-11,165.33999633789062,81.0199966430664,23.938579559326172,65.77217864990234,295.2300109863281,366.3504943847656,21.98372459411621
2021-03-12,164.7100067138672,81.94999694824219,23.751922607421875,66.48380279541016,291.4800109863281,366.8437805175781,22.028959274291992
2021-03-15,174.16000366210938,82.52999877929688,23.621265411376953,66.35201263427734,297.2099914550781,369.031494140625,21.77811050415039
2021-03-16,166.30999755859375,82.45999908447266,23.07996368408203,66.22901153564453,285.6000061035156,368.5660705566406,21.157176971435547
2021-03-17,163.82000732421875,80.13999938964844,22.445331573486328,64.10279083251953,291.42999267578125,369.8229064941406,21.321664810180664
2021-03-18,148.47999572753906,77.61000061035156,21.22273826599121,62.49494934082031,266.489990234375,364.4420166015625,20.3635196685791
2021-03-19,154.9499969482422,79.97000122070312,21.78270721435547,62.24016189575195,280.94000244140625,363.7677001953125,20.367637634277344
2021-03-22,161.11000061035156,81.83000183105469,22.305341720581055,62.986968994140625,289.1700134277344,366.67236328125,20.17231559753418
2021-03-23,155.97000122070312,80.5199966430664,21.88536834716797,65.03412628173828,278.3699951171875,363.786376953125,19.87725257873535
2021-03-24,147.97999572753906,80.72000122070312,20.905424118041992,63.98857498168945,267.5899963378906,361.9371337890625,20.375953674316406
2021-03-25,148.47999572753906,80.7300033569336,21.008085250854492,64.53330993652344,270.0299987792969,363.9731750488281,20.45075225830078
2021-03-26,152.07000732421875,85.69000244140625,21.428058624267578,65.06925964355469,275.75,369.838623046875,20.957763671875
2021-03-29,142.13999938964844,81.61000061035156,20.914756774902344,65.71945190429688,260.0400085449219,369.65179443359375,20.708419799804688
2021-03-30,150.60000610351562,86.52999877929688,21.922693252563477,65.20984649658203,271.1700134277344,368.67108154296875,20.529714584350586
2021-03-31,162.16000366210938,87.30000305175781,22.678651809692383,66.43109893798828,287.44000244140625,370.16552734375,20.38842010498047
2021-04-01,162.69000244140625,86.1500015258789,22.566659927368164,66.57167053222656,283.3900146484375,374.1628723144531,20.90789222717285
2021-04-05,149.4199981689453,83.12000274658203,22.221345901489258,67.45904541015625,268.9700012207031,379.5333251953125,20.409198760986328
2021-04-06,157.9199981689453,84.20999908447266,22.221345901489258,68.14437103271484,277.25,379.30914306640625,20.35517120361328
2021-04-07,150.00999450683594,81.0,21.596046447753906,68.0125961303711,262.45001220703125,379.74810791015625,20.42582130432129
2021-04-08,153.1300048828125,81.19000244140625,21.87603187561035,68.32009887695312,262.0899963378906,381.55072021484375,20.15985107421875
2021-04-09,151.35000610351562,79.61000061035156,21.90403175354004,68.4782485961914,263.95001220703125,384.32464599609375,20.026865005493164
2021-04-12,151.8699951171875,78.75,21.465389251708984,68.21466827392578,263.20001220703125,384.46478271484375,19.868942260742188
2021-04-13,153.08999633789062,78.98999786376953,21.90403175354004,69.44468688964844,269.44000244140625,385.6041564941406,19.889720916748047
2021-04-14,151.91000366210938,78.56999969482422,21.82936668395996,69.52376556396484,266.2099914550781,384.287353515625,20.442441940307617
2021-04-15,145.7899932861328,77.16999816894531,21.512054443359375,70.44629669189453,256.0199890136719,388.41552734375,20.276206970214844
2021-04-16,150.00999450683594,80.13999938964844,22.230680465698242,71.11404418945312,258.7099914550781,389.7137756347656,20.1141357421875
2021-04-19,141.13999938964844,80.20999908447266,21.689373016357422,70.1036605834961,244.86000061035156,387.799072265625,20.093353271484375
2021-04-20,147.0,79.36000061035156,21.493391036987305,70.75382995605469,243.8699951171875,384.959716796875,19.561412811279297
2021-04-21,155.0800018310547,83.6500015258789,21.91336441040039,68.5046157836914,255.08999633789062,388.6023254394531,19.810760498046875
2021-04-22,160.8800048828125,87.1500015258789,22.445331573486328,68.8121109008789,274.70001220703125,385.0531311035156,19.578033447265625
2021-04-23,166.97000122070312,88.55999755859375,22.86530303955078,68.7418212890625,279.42999267578125,389.22796630859375,19.756731033325195
2021-04-26,172.64999389648438,89.79000091552734,22.97730255126953,68.4694595336914,289.54998779296875,390.0406494140625,19.889720916748047
2021-04-27,171.10000610351562,89.69000244140625,22.90264129638672,67.89834594726562,290.1400146484375,389.9565124511719,20.130752563476562
2021-04-28,146.91000366210938,88.69999694824219,22.436002731323242,67.7314224243164,282.5,389.84454345703125,20.82478141784668
2021-04-29,143.39999389648438,87.29000091552734,22.090686798095703,67.84564971923828,275.760009765625,392.32891845703125,21.057506561279297
2021-04-30,139.25,76.52999877929688,21.689373016357422,68.1004409790039,263.5400085449219,389.7510986328125,20.525558471679688
2021-05-03,136.41000366210938,75.7699966430664,21.381397247314453,67.38876342773438,260.05999755859375,390.59173583984375,21.090747833251953
2021-05-04,127.83000183105469,73.81999969482422,20.50411605834961,66.50138854980469,218.57000732421875,388.18194580078125,21.103214263916016
2021-05-05,126.87999725341797,74.38999938964844,20.47611427307129,64.8232650756836,219.22999572753906,388.3034362792969,21.78476905822754
2021-05-06,121.94000244140625,73.62999725341797,20.20546531677246,65.02533721923828,214.1300048828125,391.40423583984375,21.896976470947266
2021-05-07,122.95999908447266,74.62000274658203,20.569440841674805,65.4822006225586,220.39999389648438,394.2528991699219,22.28762435913086
2021-05-10,118.12000274658203,72.19000244140625,19.95347785949707,65.71945190429688,213.33999633789062,390.34881591796875,22.295936584472656
2021-05-11,121.41999816894531,71.88999938964844,20.00014305114746,65.07804870605469,217.94000244140625,386.8651428222656,21.722429275512695
2021-05-12,117.16999816894531,69.7300033569336,19.328182220458984,62.855186462402344,208.24000549316406,378.64605712890625,21.82632827758789
2021-05-13,114.61000061035156,69.56999969482422,19.402849197387695,63.81284713745117,204.00999450683594,383.1945495605469,21.56035804748535
2021-05-14,119.77999877929688,72.58000183105469,20.158802032470703,64.24337768554688,218.8699951171875,389.0786437988281,22.229446411132812
2021-05-17,118.41999816894531,71.55000305175781,19.972145080566406,63.17148208618164,218.00999450683594,388.088623046875,22.74476432800293
2021-05-18,122.51000213623047,72.38999938964844,20.345455169677734,63.51414489746094,221.72000122070312,384.7449035644531,22.21697425842285
2021-05-19,130.6699981689453,74.23999786376953,20.50411605834961,63.83921813964844,233.49000549316406,383.73626708984375,21.66425323486328
2021-05-20,141.82000732421875,76.63999938964844,21.026748657226562,65.2713394165039,249.52000427246094,387.8644714355469,21.631004333496094
2021-05-21,142.27999877929688,75.93000030517578,21.07341194152832,65.40312957763672,252.30999755859375,387.5469055175781,21.676719665527344
2021-05-24,140.8699951171875,75.37999725341797,21.110746383666992,65.04290008544922,254.77000427246094,391.4977111816406,21.892824172973633
2021-05-25,138.52999877929688,74.80000305175781,21.05474853515625,64.4630126953125,251.75,390.6290283203125,21.448150634765625
2021-05-26,143.0399932861328,77.52999877929688,21.306734085083008,64.55088806152344,259.04998779296875,391.40423583984375,21.639314651489258
2021-05-27,142.30999755859375,76.93000030517578,21.288066864013672,64.13793182373047,256.55999755859375,391.6097412109375,21.655942916870117
2021-05-28,143.0500030517578,76.11000061035156,21.39072608947754,64.33123016357422,258.010009765625,392.3102111816406,21.697498321533203
2021-06-01,139.44000244140625,76.87999725341797,21.34406280517578,63.69972229003906,248.47000122070312,391.9646301269531,22.532819747924805
2021-06-02,139.1699981689453,76.95999908447266,20.998748779296875,64.22081756591797,247.47999572753906,392.58099365234375,22.952552795410156
2021-06-03,134.1300048828125,75.37000274658203,20.616106033325195,63.9205322265625,238.49000549316406,391.1240539550781,23.014892578125
2021-06-04,134.6999969482422,75.83999633789062,20.812097549438477,63.8940315246582,241.83999633789062,394.7012023925781,23.168659210205078
2021-06-07,137.47000122070312,75.01000213623047,20.924091339111328,64.00886535644531,233.27000427246094,394.31817626953125,23.06891632080078
2021-06-08,139.14999389648438,75.95999908447266,21.008085250854492,63.71737289428711,238.6999969482422,394.4023132324219,23.26839828491211
2021-06-09,136.97000122070312,76.80999755859375,20.877426147460938,63.9911994934082,235.24000549316406,393.8139343261719,23.122943878173828
2021-06-10,143.5,80.4000015258789,20.965641021728516,64.92743682861328,239.69000244140625,395.6445617675781,23.09385108947754
2021-06-11,147.1300048828125,79.58999633789062,21.143951416015625,64.9097671508789,243.1699981689453,396.29833984375,23.014892578125
2021-06-14,147.64999389648438,78.61000061035156,21.397340774536133,64.7507553100586,242.8699951171875,397.1856384277344,22.91514778137207
2021-06-15,144.9199981689453,76.16999816894531,21.15334129333496,64.85677337646484,238.86000061035156,396.4570617675781,23.351511001586914
2021-06-16,152.02000427246094,77.4000015258789,21.265954971313477,64.74195098876953,247.55999755859375,394.2435607910156,23.226835250854492
2021-06-17,161.99000549316406,78.52999877929688,21.387956619262695,65.87251281738281,263.17999267578125,394.1128234863281,22.437236785888672
2021-06-18,165.85000610351562,76.97000122070312,21.031335830688477,64.72429656982422,264.2300109863281,388.7960205078125,21.772300720214844
2021-06-21,163.0800018310547,78.19000244140625,21.2471866607666,65.65167236328125,258.6099853515625,394.3620910644531,22.700124740600586
2021-06-22,167.3000030517578,78.37999725341797,21.463035583496094,65.45738220214844,260.44000244140625,396.4704284667969,22.851261138916016
2021-06-23,170.24000549316406,80.19000244140625,21.425498962402344,64.7861099243164,265.0799865722656,395.9925231933594,22.914236068725586
2021-06-24,170.77000427246094,84.51000213623047,21.566268920898438,64.37098693847656,267.2799987792969,398.3351135253906,23.111555099487305
2021-06-25,175.38999938964844,87.87000274658203,21.6319637298584,65.236572265625,267.7099914550781,399.7500305175781,23.233304977416992
2021-06-28,188.3300018310547,92.70999908447266,22.204437255859375,66.37596893310547,284.6600036621094,400.5558776855469,22.44822883605957
2021-06-29,185.7100067138672,92.66999816894531,22.3452091217041,65.43089294433594,283.57000732421875,400.77142333984375,22.339073181152344
2021-06-30,183.6300048828125,90.51000213623047,22.016738891601562,64.72429656982422,276.3699951171875,401.1087341308594,22.616159439086914
2021-07-01,183.11000061035156,90.16999816894531,22.09181785583496,65.52804565429688,274.8800048828125,403.3294677734375,23.01080322265625
2021-07-02,186.41000366210938,90.81999969482422,22.044891357421875,65.60753631591797,276.2300109863281,406.412353515625,22.960416793823242
2021-07-06,188.80999755859375,91.19000244140625,22.195051193237305,66.3582763671875,274.7900085449219,405.67218017578125,22.21312141418457
2021-07-07,181.8300018310547,91.2699966430664,22.119972229003906,66.53494262695312,265.20001220703125,407.1058349609375,21.852067947387695
2021-07-08,179.72000122070312,89.91000366210938,21.73519515991211,66.3582763671875,261.1400146484375,403.78863525390625,21.726119995117188
2021-07-09,183.8000030517578,92.54000091552734,21.791501998901367,66.23462677001953,267.67999267578125,408.0990905761719,22.18793296813965
2021-07-12,185.72000122070312,94.29000091552734,22.044891357421875,66.32298278808594,268.6499938964844,409.5607604980469,22.154348373413086
2021-07-13,184.05999755859375,92.79000091552734,21.782119750976562,66.11983489990234,265.3699951171875,408.1646728515625,21.986413955688477
2021-07-14,170.7899932861328,90.04000091552734,21.2471866607666,66.86174011230469,245.4600067138672,408.773681640625,21.331480026245117
2021-07-15,165.2899932861328,85.5999984741211,20.824871063232422,67.85096740722656,241.2100067138672,407.3775329589844,21.033403396606445
2021-07-16,163.4499969482422,83.48999786376953,20.740407943725586,68.82254791259766,236.55999755859375,404.18218994140625,20.437252044677734
2021-07-19,165.27999877929688,83.05000305175781,20.590248107910156,68.0011215209961,240.16000366210938,398.2132263183594,19.715147018432617
2021-07-20,172.08999633789062,82.68000030517578,20.79671287536621,68.16010284423828,245.75999450683594,403.919921875,19.97963523864746
2021-07-21,179.7899932861328,85.19000244140625,21.45365333557129,67.02071380615234,258.9599914550781,407.19012451171875,20.676551818847656
2021-07-22,178.94000244140625,83.68000030517578,21.463035583496094,67.23271942138672,257.3900146484375,408.04278564453125,20.445648193359375
2021-07-23,178.17999267578125,82.94999694824219,21.172107696533203,68.18663024902344,248.6300048828125,412.24078369140625,20.37007713317871
2021-07-26,176.67999267578125,81.3499984741211,21.00318145751953,67.93049621582031,245.6199951171875,413.2527160644531,20.873870849609375
2021-07-27,172.86000061035156,81.36000061035156,20.853023529052734,68.76956176757812,240.0,411.3692932128906,20.68074607849121
2021-07-28,181.4199981689453,83.4800033569336,21.425498962402344,68.7607192993164,254.13999938964844,411.2005920410156,20.869670867919922
2021-07-29,182.05999755859375,83.73999786376953,21.36918830871582,69.03453826904297,261.1300048828125,412.906005859375,21.07119369506836
2021-07-30,189.60000610351562,86.04000091552734,21.31287956237793,68.80488586425781,259.4800109863281,410.90081787109375,20.73532485961914
2021-08-02,183.11000061035156,88.2699966430664,21.331647872924805,69.60863494873047,257.7200012207031,410.0386962890625,20.579992294311523
2021-08-03,192.6199951171875,92.33999633789062,21.74458122253418,70.14739990234375,299.80999755859375,413.3745422363281,20.932645797729492
2021-08-04,193.92999267578125,92.20999908447266,21.697656631469727,70.54488372802734,292.7300109863281,411.3412170410156,20.36587905883789
2021-08-05,183.4499969482422,91.62000274658203,21.538116455078125,71.09249877929688,286.3900146484375,413.9461669921875,20.596786499023438
2021-08-06,179.74000549316406,93.1500015258789,21.509960174560547,71.19847869873047,295.2799987792969,414.63018798828125,20.78570556640625
2021-08-09,185.55999755859375,94.70999908447266,21.847814559936523,71.1543197631836,294.94000244140625,414.2928771972656,20.4918270111084
2021-08-10,184.08999633789062,95.75,21.81966209411621,71.1278305053711,296.3999938964844,414.8082275390625,20.852880477905273
2021-08-11,182.2899932861328,95.91000366210938,21.68827247619629,72.75300598144531,289.29998779296875,415.8389892578125,21.016613006591797
2021-08-12,181.2899932861328,96.94000244140625,21.416112899780273,73.3094253540039,291.1700134277344,417.085205078125,20.995616912841797
2021-08-13,175.0,96.5999984741211,21.209646224975586,73.70689392089844,284.3699951171875,417.84423828125,20.747922897338867
2021-08-16,167.5399932861328,96.83000183105469,21.040721893310547,74.14852142333984,277.80999755859375,418.8281555175781,20.36587905883789
2021-08-17,163.47999572753906,93.51000213623047,20.815486907958984,74.1573257446289,268.3500061035156,416.0826110839844,20.155963897705078
2021-08-18,162.47000122070312,93.6500015258789,20.94687271118164,74.56365203857422,266.2200012207031,411.5285949707031,19.736135482788086
2021-08-19,162.88999938964844,92.98999786376953,20.94687271118164,74.67845916748047,262.29998779296875,412.1658020019531,19.22394561767578
2021-08-20,165.99000549316406,94.54000091552734,21.28472328186035,76.20648956298828,269.8800048828125,415.4454040527344,19.265926361083984
2021-08-23,172.24000549316406,96.04000091552734,21.556886672973633,74.54597473144531,281.010009765625,419.0998840332031,19.988033294677734
2021-08-24,172.9199981689453,94.47000122070312,21.68827247619629,74.31633758544922,279.75,419.7652282714844,20.3196964263916
2021-08-25,172.91000366210938,93.62999725341797,21.763347625732422,74.66082000732422,281.44000244140625,420.64599609375,20.47503662109375
2021-08-26,172.42999267578125,93.68000030517578,21.509960174560547,74.36357116699219,280.82000732421875,418.1628723144531,20.16436004638672
2021-08-27,174.99000549316406,94.44000244140625,21.697656631469727,74.00865173339844,291.25,421.90167236328125,20.701744079589844
2021-08-30,177.77999877929688,95.69000244140625,21.913509368896484,74.48780059814453,295.70001220703125,423.7569580078125,20.458240509033203
2021-08-31,173.72999572753906,94.0,21.894737243652344,74.52326965332031,289.7799987792969,423.129150390625,20.3196964263916
2021-09-01,176.42999267578125,94.05999755859375,22.063661575317383,75.72110748291016,289.7900085449219,423.35394287109375,20.02161407470703
2021-09-02,176.88999938964844,94.87000274658203,22.326440811157227,76.73263549804688,291.5400085449219,424.6565246582031,20.52960968017578
2021-09-03,173.94000244140625,94.05999755859375,22.148128509521484,76.03166961669922,285.79998779296875,424.55340576171875,20.412059783935547
2021-09-07,168.72999572753906,94.4800033569336,21.969816207885742,75.44606018066406,278.8299865722656,423.0354309082031,20.29030990600586
2021-09-08,163.3800048828125,95.43000030517578,21.54749870300293,76.69712829589844,274.20001220703125,422.52008056640625,20.030017852783203
2021-09-09,161.36000061035156,98.88999938964844,21.519344329833984,76.16474914550781,275.95001220703125,420.7116394042969,20.07200050354004
2021-09-10,158.22000122070312,99.41000366210938,21.18149185180664,75.35731506347656,268.5400085449219,417.39447021484375,20.0636043548584
2021-09-13,160.08999633789062,106.16999816894531,21.603809356689453,75.0467758178711,273.8399963378906,418.462646484375,20.63876724243164
2021-09-14,157.9499969482422,105.16000366210938,21.47241973876953,75.10002136230469,272.510009765625,416.2044677734375,20.34069061279297
2021-09-15,155.52999877929688,104.69999694824219,21.172107696533203,75.07339477539062,277.7799987792969,419.68084716796875,21.100576400756836
2021-09-16,156.7899932861328,103.29000091552734,21.031335830688477,74.53213500976562,270.3999938964844,419.0155944824219,20.861270904541016
2021-09-17,160.88999938964844,104.0199966430664,21.13456916809082,72.43815612792969,281.45001220703125,414.9338684082031,20.705942153930664
2021-09-20,152.44000244140625,95.69000244140625,20.571481704711914,72.48252868652344,268.7200012207031,408.0152282714844,20.073646545410156
2021-09-21,154.2899932861328,95.01000213623047,20.815486907958984,72.68657684326172,269.4599914550781,407.6297607421875,20.120389938354492
2021-09-22,158.2100067138672,95.70999908447266,21.106414794921875,72.6688461303711,282.0,411.60614013671875,20.740785598754883
2021-09-23,158.32000732421875,93.44999694824219,21.294111251831055,72.10984802246094,284.1099853515625,416.6071472167969,21.467409133911133
2021-09-24,153.66000366210938,91.1500015258789,20.88117790222168,71.6041030883789,275.3599853515625,417.2933349609375,21.628887176513672
2021-09-27,155.05999755859375,95.55999755859375,21.050106048583984,69.88275909423828,280.5199890136719,416.0995788574219,22.398008346557617
2021-09-28,150.7100067138672,95.25,20.590248107910156,68.56071472167969,272.8299865722656,407.71435546875,22.4744930267334
2021-09-29,148.39999389648438,94.06999969482422,20.374399185180664,69.51896667480469,261.8699951171875,408.400634765625,22.4744930267334
2021-09-30,149.97000122070312,95.45999908447266,20.318090438842773,69.66978454589844,265.2200012207031,403.4089660644531,22.13454818725586
2021-10-01,155.36000061035156,96.56999969482422,20.430709838867188,70.28203582763672,272.1199951171875,408.20318603515625,22.8781795501709
2021-10-04,145.02999877929688,95.01000213623047,19.89577293395996,70.4151382446289,255.27000427246094,402.9389953613281,23.25211524963379
2021-10-05,147.41000366210938,95.5999984741211,19.933313369750977,70.5216293334961,258.70001220703125,407.1315612792969,23.388092041015625
2021-10-06,153.5800018310547,95.18000030517578,19.980239868164062,72.02999877929688,260.4200134277344,408.8236389160156,23.141632080078125
2021-10-07,157.22999572753906,97.5199966430664,20.186702728271484,71.79930114746094,263.6099853515625,412.35821533203125,23.32010269165039
2021-10-08,154.36000061035156,98.66999816894531,20.027164459228516,71.16932678222656,261.8699951171875,411.60614013671875,24.038232803344727
2021-10-11,161.25999450683594,102.29000091552734,20.10224151611328,69.05758666992188,276.82000732421875,408.62628173828125,23.948999404907227
2021-10-12,169.83999633789062,105.2699966430664,20.86240577697754,69.9803695678711,298.4100036621094,407.6203308105469,23.970243453979492
2021-10-13,173.2100067138672,106.0199966430664,21.538116455078125,71.15158081054688,303.7200012207031,409.08685302734375,23.948999404907227
2021-10-14,173.77999877929688,106.19999694824219,21.45365333557129,72.27843475341797,305.5299987792969,415.9679260253906,24.24219512939453
2021-10-15,172.9199981689453,105.11000061035156,21.519344329833984,72.46475219726562,299.489990234375,419.1358642578125,24.36117935180664
2021-10-18,179.97000122070312,104.77999877929688,21.603809356689453,71.86141204833984,306.0799865722656,420.376708984375,24.378171920776367
2021-10-19,187.05999755859375,108.27999877929688,22.129358291625977,72.78418731689453,317.2200012207031,423.6199035644531,24.65437889099121
2021-10-20,180.10000610351562,103.2300033569336,22.260744094848633,74.46116638183594,307.3599853515625,425.28375244140625,24.854097366333008
2021-10-21,179.8000030517578,106.29000091552734,22.28890037536621,74.36357116699219,309.0299987792969,426.3929748535156,24.39517593383789
2021-10-22,176.6999969482422,106.22000122070312,22.110586166381836,74.9048080444336,303.25,425.951171875,24.624635696411133
2021-10-25,179.42999267578125,109.04000091552734,22.43905258178711,74.78947448730469,311.9200134277344,428.2353820800781,24.985822677612305
2021-10-26,173.4600067138672,108.94000244140625,22.28890037536621,75.83646392822266,313.8800048828125,428.6208801269531,25.130298614501953
2021-10-27,216.22000122070312,110.2300033569336,22.95522117614746,75.42829132080078,342.5400085449219,426.7220153808594,24.407920837402344
2021-10-28,224.4600067138672,117.87999725341797,23.7529296875,76.67935943603516,351.5799865722656,430.8394470214844,24.58213996887207
2021-10-29,231.6300048828125,119.58999633789062,23.715389251708984,75.71223449707031,354.67999267578125,431.713623046875,24.42066764831543
2021-11-01,239.52999877929688,121.13999938964844,24.203397750854492,75.94292449951172,360.92999267578125,432.4562683105469,24.84134864807129
2021-11-02,237.61000061035156,118.6500015258789,23.743541717529297,75.79209899902344,355.1600036621094,434.2047119140625,24.607635498046875
2021-11-03,236.5800018310547,116.83000183105469,23.199222564697266,75.63238525390625,352.989990234375,436.85565185546875,24.40367317199707
2021-11-04,242.60000610351562,116.66000366210938,23.077220916748047,75.20648193359375,349.8299865722656,438.9143371582031,24.437665939331055
2021-11-05,237.89999389648438,116.30999755859375,22.786293029785156,75.88970184326172,344.07000732421875,440.43719482421875,24.75636100769043
2021-11-08,241.6199951171875,115.02999877929688,23.199222564697266,75.05565643310547,349.8999938964844,440.8132019042969,24.98157501220703
2021-11-09,239.38999938964844,114.0999984741211,23.077220916748047,75.36620330810547,351.1400146484375,439.3561096191406,25.083555221557617
2021-11-10,231.47999572753906,110.98999786376953,22.748754501342773,75.59689331054688,343.29998779296875,435.821533203125,24.42066764831543
2021-11-11,250.49000549316406,113.5999984741211,23.349382400512695,75.74774169921875,358.25,435.9626159667969,24.51415252685547
2021-11-12,251.6199951171875,110.91999816894531,23.53707504272461,76.58177185058594,362.4100036621094,439.25274658203125,24.454660415649414
2021-11-15,244.7100067138672,112.30999755859375,23.255537033081055,77.49569702148438,368.3299865722656,439.40313720703125,24.658628463745117
2021-11-16,251.58999633789062,104.48999786376953,23.199222564697266,77.17627716064453,360.5,441.1422424316406,24.696870803833008
2021-11-17,254.86000061035156,103.94000244140625,23.058454513549805,77.8860855102539,365.0,440.07061767578125,24.31868553161621
2021-11-18,254.47999572753906,103.43000030517578,22.739368438720703,77.72637176513672,355.4200134277344,441.56524658203125,24.174209594726562
2021-11-19,267.739990234375,108.37000274658203,23.17106819152832,78.35636138916016,365.1300048828125,440.7756042480469,23.230865478515625
2021-11-22,261.1199951171875,108.16000366210938,22.636137008666992,77.513427734375,353.6499938964844,439.5347595214844,23.64304542541504
2021-11-23,250.5,107.13999938964844,22.373361587524414,77.46906280517578,350.0199890136719,440.1175231933594,24.369680404663086
2021-11-24,255.10000610351562,108.27999877929688,22.43905258178711,77.72306060791016,348.489990234375,441.2926025390625,24.607635498046875
2021-11-26,247.4199981689453,105.91999816894531,22.148128509521484,76.72488403320312,341.44000244140625,431.45037841796875,23.6175537109375
2021-11-29,256.7099914550781,106.8499984741211,22.392131805419922,79.01533508300781,347.2099914550781,436.74285888671875,23.753530502319336
2021-11-30,250.0,103.5999984741211,22.044891357421875,77.33985137939453,327.760009765625,428.2448425292969,23.19687271118164
2021-12-01,236.86000061035156,101.63999938964844,21.359804153442383,78.28453063964844,315.04998779296875,423.4882507324219,22.950410842895508
2021-12-02,235.0,102.04000091552734,21.265954971313477,78.97967529296875,318.5400085449219,429.97454833984375,23.6175537109375
2021-12-03,217.10000610351562,98.25,20.59963607788086,78.453857421875,307.0,426.23321533203125,23.430583953857422
2021-12-06,212.94000244140625,99.11000061035156,20.84364128112793,79.45201873779297,307.6300048828125,431.2812194824219,23.779024124145508
2021-12-07,222.55999755859375,101.19999694824219,21.519344329833984,80.5749740600586,325.8299865722656,440.20220947265625,24.335681915283203
2021-12-08,225.61000061035156,100.70999908447266,21.585037231445312,80.49473571777344,330.55999755859375,441.3678283691406,24.33143424987793
2021-12-09,216.35000610351562,96.63999938964844,20.965641021728516,80.12936401367188,313.3800048828125,438.3879089355469,24.14446258544922
2021-12-10,215.02000427246094,97.19999694824219,20.824871063232422,80.4591064453125,309.0899963378906,442.5146484375,24.322935104370117
2021-12-13,213.52000427246094,97.06999969482422,20.715442657470703,81.76029205322266,303.6700134277344,438.5946960449219,23.647296905517578
2021-12-14,202.32000732421875,95.31999969482422,20.09284782409668,80.23629760742188,298.29998779296875,435.5771484375,23.549564361572266
2021-12-15,204.0399932861328,95.18000030517578,20.432443618774414,81.99199676513672,305.5,442.383056640625,23.434837341308594
2021-12-16,190.85000610351562,91.19999694824219,19.979650497436523,82.19697570800781,287.0299987792969,438.4819030761719,23.583559036254883
2021-12-17,189.11000061035156,93.16000366210938,20.017379760742188,81.04730224609375,288.8500061035156,433.815185546875,23.103389739990234
2021-12-20,178.72999572753906,85.76000213623047,19.281591415405273,80.15609741210938,258.3599853515625,429.2022399902344,22.817150115966797
2021-12-21,189.0,89.12000274658203,19.923049926757812,80.61061096191406,281.1000061035156,436.824462890625,23.467103958129883
2021-12-22,189.3300018310547,87.91999816894531,20.0362491607666,80.92253875732422,284.010009765625,441.19207763671875,23.617752075195312
2021-12-23,188.1699981689453,87.37000274658203,20.0362491607666,80.83342742919922,283.2900085449219,443.93731689453125,23.63066864013672
2021-12-27,188.69000244140625,87.86000061035156,20.007949829101562,81.3859634399414,285.6000061035156,450.219970703125,24.147184371948242
2021-12-28,186.7899932861328,87.3499984741211,19.809852600097656,81.8850326538086,278.82000732421875,449.8520202636719,24.129966735839844
2021-12-29,185.47000122070312,87.18000030517578,19.743818283081055,81.98307800292969,278.0400085449219,450.4274597167969,23.975013732910156
2021-12-30,186.41000366210938,88.04000091552734,20.019428253173828,82.67823028564453,282.3500061035156,449.1822204589844,23.82866668701172
2021-12-31,182.94000244140625,87.16000366210938,19.981672286987305,83.20404815673828,280.57000732421875,448.0502624511719,23.888925552368164
2022-01-03,184.4499969482422,88.58000183105469,20.142131805419922,81.68898010253906,282.45001220703125,450.6444091796875,24.629270553588867
2022-01-04,178.27999877929688,87.27999877929688,19.830656051635742,80.81558990478516,273.1000061035156,450.4934997558594,25.481523513793945
2022-01-05,157.1999969482422,83.51000213623047,18.90566635131836,79.96894073486328,249.80999755859375,441.8430480957031,25.47722053527832
2022-01-06,151.49000549316406,83.97000122070312,18.641380310058594,76.43971252441406,248.24000549316406,441.4280090332031,26.045387268066406
2022-01-07,145.1300048828125,84.68000030517578,18.556432723999023,77.01010131835938,248.91000366210938,439.6827697753906,26.40264129638672
2022-01-10,147.1300048828125,84.30000305175781,18.471485137939453,75.1207046508789,255.47000122070312,439.1356506347656,26.320859909057617
2022-01-11,148.50999450683594,84.44999694824219,18.631942749023438,75.56631469726562,261.0899963378906,443.13543701171875,27.21615982055664
2022-01-12,149.27999877929688,84.12000274658203,18.679136276245117,75.83366394042969,261.0199890136719,444.3334655761719,27.26780891418457
2022-01-13,143.49000549316406,82.77999877929688,18.471485137939453,75.66435241699219,260.42999267578125,438.211181640625,27.13007354736328
2022-01-14,142.83999633789062,83.0199966430664,18.358219146728516,74.14928436279297,253.8300018310547,438.3904724121094,27.767112731933594
2022-01-18,135.9199981689453,81.5,17.848533630371094,72.41142272949219,238.8000030517578,430.626708984375,27.87902069091797
2022-01-19,134.5800018310547,81.37000274658203,17.801340103149414,73.60563659667969,232.08999633789062,426.15521240234375,27.67672348022461
2022-01-20,134.69000244140625,81.48999786376953,17.91460609436035,74.4255599975586,231.32000732421875,421.4385070800781,27.42276382446289
2022-01-21,126.0199966430664,76.81999969482422,17.27277374267578,73.61455535888672,220.30999755859375,413.1654357910156,26.88042449951172
2022-01-24,128.10000610351562,77.93000030517578,17.338844299316406,73.0085220336914,225.8699951171875,414.91998291015625,27.061203002929688
2022-01-25,122.6500015258789,75.94000244140625,16.819717407226562,66.930419921875,212.74000549316406,409.8542785644531,28.1114559173584
2022-01-26,121.75,76.37000274658203,16.876346588134766,64.73802947998047,214.1300048828125,408.8260498046875,28.06410789489746
2022-01-27,119.97000122070312,72.22000122070312,16.6120662689209,64.62215423583984,209.82000732421875,406.8072814941406,28.369714736938477
2022-01-28,123.86000061035156,73.41999816894531,16.763086318969727,64.61325073242188,212.07000732421875,416.9104919433594,28.249191284179688
2022-01-31,140.47000122070312,78.37999725341797,17.697513580322266,69.62191009521484,238.22000122070312,424.41949462890625,28.37401580810547
2022-02-01,142.6699981689453,77.69999694824219,17.66919708251953,68.82872772216797,242.22999572753906,427.2872619628906,29.38552474975586
2022-02-02,139.50999450683594,76.37000274658203,17.593685150146484,69.27433013916016,238.3000030517578,431.43798828125,29.480226516723633
2022-02-03,132.91000366210938,71.27999877929688,17.15007209777832,67.52753448486328,231.1999969482422,421.2970275878906,29.200439453125
2022-02-04,141.22999572753906,71.0,17.310527801513672,67.74142456054688,238.25999450683594,423.2780456542969,29.656705856323242
2022-02-07,140.77000427246094,69.73999786376953,17.20669937133789,67.44733428955078,240.97000122070312,421.91961669921875,30.035480499267578
2022-02-08,144.5,70.38999938964844,17.244457244873047,67.25127410888672,248.7100067138672,425.3912048339844,29.38983917236328
2022-02-09,161.88999938964844,74.16999816894531,17.86741065979004,68.32072448730469,265.9800109863281,431.6172180175781,29.635183334350586
2022-02-10,154.63999938964844,71.22000122070312,17.414352416992188,67.24235534667969,264.5,423.8629150390625,29.450096130371094
2022-02-11,145.69000244140625,69.30999755859375,16.961292266845703,66.80565643310547,250.08999633789062,415.5048828125,30.306655883789062
2022-02-14,143.92999267578125,68.2300033569336,16.82915496826172,66.77001190185547,249.22000122070312,414.1464538574219,29.592140197753906
2022-02-15,154.2899932861328,72.0999984741211,17.678634643554688,66.92149353027344,262.1600036621094,420.8253479003906,29.2822265625
2022-02-16,154.02999877929688,71.66999816894531,17.68807601928711,67.04627990722656,266.7200012207031,421.2970275878906,29.51896858215332
2022-02-17,148.3699951171875,69.94999694824219,17.442668914794922,67.17996215820312,263.260009765625,412.29754638671875,29.471616744995117
2022-02-18,140.35000610351562,68.56999969482422,17.121755599975586,66.08377075195312,257.9100036621094,409.6279602050781,29.290834426879883
2022-02-22,133.02999877929688,65.8499984741211,16.6970157623291,65.7540054321289,246.07000732421875,405.2319641113281,28.817359924316406
2022-02-23,126.55999755859375,64.9000015258789,16.58374786376953,64.45284271240234,236.11000061035156,398.043701171875,29.114355087280273
2022-02-24,147.35000610351562,69.04000091552734,17.848533630371094,67.23342895507812,271.19000244140625,404.033935546875,28.886228561401367
2022-02-25,153.72999572753906,70.68000030517578,18.348787307739258,68.7663345336914,277.92999267578125,412.9485168457031,29.648090362548828
2022-02-28,166.6999969482422,75.29000091552734,19.54749298095703,70.14191436767578,319.4200134277344,411.8918762207031,30.37982940673828
2022-03-01,170.60000610351562,75.62000274658203,19.358720779418945,69.39812469482422,324.6300048828125,405.61871337890625,30.68543815612793
2022-03-02,163.88999938964844,69.51000213623047,19.047245025634766,69.49671173095703,314.4599914550781,413.0805969238281,31.38703727722168
2022-03-03,159.02999877929688,67.37000274658203,18.471485137939453,70.60792541503906,301.82000732421875,411.0240173339844,31.473125457763672
2022-03-04,158.14999389648438,71.8499984741211,18.32990264892578,71.88043975830078,293.2300109863281,407.6846008300781,32.38133239746094
2022-03-07,158.80999755859375,75.0,18.7829647064209,75.43819427490234,297.8900146484375,395.66632080078125,32.859107971191406
2022-03-08,175.99000549316406,79.5199966430664,20.076059341430664,73.43975830078125,328.9100036621094,392.6665344238281,33.37562942504883
2022-03-09,179.8699951171875,78.88999938964844,20.132694244384766,71.97903442382812,326.9800109863281,403.1943054199219,32.35550308227539
2022-03-10,178.72000122070312,76.5,19.849533081054688,71.83565521240234,315.1300048828125,401.3736267089844,33.34550094604492
2022-03-11,171.07000732421875,75.38999938964844,19.54749298095703,71.0649642944336,317.92999267578125,396.2701721191406,33.078636169433594
2022-03-14,157.63999938964844,71.98999786376953,18.8395938873291,71.04703521728516,298.510009765625,393.3740539550781,32.08864212036133
2022-03-15,164.63999938964844,74.95999908447266,19.141630172729492,73.46665954589844,315.75,402.0245056152344,30.91356658935547
2022-03-16,177.2100067138672,77.58999633789062,19.651321411132812,73.94161987304688,334.1600036621094,410.93914794921875,30.77151870727539
2022-03-17,180.85000610351562,78.22000122070312,19.896724700927734,74.10294342041016,314.6000061035156,416.08038330078125,31.830373764038086
2022-03-18,184.52000427246094,77.5999984741211,19.962793350219727,73.816162109375,312.510009765625,420.6376037597656,31.800243377685547
2022-03-21,185.4499969482422,77.38999938964844,19.821218490600586,73.30535888671875,312.0799865722656,420.5145568847656,33.08216857910156
2022-03-22,189.25,79.08000183105469,20.09493637084961,74.24630737304688,325.1099853515625,425.4351806640625,32.83882522583008
2022-03-23,190.19000244140625,77.98999786376953,19.783458709716797,73.9953842163086,327.2699890136719,419.95623779296875,33.40373992919922
2022-03-24,197.83999633789062,79.52999877929688,20.09493637084961,75.00801849365234,337.739990234375,426.286865234375,33.48629379272461
2022-03-25,193.80999755859375,79.6500015258789,19.858970642089844,75.22309875488281,335.2699890136719,428.3686218261719,34.220680236816406
2022-03-28,195.52000427246094,84.08999633789062,19.94391632080078,75.66223907470703,333.07000732421875,431.4156799316406,33.373321533203125
2022-03-29,202.36000061035156,84.58999633789062,20.23651885986328,75.83248901367188,324.5,436.7525634765625,33.28640365600586
2022-03-30,196.64999389648438,81.94000244140625,20.189321517944336,76.62110137939453,314.2300109863281,434.05572509765625,33.673152923583984
2022-03-31,201.77999877929688,83.73999786376953,20.312028884887695,75.91316223144531,322.3699951171875,427.37506103515625,33.216880798339844
2022-04-01,205.88999938964844,84.01000213623047,20.425289154052734,76.80928802490234,322.8299865722656,428.5863037109375,33.48629379272461
2022-04-04,216.3800048828125,83.95999908447266,20.840593338012695,76.7286605834961,335.30999755859375,432.2578430175781,33.52975845336914
2022-04-05,211.22999572753906,80.33000183105469,20.78396224975586,77.36492919921875,328.69000244140625,426.7978210449219,33.00394821166992
2022-04-06,203.99000549316406,78.12999725341797,20.53855323791504,77.50830841064453,320.1600036621094,422.5301818847656,33.19949722290039
2022-04-07,206.9499969482422,78.54000091552734,20.293148040771484,78.03703308105469,314.92999267578125,424.6592712402344,33.6340446472168
2022-04-08,195.13999938964844,77.61000061035156,20.038305282592773,77.14983367919922,301.5799865722656,423.52374267578125,34.55963134765625
2022-04-11,187.8800048828125,78.86000061035156,19.830656051635742,75.79666137695312,300.0299987792969,416.2846984863281,33.521053314208984
2022-04-12,185.9499969482422,79.0999984741211,19.604127883911133,75.17830657958984,301.45001220703125,414.7422790527344,34.07728958129883
2022-04-13,193.22999572753906,79.69999694824219,19.849533081054688,74.87361907958984,308.0,419.4925842285156,34.5857048034668
2022-04-14,190.50999450683594,78.12000274658203,19.61356544494629,74.21044921875,300.6600036621094,414.2691955566406,34.69868469238281
2022-04-18,190.02999877929688,78.66000366210938,19.47198486328125,73.22470092773438,302.2699890136719,414.43951416015625,35.20710372924805
2022-04-19,195.60000610351562,78.7300033569336,19.87784767150879,73.33222198486328,304.82000732421875,421.12969970703125,34.92031478881836
2022-04-20,178.52999877929688,76.93000030517578,19.528615951538086,73.04545593261719,281.6099853515625,420.8173828125,35.05501174926758
2022-04-21,156.55999755859375,74.43000030517578,18.5753116607666,68.26897430419922,254.14999389648438,414.5246887207031,33.942569732666016
2022-04-22,153.6300048828125,72.37000274658203,18.263835906982422,66.27053833007812,251.5800018310547,403.1504211425781,33.11257553100586
2022-04-25,157.60000610351562,72.44999694824219,18.263835906982422,66.35120391845703,253.49000549316406,405.48773193359375,32.01752471923828
2022-04-26,153.8300018310547,71.44000244140625,17.763586044311523,65.93000030517578,244.75999450683594,393.7445068359375,32.060977935791016
2022-04-27,165.7100067138672,72.13999938964844,17.98067283630371,65.6611557006836,249.47999572753906,394.8516540527344,32.53029251098633
2022-04-28,164.47000122070312,72.26000213623047,18.056180953979492,65.85830688476562,254.41000366210938,404.8253173828125,33.51671600341797
2022-04-29,161.39999389648438,73.02999877929688,17.782461166381836,63.64480972290039,250.41000366210938,389.86480712890625,32.656314849853516
2022-05-02,168.3300018310547,73.63999938964844,17.81077766418457,62.61423110961914,255.30999755859375,392.2115173339844,33.17776870727539
2022-05-03,174.52999877929688,75.11000061035156,18.093936920166016,63.41179656982422,262.6700134277344,394.009521484375,34.107696533203125
2022-05-04,191.94000244140625,78.69999694824219,18.849031448364258,65.47296905517578,284.6000061035156,406.00823974609375,35.524330139160156
2022-05-05,181.13999938964844,76.41000366210938,18.11281394958496,64.37965393066406,266.2300109863281,391.5775451660156,34.98983383178711
2022-05-06,165.88999938964844,72.13999938964844,17.527616500854492,64.94422912597656,251.80999755859375,389.2402038574219,36.03274917602539
2022-05-09,150.50999450683594,68.25,16.47992515563965,63.367008209228516,225.36000061035156,376.77783203125,33.05175018310547
2022-05-10,151.64999389648438,67.58000183105469,16.47048568725586,62.721771240234375,233.8000030517578,377.64837646484375,33.35158920288086
2022-05-11,137.5500030517578,61.720001220703125,15.989112854003906,62.90995407104492,216.52000427246094,371.6490478515625,33.799171447753906
2022-05-12,140.94000244140625,61.400001525878906,15.875850677490234,61.395477294921875,211.9199981689453,371.2610168457031,33.942569732666016
2022-05-13,157.7899932861328,64.25,16.64982032775879,62.55152130126953,232.25,380.1370849609375,35.10280990600586
2022-05-16,151.02999877929688,62.77000045776367,16.51767921447754,62.83827209472656,222.7899932861328,378.59466552734375,36.028411865234375
2022-05-17,158.11000061035156,65.4000015258789,17.216142654418945,64.54096221923828,239.35000610351562,386.3825378417969,36.44557189941406
2022-05-18,156.1699981689453,65.36000061035156,17.14063262939453,63.62688064575195,238.8000030517578,370.8067626953125,35.511287689208984
2022-05-19,165.5399932861328,66.47000122070312,17.801340103149414,63.142974853515625,252.17999267578125,368.5357666015625,35.380924224853516
2022-05-20,168.25,65.7699966430664,17.895723342895508,63.824039459228516,256.80999755859375,368.6966552734375,35.53301239013672
2022-05-23,169.5500030517578,66.05999755859375,18.11281394958496,65.01592254638672,255.6300048828125,375.59503173828125,36.47163772583008
2022-05-24,162.50999450683594,64.58999633789062,17.848533630371094,66.915771484375,248.22999572753906,372.72772216796875,36.61069869995117
2022-05-25,169.27999877929688,66.04000091552734,18.103378295898438,67.02328491210938,253.4499969482422,376.0207214355469,37.3668098449707
2022-05-26,178.77999877929688,68.08000183105469,18.556432723999023,67.24735260009766,266.44000244140625,383.53424072265625,37.77963638305664
2022-05-27,188.9499969482422,72.01000213623047,19.009489059448242,69.78438568115234,280.3599853515625,392.9496765136719,38.4705696105957
2022-05-31,186.19000244140625,70.61000061035156,18.764083862304688,68.21619415283203,272.7900085449219,390.74481201171875,37.892616271972656
2022-06-01,182.49000549316406,70.87000274658203,18.546993255615234,68.6488037109375,272.4800109863281,387.584228515625,38.50967788696289
2022-06-02,198.92999267578125,74.23999786376953,19.30208969116211,70.7667465209961,300.489990234375,394.9651794433594,38.38800048828125
2022-06-03,196.33999633789062,74.93000030517578,19.151071548461914,70.91997528076172,298.3399963378906,388.4832763671875,38.896419525146484
2022-06-06,206.97000122070312,71.98999786376953,19.528615951538086,72.27185821533203,306.8800048828125,389.6660461425781,38.852970123291016
2022-06-07,209.6300048828125,72.0,19.69851303100586,71.90233612060547,306.4200134277344,393.4037780761719,40.01321792602539
2022-06-08,204.77000427246094,71.69000244140625,19.453105926513672,70.73971557617188,298.44000244140625,389.1266784667969,40.100120544433594
2022-06-09,200.50999450683594,69.83000183105469,18.92092514038086,69.70327758789062,291.6700134277344,379.87213134765625,39.21364212036133
2022-06-10,196.19000244140625,68.0,18.57880973815918,68.41446685791016,284.3599853515625,368.8575134277344,38.54878616333008
2022-06-13,178.24000549316406,63.130001068115234,17.514448165893555,65.26008605957031,264.3399963378906,354.8526306152344,36.536827087402344
2022-06-14,179.52000427246094,61.95000076293945,17.314882278442383,64.4218978881836,264.6300048828125,353.7833557128906,36.60634994506836
2022-06-15,188.47999572753906,64.02999877929688,17.733022689819336,66.86431121826172,274.1300048828125,358.8269958496094,35.798091888427734
2022-06-16,169.60000610351562,62.0099983215332,17.07729721069336,63.87213134765625,253.97999572753906,346.95123291015625,33.78178787231445
2022-06-17,184.75,66.70999908447266,17.69501304626465,63.81805419921875,275.4100036621094,347.6992492675781,31.934955596923828
2022-06-21,193.2899932861328,68.19999694824219,18.132158279418945,65.54847717285156,283.1000061035156,356.45208740234375,33.58938217163086
2022-06-22,193.42999267578125,67.5999984741211,18.018117904663086,67.31494140625,280.3999938964844,355.8058166503906,32.244754791259766
2022-06-23,200.6699981689453,69.5999984741211,18.36023712158203,69.57709503173828,291.5299987792969,359.29364013671875,31.049530029296875
2022-06-24,198.38999938964844,70.06999969482422,18.445764541625977,70.31613159179688,286.3399963378906,370.7168884277344,31.458189010620117
2022-06-27,206.1699981689453,70.62000274658203,18.70235252380371,70.19895935058594,298.5199890136719,369.3009033203125,32.380977630615234
2022-06-28,190.64999389648438,67.75,18.198678970336914,68.89213562011719,279.239990234375,361.7550048828125,33.25541305541992
2022-06-29,184.63999938964844,66.83999633789062,17.799545288085938,68.49557495117188,262.9599914550781,361.46044921875,32.09973907470703
2022-06-30,195.24000549316406,68.12999725341797,18.103649139404297,69.8114242553711,273.67999267578125,358.5238037109375,31.423032760620117
2022-07-01,195.72000122070312,68.1500015258789,18.36023712158203,72.6053237915039,276.29998779296875,362.3157653808594,31.89321517944336
2022-07-05,192.58999633789062,66.2300033569336,18.094146728515625,71.29849243164062,271.2699890136719,363.0,30.6276798248291
2022-07-06,194.92999267578125,66.16000366210938,18.018117904663086,71.71308135986328,269.7900085449219,364.2259826660156,30.104768753051758
2022-07-07,206.83999633789062,70.63999938964844,18.75937271118164,72.4430923461914,286.8599853515625,369.6810607910156,31.190135955810547
2022-07-08,216.4499969482422,72.51000213623047,18.996952056884766,72.32592010498047,295.1099853515625,369.3769836425781,31.176956176757812
2022-07-11,206.05999755859375,69.29000091552734,18.48377799987793,72.71347045898438,279.6700134277344,365.1573791503906,30.878141403198242
2022-07-12,189.47000122070312,68.41999816894531,18.15116310119629,72.0555648803711,265.3699951171875,361.92608642578125,30.276142120361328
2022-07-13,192.6300048828125,69.16000366210938,18.255699157714844,72.33495330810547,269.0299987792969,360.025390625,30.22780990600586
2022-07-14,196.9199981689453,71.04000091552734,18.17967414855957,72.21778106689453,269.0199890136719,359.1510925292969,29.656557083129883
2022-07-15,194.91000366210938,65.2699966430664,17.87557029724121,70.93798828125,265.8500061035156,366.0126647949219,30.139915466308594
2022-07-18,206.42999267578125,67.01000213623047,18.2366943359375,69.85647583007812,280.67999267578125,362.9905090332031,30.829814910888672
2022-07-19,213.33999633789062,70.6500015258789,18.569305419921875,71.13626861572266,290.29998779296875,372.7981872558594,31.778963088989258
2022-07-20,218.8300018310547,72.9800033569336,18.673843383789062,70.58650207519531,295.8599853515625,375.1741027832031,32.08655548095703
2022-07-21,219.77999877929688,73.26000213623047,18.63582992553711,71.08220672607422,292.9800109863281,378.9946594238281,31.524097442626953
2022-07-22,211.5399932861328,72.58999633789062,18.531293869018555,72.32592010498047,288.92999267578125,375.4782409667969,31.264841079711914
2022-07-25,218.5500030517578,74.1500015258789,18.768875122070312,72.98385620117188,299.3800048828125,375.9344787597656,32.41172790527344
2022-07-26,216.10000610351562,73.56999969482422,18.474279403686523,72.01951599121094,296.4800109863281,371.48681640625,32.1173095703125
2022-07-27,254.77000427246094,76.76000213623047,19.34857749938965,72.4430923461914,325.19000244140625,381.1329650878906,32.84236145019531
2022-07-28,274.17999267578125,88.5,20.707536697387695,76.19232940673828,341.19000244140625,385.91326904296875,33.026912689208984
2022-07-29,284.17999267578125,99.16999816894531,21.182695388793945,76.14725494384766,360.1300048828125,391.53936767578125,34.459442138671875
2022-08-01,280.8900146484375,99.48999786376953,20.916603088378906,76.88629150390625,358.5899963378906,390.3798828125,33.74757766723633
2022-08-02,292.260009765625,99.72000122070312,21.182695388793945,77.21074676513672,365.4100036621094,387.8044738769531,33.6684684753418
2022-08-03,290.25,97.88999938964844,20.73604393005371,77.92276000976562,295.5199890136719,393.8773193359375,32.70174789428711
2022-08-04,295.82000732421875,99.16999816894531,21.135177612304688,79.29264831542969,309.2200012207031,393.6111755371094,31.48894691467285
2022-08-05,300.9100036621094,101.9000015258789,21.296735763549805,79.29264831542969,315.5,392.9458312988281,32.112918853759766
2022-08-08,287.739990234375,106.73999786376953,21.391767501831055,78.8780746459961,303.1099853515625,392.4897155761719,32.279911041259766
2022-08-09,290.82000732421875,109.01000213623047,21.467792510986328,80.13982391357422,312.6300048828125,390.9311828613281,32.84675598144531
2022-08-10,303.25,114.51000213623047,22.43712043762207,80.91492462158203,323.739990234375,399.14227294921875,33.08404541015625
2022-08-11,292.8999938964844,114.58000183105469,22.12351417541504,80.5994873046875,319.0199890136719,399.14227294921875,34.22214889526367
2022-08-12,299.260009765625,117.97000122070312,22.380104064941406,81.53679656982422,330.5199890136719,405.89935302734375,34.48141098022461
2022-08-15,301.1300048828125,118.22000122070312,22.351591110229492,82.01445770263672,324.17999267578125,407.57196044921875,33.8090934753418
2022-08-16,292.94000244140625,116.98999786376953,22.066492080688477,81.59086608886719,311.2699890136719,408.37030029296875,33.730003356933594
2022-08-17,293.1300048828125,116.30000305175781,21.98096466064453,81.29345703125,310.6199951171875,405.4716491699219,34.01122283935547
2022-08-18,294.0,117.81999969482422,22.02848243713379,81.32950592041016,317.2200012207031,406.65008544921875,34.925228118896484
2022-08-19,283.70001220703125,115.41000366210938,21.420276641845703,80.85183715820312,300.3299865722656,401.1855163574219,34.91643524169922
2022-08-22,280.760009765625,114.4800033569336,21.087663650512695,79.79735565185547,288.8399963378906,392.8318786621094,34.850521087646484
2022-08-23,285.4100036621094,114.41999816894531,21.125673294067383,79.29264831542969,288.4599914550781,391.8815002441406,36.10725784301758
2022-08-24,293.0899963378906,118.44000244140625,21.54381561279297,79.9505615234375,294.6099853515625,393.1360778808594,36.551082611083984
2022-08-25,299.80999755859375,121.69000244140625,21.990467071533203,80.56341552734375,300.739990234375,398.6860656738281,36.83230972290039
2022-08-26,288.5899963378906,121.75,21.486799240112305,79.36475372314453,287.92999267578125,385.1910095214844,36.40168380737305
2022-08-29,284.82000732421875,121.69000244140625,21.24921989440918,78.80778503417969,279.4599914550781,382.64398193359375,36.950950622558594
2022-08-30,285.7699890136719,122.30999755859375,21.040143966674805,77.61235809326172,275.5,378.4433898925781,35.6986083984375
2022-08-31,286.44000244140625,127.55000305175781,21.07815933227539,77.03275299072266,275.9700012207031,375.56378173828125,35.3734245300293
2022-09-01,281.8599853515625,127.83999633789062,20.707536697387695,78.11951446533203,269.32000732421875,376.7422180175781,34.50337219238281
2022-09-02,279.07000732421875,126.41000366210938,20.374921798706055,77.07804107666016,267.1199951171875,372.7697448730469,35.13615036010742
2022-09-06,292.82000732421875,127.5999984741211,20.593496322631836,79.12476348876953,278.3800048828125,371.3632507324219,34.81097412109375
2022-09-07,316.30999755859375,134.8000030517578,21.591333389282227,81.72392272949219,311.364990234375,378.03472900390625,34.406700134277344
2022-09-08,317.4100036621094,137.52999877929688,21.733884811401367,81.75108337402344,314.1600036621094,380.5057067871094,34.55611038208008
2022-09-09,305.70001220703125,135.82000732421875,21.79090118408203,81.41600799560547,313.0,386.41693115234375,35.41737365722656
2022-09-12,308.92999267578125,136.7899932861328,21.942955017089844,82.24011993408203,316.20001220703125,390.57000732421875,36.06772232055664
2022-09-13,305.5,136.75999450683594,21.363256454467773,80.47415161132812,313.17999267578125,373.5870666503906,35.15810775756836
2022-09-14,320.6199951171875,135.75999450683594,21.69586944580078,80.49226379394531,322.70001220703125,375.01263427734375,36.151214599609375
2022-09-15,312.17999267578125,132.02000427246094,21.087663650512695,77.89312744140625,313.25,370.75494384765625,35.219635009765625
2022-09-16,318.010009765625,135.80999755859375,21.011640548706055,76.78823852539062,310.510009765625,367.926513671875,34.468223571777344
2022-09-19,316.2300109863281,137.0399932861328,20.95461654663086,78.64476776123047,307.95001220703125,370.77972412109375,34.488651275634766
2022-09-20,304.7099914550781,133.30999755859375,20.327402114868164,77.60330200195312,294.3599853515625,366.5237731933594,34.248783111572266
2022-09-21,304.55999755859375,135.57000732421875,20.222871780395508,76.04562377929688,287.9599914550781,360.13018798828125,33.746822357177734
2022-09-22,283.6300048828125,131.77000427246094,19.586151123046875,75.65621185302734,270.94000244140625,357.1051025390625,33.62688446044922
2022-09-23,279.489990234375,129.85000610351562,19.025463104248047,74.73246765136719,258.79998779296875,351.1219177246094,31.3080997467041
2022-09-26,274.9200134277344,128.2100067138672,18.559804916381836,73.49176025390625,247.64999389648438,347.64837646484375,30.539609909057617
2022-09-27,284.80999755859375,132.30999755859375,18.683345794677734,73.42835235595703,249.5800018310547,346.7608947753906,30.881650924682617
2022-09-28,292.30999755859375,136.19000244140625,18.97794532775879,74.59661865234375,256.7900085449219,353.5839538574219,32.249820709228516
2022-09-29,277.8399963378906,130.92999267578125,18.15116310119629,72.42311096191406,235.55999755859375,346.1979064941406,32.249820709228516
2022-09-30,277.4700012207031,132.27000427246094,18.141664505004883,71.01034545898438,231.4600067138672,340.8444519042969,31.992183685302734
2022-10-03,286.6099853515625,136.6199951171875,18.70235252380371,73.5279769897461,236.83999633789062,349.8431701660156,33.80012130737305
2022-10-04,288.25,143.05999755859375,19.29155158996582,75.00415802001953,246.1699981689453,360.6836853027344,35.25270080566406
2022-10-05,261.6000061035156,134.58999633789062,18.521791458129883,74.05326080322266,234.24000549316406,359.8439025878906,35.98121643066406
2022-10-06,257.45001220703125,132.05999755859375,18.02762222290039,71.463134765625,220.27000427246094,356.13189697265625,36.62088394165039
2022-10-07,255.14999389648438,129.4199981689453,17.514448165893555,69.4888916015625,209.6199951171875,346.1979064941406,36.33658981323242
2022-10-10,258.17999267578125,131.05999755859375,17.43842315673828,69.49791717529297,207.83999633789062,343.55450439453125,35.590301513671875
2022-10-11,255.8000030517578,131.32000732421875,17.257863998413086,68.85492706298828,203.58999633789062,341.3788757324219,35.30601501464844
2022-10-12,248.1300048828125,126.87999725341797,16.820714950561523,65.88448333740234,200.60000610351562,340.2527770996094,35.590301513671875
2022-10-13,248.6999969482422,126.54000091552734,17.010780334472656,66.19239044189453,200.07000732421875,349.2324523925781,37.04288101196289
2022-10-14,237.8699951171875,123.36000061035156,16.66866111755371,64.99697875976562,193.38999938964844,341.2738037109375,35.661380767822266
2022-10-17,242.2899932861328,118.27999877929688,16.97276496887207,66.69952392578125,197.2899932861328,350.0436096191406,36.10559844970703
2022-10-18,251.4199981689453,121.30999755859375,17.409910202026367,67.9764633178711,207.4199981689453,354.15643310546875,36.420982360839844
2022-10-19,243.19000244140625,120.20999908447266,16.89674186706543,66.69047546386719,199.4600067138672,351.6466979980469,37.495975494384766
2022-10-20,244.2899932861328,118.72000122070312,16.75419044494629,63.973602294921875,197.83999633789062,348.6981201171875,37.53151321411133
2022-10-21,252.0,122.5999984741211,17.048791885375977,64.88829040527344,202.66000366210938,357.171875,38.615394592285156
2022-10-24,253.3000030517578,124.56999969482422,16.915742874145508,66.36446380615234,203.74000549316406,361.5425109863281,38.797515869140625
2022-10-25,265.5899963378906,127.1500015258789,17.419418334960938,68.70098114013672,215.61000061035156,367.31573486328125,38.837493896484375
2022-10-26,291.8699951171875,131.39999389648438,17.87557029724121,68.46553039550781,225.67999267578125,364.5484619140625,39.36610794067383
2022-10-27,306.0799865722656,131.17999267578125,17.961097717285156,68.3477783203125,228.8300018310547,362.6017150878906,39.50825881958008
2022-10-28,305.25,132.6699981689453,17.93259048461914,71.57181549072266,231.72000122070312,371.228271484375,39.645965576171875
2022-10-31,307.0,145.57000732421875,17.951597213745117,70.18620300292969,230.02999877929688,368.5467224121094,39.979122161865234
2022-11-01,299.4800109863281,148.57000732421875,17.9801082611084,70.37640380859375,225.25,366.9340515136719,40.365596771240234
2022-11-02,289.5,150.07000732421875,17.704513549804688,69.9869613647461,217.5800018310547,357.7254333496094,39.39276885986328
2022-11-03,296.1099853515625,157.72999572753906,18.075138092041016,70.8020248413086,224.9499969482422,354.04193115234375,40.121273040771484
2022-11-04,282.44000244140625,153.6199951171875,18.20818328857422,71.363525390625,219.0,359.13775634765625,40.60990524291992
2022-11-07,268.8299865722656,147.25,18.018117904663086,69.99603271484375,211.3000030517578,362.5731201171875,41.307315826416016
2022-11-08,280.07000732421875,147.25999450683594,18.455265045166016,70.88353729248047,251.72999572753906,364.52935791015625,41.34730529785156
2022-11-09,284.75,151.16000366210938,18.36973762512207,70.82014465332031,249.22000122070312,357.0192565917969,39.326133728027344
2022-11-10,309.25,157.02000427246094,19.633670806884766,75.34828186035156,283.6700134277344,376.63897705078125,40.201229095458984
2022-11-11,292.010009765625,150.4199981689453,19.43410301208496,75.44791412353516,288.9100036621094,380.2842712402344,41.3695068359375
2022-11-14,297.94000244140625,153.6300048828125,19.263042449951172,73.9536361694336,284.010009765625,377.04931640625,41.35618591308594
2022-11-15,300.7300109863281,159.6300048828125,19.614660263061523,75.08566284179688,287.9700012207031,380.2651672363281,41.79151916503906
2022-11-16,305.17999267578125,158.5800018310547,19.40559196472168,76.36260986328125,289.760009765625,377.3642272949219,40.93862533569336
2022-11-17,312.9599914550781,164.97999572753906,19.50062370300293,74.5785140991211,299.2099914550781,376.20953369140625,41.027462005615234
2022-11-18,311.94000244140625,166.60000610351562,19.472116470336914,75.34828186035156,306.3900146484375,377.9176940917969,40.703189849853516
2022-11-21,308.1000061035156,165.38999938964844,19.329565048217773,75.71053314208984,301.4100036621094,376.5435791015625,40.152374267578125
2022-11-22,320.44000244140625,167.66000366210938,19.576648712158203,76.17241668701172,309.17999267578125,381.6106872558594,41.409488677978516
2022-11-23,315.7799987792969,169.47000122070312,19.785720825195312,77.29656219482422,306.25,384.0154113769531,40.960838317871094
2022-11-25,319.4200134277344,171.42999267578125,19.766714096069336,77.67884826660156,301.9100036621094,383.9295654296875,40.8098030090332
2022-11-28,312.2099914550781,165.6199951171875,19.40559196472168,76.21338653564453,295.45001220703125,377.80316162109375,39.69038391113281
2022-11-29,303.3900146484375,161.80999755859375,19.301055908203125,75.08470153808594,290.8500061035156,377.1542663574219,40.290077209472656
2022-11-30,320.5899963378906,172.52999877929688,20.108829498291016,77.0962905883789,298.8599853515625,389.03485107421875,40.48997116088867
2022-12-01,314.0,168.5399932861328,19.918764114379883,77.2146224975586,295.7699890136719,388.7486572265625,40.35670852661133
2022-12-02,336.0,168.32000732421875,20.213367462158203,77.55140686035156,308.7699890136719,388.30010986328125,40.11682891845703
2022-12-05,335.82000732421875,167.13999938964844,19.9567813873291,77.50590515136719,314.05999755859375,381.3148193359375,38.92633819580078
2022-12-06,309.7300109863281,157.47000122070312,19.53863525390625,77.53321075439453,298.9800109863281,375.81829833984375,37.90020751953125
2022-12-07,317.04998779296875,154.74000549316406,19.462608337402344,77.63333129882812,310.7900085449219,375.1789855957031,37.811363220214844
2022-12-08,319.8699951171875,152.7100067138672,19.614660263061523,78.0611343383789,315.510009765625,378.1180114746094,37.6425666809082
2022-12-09,319.54998779296875,150.9600067138672,19.557641983032227,76.9233627319336,314.79998779296875,375.2934265136719,36.72749328613281
2022-12-12,320.8599853515625,150.27999877929688,19.738204956054688,78.78022766113281,314.9100036621094,380.7041320800781,37.69142532348633
2022-12-13,325.989990234375,157.0800018310547,19.972389221191406,79.32635498046875,327.6400146484375,383.58599853515625,38.40660858154297
2022-12-14,332.79998779296875,160.08999633789062,20.20086097717285,79.23534393310547,335.6099853515625,381.133544921875,38.171180725097656
2022-12-15,314.05999755859375,159.41000366210938,19.78199577331543,78.10663604736328,327.30999755859375,371.8103332519531,37.9401969909668
2022-12-16,303.3900146484375,155.0800018310547,19.429763793945312,76.5865707397461,320.5299987792969,367.420654296875,37.4737663269043
2022-12-19,305.010009765625,156.77000427246094,19.2203311920166,76.02223205566406,309.5799865722656,364.30517578125,37.46928024291992
2022-12-20,302.07000732421875,156.58999633789062,19.1917724609375,76.02223205566406,309.8999938964844,364.8036804199219,38.034751892089844
2022-12-21,317.1000061035156,162.05999755859375,19.467844009399414,77.05078887939453,323.1600036621094,370.25830078125,38.757293701171875
2022-12-22,298.8699951171875,156.88999938964844,19.134653091430664,75.8583755493164,311.4599914550781,364.9761657714844,37.86420440673828
2022-12-23,293.95001220703125,156.75,19.02993392944336,76.6138687133789,310.1499938964844,367.07562255859375,39.07145690917969
2022-12-27,274.5400085449219,150.22000122070312,18.81098175048828,76.4591293334961,293.0400085449219,365.6280517578125,39.488826751708984
2022-12-28,267.3800048828125,146.1699981689453,18.620586395263672,75.6945571899414,275.8399963378906,361.08404541015625,38.604713439941406
2022-12-29,265.489990234375,148.77999877929688,18.915699005126953,76.5319595336914,280.6600036621094,367.583740234375,39.00862503051758
2022-12-30,264.9599914550781,149.7899932861328,18.89665985107422,76.09504699707031,283.2699890136719,366.6154479980469,39.255455017089844
2023-01-03,253.30999755859375,145.94000244140625,18.687225341796875,76.30441284179688,285.42999267578125,365.0720520019531,37.87767791748047
2023-01-04,251.63999938964844,146.77999877929688,18.839542388916016,76.90513610839844,290.55999755859375,367.8905029296875,37.873191833496094
2023-01-05,240.3699951171875,145.4600067138672,18.44923210144043,75.21212005615234,276.75,363.6916198730469,38.564327239990234
2023-01-06,233.64999389648438,156.8000030517578,18.925216674804688,76.14056396484375,281.80999755859375,372.0318298339844,39.295841217041016
2023-01-09,227.94000244140625,159.1699981689453,19.087051391601562,76.52285766601562,284.1400146484375,371.8208923339844,39.15671920776367
2023-01-10,229.8300018310547,171.00999450683594,19.372644424438477,76.9506607055664,285.4800109863281,374.4284362792969,39.43497085571289
2023-01-11,238.82000732421875,172.41000366210938,19.934309005737305,77.36936950683594,302.1499938964844,379.1641540527344,39.55613708496094
2023-01-12,241.72000122070312,178.85000610351562,20.229419708251953,77.4330825805664,309.4599914550781,380.5445251464844,40.31010437011719
2023-01-13,245.8300018310547,180.19000244140625,20.20086097717285,77.07809448242188,315.0199890136719,382.0209655761719,40.368446350097656
2023-01-17,251.05999755859375,177.60000610351562,20.334138870239258,78.04293060302734,320.1700134277344,381.3210754394531,40.45371627807617
2023-01-18,250.30999755859375,177.57000732421875,20.096145629882812,76.27709197998047,319.70001220703125,375.3008117675781,39.71321105957031
2023-01-19,222.97000122070312,165.00999450683594,19.420244216918945,75.17571258544922,286.7200012207031,372.56866455078125,40.20687484741211
2023-01-20,222.5399932861328,167.8699951171875,19.610641479492188,74.47483825683594,294.7300109863281,379.5093078613281,40.60630416870117
2023-01-23,228.44000244140625,176.2100067138672,19.96286964416504,75.24853515625,309.17999267578125,384.0628967285156,40.66016387939453
2023-01-24,219.47000122070312,171.49000549316406,19.8105525970459,76.36811065673828,308.3699951171875,383.6506652832031,40.503082275390625
2023-01-25,210.32000732421875,168.25999450683594,19.648717880249023,69.71434020996094,300.5199890136719,383.79443359375,40.507572174072266
2023-01-26,208.02000427246094,175.42999267578125,19.639198303222656,69.54141235351562,303.3800048828125,388.01251220703125,41.7866096496582
2023-01-27,210.08999633789062,179.35000610351562,19.54399871826172,68.7950210571289,306.44000244140625,388.9040832519531,40.94289779663086
2023-01-30,212.22000122070312,170.77999877929688,19.1917724609375,68.31260681152344,301.8699951171875,384.02447509765625,40.00492477416992
2023-01-31,221.3800048828125,177.60000610351562,19.74391746520996,67.9302978515625,319.1300048828125,389.67095947265625,40.35946273803711
2023-02-01,227.13999938964844,180.14999389648438,19.943830490112305,67.5753173828125,327.69000244140625,393.8122863769531,39.565120697021484
2023-02-02,227.6999969482422,168.6699981689453,19.8200740814209,68.81322479248047,327.6099853515625,399.5450134277344,38.66305160522461
2023-02-03,222.92999267578125,168.19000244140625,19.30600929260254,67.96670532226562,316.0,395.2981872558594,38.57778549194336
2023-02-06,222.99000549316406,167.47000122070312,19.248889923095703,68.73129272460938,319.54998779296875,392.88238525390625,38.40275955200195
2023-02-07,228.4600067138672,165.88999938964844,19.239368438720703,69.25013732910156,319.4100036621094,398.0207824707031,39.65038299560547
2023-02-08,218.8699951171875,165.5800018310547,19.087051391601562,68.2944107055664,323.6099853515625,393.6684875488281,39.295841217041016
2023-02-09,209.60000610351562,163.94000244140625,18.763383865356445,66.6923828125,295.8699951171875,390.25567626953125,38.95924758911133
2023-02-10,212.07000732421875,163.3800048828125,18.734825134277344,68.03042602539062,300.7099914550781,391.1663818359375,40.485137939453125
2023-02-13,212.57000732421875,167.25999450683594,18.915699005126953,68.83143615722656,310.7099914550781,395.75836181640625,40.38190841674805
2023-02-14,208.35000610351562,165.0399932861328,18.782424926757812,69.2046127319336,315.42999267578125,395.5762023925781,40.39537048339844
2023-02-15,217.8699951171875,172.36000061035156,19.182249069213867,70.03292846679688,343.9800109863281,396.8608093261719,39.708736419677734
2023-02-16,202.8000030517578,165.00999450683594,18.668188095092773,68.89514923095703,314.94000244140625,391.3965148925781,39.31828308105469
2023-02-17,204.99000549316406,164.27999877929688,18.67770767211914,69.24102783203125,305.0400085449219,390.418701171875,37.918060302734375
2023-02-21,201.64999389648438,160.99000549316406,18.38259506225586,67.04739379882812,294.510009765625,382.5865173339844,37.72957992553711
2023-02-22,203.57000732421875,163.61000061035156,18.306434631347656,67.06558227539062,295.7099914550781,382.0592956542969,37.4782600402832
2023-02-23,204.7100067138672,165.5800018310547,18.363555908203125,66.32831573486328,301.8599853515625,384.09161376953125,38.04372787475586
2023-02-24,198.9600067138672,162.16000366210938,18.020845413208008,66.37380981445312,296.17999267578125,379.9886474609375,37.99436569213867
2023-02-27,210.77999877929688,166.11000061035156,18.325477600097656,65.83148956298828,313.6300048828125,381.2828369140625,38.1065559387207
2023-02-28,210.52999877929688,169.13999938964844,18.27787971496582,65.07111358642578,317.9200134277344,379.87359619140625,37.559043884277344
2023-03-01,212.9499969482422,195.67999267578125,18.5444278717041,64.00841522216797,327.42999267578125,378.4163818359375,38.299537658691406
2023-03-02,211.55999755859375,198.22000122070312,18.44923210144043,66.15211486816406,323.4200134277344,381.3594665527344,38.63612747192383
2023-03-03,217.16000366210938,210.11000061035156,18.83002471923828,67.63621520996094,326.8299865722656,387.4756164550781,39.16120529174805
2023-03-06,225.35000610351562,212.3000030517578,18.991857528686523,68.15840148925781,332.4800109863281,387.74407958984375,39.17915725708008
2023-03-07,224.2100067138672,214.2899932861328,18.791942596435547,67.56291198730469,328.3699951171875,381.8003845214844,38.49700164794922
2023-03-08,218.30999755859375,214.3300018310547,18.81098175048828,68.02098083496094,324.92999267578125,382.4235534667969,38.102073669433594
2023-03-09,215.85000610351562,211.25,18.525388717651367,67.57206726074219,313.5299987792969,375.367919921875,37.563514709472656
2023-03-10,210.22000122070312,207.72999572753906,18.249319076538086,66.885009765625,304.32000732421875,369.95159912109375,37.08332443237305
2023-03-13,211.52999877929688,203.5800018310547,18.34451675415039,67.1415023803711,316.2099914550781,369.4242858886719,36.32935333251953
2023-03-14,213.00999450683594,207.2899932861328,18.5444278717041,68.29580688476562,314.2699890136719,375.5309143066406,36.68838882446289
2023-03-15,205.75999450683594,203.22000122070312,18.106521606445312,69.1844253540039,306.42999267578125,373.1822509765625,34.71821212768555
2023-03-16,201.10000610351562,206.55999755859375,18.049402236938477,69.83486938476562,285.57000732421875,379.729736328125,35.095184326171875
2023-03-17,183.63999938964844,199.6199951171875,17.440141677856445,69.32183837890625,267.2099914550781,375.28973388671875,34.54317855834961
2023-03-20,192.50999450683594,204.67999267578125,17.697174072265625,69.5966796875,272.30999755859375,378.8983459472656,35.23472595214844
2023-03-21,207.6300048828125,209.25,18.097003936767578,69.03785705566406,296.510009765625,383.87347412109375,36.454566955566406
2023-03-22,202.14999389648438,205.00999450683594,17.811410903930664,67.91104888916016,289.5199890136719,377.329833984375,35.67913055419922
2023-03-23,204.66000366210938,210.19000244140625,17.94468879699707,67.61788940429688,291.5400085449219,378.3498840332031,35.18485641479492
2023-03-24,195.99000549316406,211.10000610351562,17.868528366088867,69.34017181396484,284.5199890136719,380.83251953125,35.320884704589844
2023-03-27,195.8300018310547,210.13999938964844,17.887569427490234,69.11114501953125,284.5899963378906,381.5446472167969,36.07365417480469
2023-03-28,193.52000427246094,210.00999450683594,17.887569427490234,68.92791748046875,277.79998779296875,380.688232421875,36.63142013549805
2023-03-29,203.9499969482422,215.35000610351562,18.239797592163086,69.72492980957031,291.94000244140625,386.2214660644531,37.139305114746094
2023-03-30,205.27000427246094,213.32000732421875,18.5444278717041,70.16465759277344,296.0299987792969,388.48291015625,37.30255126953125
2023-03-31,210.27999877929688,217.5,18.83002471923828,70.61356353759766,303.95001220703125,393.95849609375,37.56103515625
2023-04-03,202.60000610351562,208.49000549316406,18.620586395263672,70.23796081542969,298.30999755859375,395.45965576171875,39.26155471801758
2023-04-04,202.5399932861328,208.13999938964844,18.525388717651367,70.68685150146484,292.7699890136719,393.26556396484375,38.54960250854492
2023-04-05,193.6699981689453,201.61000061035156,18.25883674621582,71.75868225097656,278.8999938964844,392.2359313964844,39.13005065917969
2023-04-06,191.0,204.50999450683594,18.29691505432129,72.34500122070312,280.239990234375,393.7659912109375,38.5359992980957
2023-04-10,195.8000030517578,212.02999877929688,18.477792739868164,71.85029602050781,283.19000244140625,394.17010498046875,38.8443603515625
2023-04-11,196.8800048828125,210.02999877929688,18.534912109375,71.76783752441406,288.3500061035156,394.2760009765625,39.211669921875
2023-04-12,196.02999877929688,207.88999938964844,18.4873104095459,71.99688720703125,284.9599914550781,392.6689147949219,39.238887786865234
2023-04-13,209.69000244140625,211.25999450683594,18.839542388916016,72.23505401611328,306.8900146484375,397.88458251953125,39.48374938964844
2023-04-14,208.89999389648438,208.39999389648438,18.649147033691406,71.4747085571289,300.4599914550781,396.9127197265625,39.556312561035156
2023-04-17,224.9199981689453,218.88999938964844,18.953777313232422,71.95105743408203,315.1600036621094,398.3369445800781,39.089237213134766
2023-04-18,227.8699951171875,219.47999572753906,18.94426155090332,71.73120880126953,316.3900146484375,398.5966796875,39.243408203125
2023-04-19,224.27000427246094,218.19000244140625,18.83002471923828,72.31752014160156,314.3599853515625,398.5294189453125,39.10736846923828
2023-04-20,224.7899932861328,215.52999877929688,18.81098175048828,72.14344787597656,318.20001220703125,396.35455322265625,38.76274108886719
2023-04-21,223.61000061035156,216.88999938964844,18.84906005859375,72.36331939697266,319.20001220703125,396.6625671386719,38.5359992980957
2023-04-24,224.60000610351562,209.89999389648438,18.84906005859375,72.40914154052734,318.45001220703125,397.0763244628906,39.125511169433594
2023-04-25,220.60000610351562,210.52999877929688,18.477792739868164,71.2914810180664,309.2099914550781,390.7731628417969,38.390892028808594
2023-04-26,163.8300018310547,199.50999450683594,17.71621322631836,67.8560791015625,276.9700012207031,389.1180725097656,37.87846374511719
2023-04-27,164.17999267578125,200.8300018310547,18.030364990234375,69.48674774169922,289.1499938964844,396.8645935058594,38.01450729370117
2023-04-28,164.1999969482422,182.5800018310547,17.811410903930664,70.2013168334961,285.6300048828125,400.2519226074219,38.604026794433594
2023-05-01,160.58999633789062,180.85000610351562,17.630538940429688,70.3570327758789,276.0,399.8477478027344,38.16868591308594
2023-05-02,152.8800048828125,176.39999389648438,17.30686378479004,69.56918334960938,263.6099853515625,395.353759765625,36.50898361206055
2023-05-03,155.4199981689453,174.3300018310547,17.287826538085938,69.06533813476562,263.82000732421875,392.6400451660156,35.819705963134766
2023-05-04,155.4199981689453,171.58999633789062,17.40206527709961,69.17526245117188,281.2200012207031,389.85906982421875,35.420654296875
2023-05-05,159.64999389648438,178.60000610351562,17.735252380371094,69.17526245117188,293.3900146484375,397.0763244628906,36.38201141357422
2023-05-08,163.2899932861328,177.4600067138672,17.687654495239258,69.67913818359375,291.67999267578125,397.1821594238281,36.38201141357422
2023-05-09,157.8300018310547,178.0,17.582937240600586,69.23939514160156,286.260009765625,395.4403991699219,36.3956184387207
2023-05-10,161.4199981689453,180.74000549316406,17.687654495239258,70.43949890136719,294.8900146484375,397.2879943847656,35.98295593261719
2023-05-11,160.7899932861328,183.19000244140625,17.61149787902832,69.71576690673828,296.05999755859375,396.5951232910156,35.55216598510742
2023-05-12,167.5500030517578,231.69000244140625,18.15411949157715,71.41973876953125,301.8500061035156,396.0755310058594,35.6065673828125
2023-05-15,168.7100067138672,221.58999633789062,18.315956115722656,71.03497314453125,307.32000732421875,397.4419860839844,35.7879638671875
2023-05-16,160.9600067138672,212.8000030517578,17.93516731262207,69.47757720947266,295.1199951171875,394.78607177734375,34.90822982788086
2023-05-17,163.72999572753906,209.75999450683594,18.039884567260742,69.01953125,303.07000732421875,399.5783386230469,35.57936477661133
2023-05-18,163.72000122070312,206.27999877929688,17.8304500579834,68.7996597290039,301.67999267578125,403.4275817871094,35.83784866333008
2023-05-19,162.3699951171875,203.52999877929688,17.735252380371094,68.23168182373047,295.9200134277344,402.8405456542969,36.11445617675781
2023-05-22,164.64999389648438,201.69000244140625,17.925647735595703,68.32331085205078,298.8699951171875,403.00408935546875,35.964813232421875
2023-05-23,162.8300018310547,200.88999938964844,17.75429344177246,67.93852996826172,288.95001220703125,398.4812927246094,36.35026550292969
2023-05-24,164.0500030517578,198.5500030517578,17.67813491821289,68.0118179321289,288.20001220703125,395.5943298339844,36.50898361206055
2023-05-25,164.58999633789062,200.94000244140625,17.659095764160156,67.23311614990234,296.9599914550781,399.0201721191406,35.86051940917969
2023-05-26,165.1999969482422,201.77000427246094,17.61149787902832,68.15326690673828,294.4100036621094,404.1877746582031,35.71994400024414
2023-05-30,174.1199951171875,202.39999389648438,17.64957618713379,67.01922607421875,295.7900085449219,404.3417053222656,35.35262680053711
2023-05-31,173.8800048828125,202.9600067138672,17.459182739257812,67.7291488647461,284.8299865722656,402.0995788574219,34.73137283325195
2023-06-01,181.47000122070312,208.74000549316406,17.773330688476562,67.26815032958984,294.75,405.919921875,35.16217041015625
2023-06-02,181.86000061035156,206.74000549316406,17.868528366088867,68.08871459960938,291.05999755859375,411.7899475097656,36.23236083984375
2023-06-05,182.72999572753906,203.6699981689453,17.801891326904297,67.8489990234375,294.1000061035156,411.00091552734375,35.99202346801758
2023-06-06,182.61000061035156,196.82000732421875,17.811410903930664,67.65538024902344,290.75,411.8957824707031,36.28224563598633
2023-06-07,182.08999633789062,191.75999450683594,17.75870132446289,68.38375091552734,290.17999267578125,410.47161865234375,37.24360656738281
2023-06-08,181.39999389648438,192.3300018310547,17.806617736816406,69.05680847167969,285.3999938964844,412.9543762207031,37.08489227294922
2023-06-09,174.5800018310547,192.0,17.729949951171875,68.29155731201172,282.3299865722656,413.6953125,36.880828857421875
2023-06-12,176.88999938964844,196.24000549316406,17.92162322998047,68.2085952758789,285.4200134277344,417.4483947753906,36.527122497558594
2023-06-13,179.66000366210938,195.99000549316406,17.94078826904297,68.54972076416016,283.04998779296875,420.20050048828125,36.699440002441406
2023-06-14,179.1999969482422,193.02999877929688,17.797035217285156,67.673828125,271.44000244140625,420.7008972167969,36.32305908203125
2023-06-15,180.50999450683594,192.8800048828125,18.084548950195312,68.55894470214844,277.4599914550781,425.9165954589844,36.72211837768555
2023-06-16,181.80999755859375,188.99000549316406,17.9791259765625,69.6929702758789,276.70001220703125,424.4658508300781,36.66769790649414
2023-06-20,171.99000549316406,186.10000610351562,17.60536003112793,68.927734375,255.36000061035156,422.2636413574219,35.84700393676758
2023-06-21,167.99000549316406,184.5800018310547,17.509523391723633,69.8681640625,251.99000549316406,420.1000671386719,36.13063430786133
2023-06-22,162.52999877929688,187.0800018310547,17.327430725097656,69.26886749267578,244.57000732421875,421.6165466308594,35.645721435546875
2023-06-23,158.69000244140625,184.52000427246094,17.039920806884766,68.38375091552734,243.64999389648438,418.4290771484375,35.38953399658203
2023-06-26,159.2100067138672,178.5500030517578,17.0782527923584,68.49439239501953,247.61000061035156,416.7195129394531,36.02540969848633
2023-06-27,161.02999877929688,182.72999572753906,17.23159408569336,68.14404296875,255.22999572753906,421.2881164550781,36.10776138305664
2023-06-28,161.4199981689453,184.22000122070312,17.279510498046875,67.71070861816406,257.9599914550781,421.50067138671875,36.473731994628906
2023-06-29,158.77000427246094,184.00999450683594,17.202842712402344,67.1298599243164,253.9600067138672,423.1619567871094,36.894596099853516
2023-06-30,167.47999572753906,190.08999633789062,17.634111404418945,68.41141510009766,269.04998779296875,428.155517578125,37.132484436035156
2023-07-03,169.5500030517578,191.38999938964844,17.634111404418945,68.57737731933594,270.4200134277344,428.648193359375,37.21940231323242
2023-07-05,165.33999633789062,186.9499969482422,17.356184005737305,69.1029052734375,265.19000244140625,428.0106201171875,37.0135383605957
2023-07-06,161.3800048828125,183.13999938964844,16.96324920654297,67.32347869873047,255.0800018310547,424.6590270996094,36.180946350097656
2023-07-07,166.1699981689453,189.13999938964844,17.164506912231445,66.42913818359375,258.94000244140625,423.5868835449219,36.958641052246094
2023-07-10,175.47000122070312,190.82000732421875,17.394514083862305,66.11567687988281,264.989990234375,424.6590270996094,37.24685287475586
2023-07-11,173.77999877929688,189.6199951171875,17.461605072021484,66.55823516845703,265.04998779296875,427.3634948730469,38.06570816040039
2023-07-12,182.8000030517578,194.9600067138672,17.854537963867188,67.73836517333984,270.9200134277344,430.802001953125,38.41796112060547
2023-07-13,182.63999938964844,196.9499969482422,18.103713989257812,67.95964050292969,272.010009765625,434.22125244140625,38.271568298339844
2023-07-14,177.94000244140625,191.3000030517578,17.844955444335938,67.48942565917969,273.55999755859375,433.9508361816406,37.26057052612305
2023-07-17,189.6699981689453,206.7100067138672,18.24747085571289,66.99156188964844,283.8500061035156,435.4575500488281,37.18738555908203
2023-07-18,184.0500030517578,201.57000732421875,18.132465362548828,66.42913818359375,274.1600036621094,438.6932678222656,37.5625
2023-07-19,185.49000549316406,198.5800018310547,18.189970016479492,66.47525024414062,273.75,439.66888427734375,37.782073974609375
2023-07-20,175.9199981689453,198.5,17.950374603271484,68.31922149658203,263.1000061035156,436.7518005371094,38.2258186340332
2023-07-21,177.47999572753906,197.91000366210938,17.959959030151367,69.97879791259766,263.8999938964844,436.7518005371094,38.564361572265625
2023-07-24,177.80999755859375,197.66000366210938,17.94078826904297,69.60999298095703,260.0899963378906,438.7029113769531,39.1865119934082
2023-07-25,179.47000122070312,200.00999450683594,17.950374603271484,69.5546875,259.4599914550781,439.900634765625,39.392364501953125
2023-07-26,173.36000061035156,197.41000366210938,17.864120483398438,68.56816864013672,244.25999450683594,439.96826171875,39.406089782714844
2023-07-27,166.8000030517578,198.8000030517578,17.44243812561035,67.55396270751953,241.75,437.0512390136719,39.154476165771484
2023-07-28,154.3300018310547,208.39999389648438,17.423267364501953,67.1667251586914,236.7899932861328,441.33013916015625,39.2734260559082
2023-07-31,151.8300018310547,207.39999389648438,17.519107818603516,67.58163452148438,241.4600067138672,442.17047119140625,40.01909255981445
2023-08-01,150.32000732421875,202.67999267578125,17.269927978515625,66.53978729248047,239.47000122070312,440.9051513671875,39.83152389526367
2023-08-02,140.69000244140625,194.27999877929688,16.56072998046875,66.3000717163086,195.50999450683594,434.7718200683594,39.31002426147461
2023-08-03,140.36000061035156,196.24000549316406,16.5128116607666,64.63126373291016,189.7899932861328,433.52587890625,39.7080078125
2023-08-04,140.0,194.3800048828125,16.388221740722656,63.773826599121094,182.64999389648438,431.5650939941406,39.762908935546875
2023-08-07,135.4499969482422,195.60000610351562,16.301971435546875,63.28518295288086,180.74000549316406,435.3320007324219,39.808650970458984
2023-08-08,135.77000427246094,196.10000610351562,16.282800674438477,63.349708557128906,178.4499969482422,433.43890380859375,40.0053596496582
2023-08-09,138.4600067138672,203.60000610351562,16.445722579956055,63.543338775634766,183.1300048828125,430.5412902832031,40.508575439453125
2023-08-10,136.4600067138672,205.00999450683594,16.23488426208496,62.96248245239258,177.83999633789062,430.6957702636719,40.50400161743164
2023-08-11,135.1999969482422,204.8699951171875,16.158212661743164,63.543338775634766,176.35000610351562,430.44464111328125,41.126155853271484
2023-08-14,138.58999633789062,211.42999267578125,16.14862823486328,63.2114143371582,176.99000549316406,432.8206787109375,40.95232009887695
2023-08-15,134.55999755859375,199.8300018310547,15.669441223144531,62.0958137512207,170.0,427.77880859375,40.101436614990234
2023-08-16,132.8800048828125,191.88999938964844,15.496932983398438,62.28942108154297,162.32000732421875,424.6397399902344,39.75375747680664
2023-08-17,131.44000244140625,183.44000244140625,15.305258750915527,62.24333190917969,162.77000427246094,421.4040222167969,40.22952651977539
2023-08-18,130.33999633789062,181.91000366210938,15.295674324035645,62.53836441040039,162.33999633789062,421.60687255859375,40.62751770019531
2023-08-21,130.16000366210938,181.6999969482422,15.266923904418945,61.84688186645508,163.0,424.3500061035156,40.371337890625
2023-08-22,128.32000732421875,176.5,15.219005584716797,62.25254440307617,164.16000366210938,423.2005310058594,40.06025695800781
2023-08-23,130.36000061035156,180.5800018310547,15.468181610107422,62.593685150146484,167.07000732421875,427.9140319824219,39.95961380004883
2023-08-24,122.33999633789062,174.4199981689453,15.199836730957031,61.975955963134766,156.94000244140625,421.98358154296875,39.68513870239258
2023-08-25,124.08999633789062,177.4499969482422,15.372344970703125,62.658226013183594,161.6999969482422,424.95849609375,40.06940841674805
2023-08-28,125.30000305175781,176.75999450683594,15.420263290405273,62.713539123535156,161.47000122070312,427.6533508300781,40.33931350708008
2023-08-29,129.0500030517578,181.61000061035156,15.851532936096191,62.674556732177734,166.57000732421875,433.8349304199219,40.44910430908203
2023-08-30,128.11000061035156,184.9600067138672,15.50651741027832,62.284629821777344,164.11000061035156,435.62176513671875,40.650394439697266
2023-08-31,126.52999877929688,189.1199951171875,15.41067886352539,62.015411376953125,162.57000732421875,434.9842834472656,40.67784118652344
2023-09-01,128.72999572753906,186.3699951171875,15.401095390319824,62.080387115478516,161.9499969482422,435.795654296875,41.51042938232422
2023-09-05,127.7699966430664,186.47999572753906,15.16150188446045,61.45838165283203,161.6699981689453,433.91217041015625,41.73001480102539
2023-09-06,123.02999877929688,182.08999633789062,14.902741432189941,60.98491287231445,155.89999389648438,430.99517822265625,41.748313903808594
2023-09-07,122.2300033569336,180.5,14.797318458557129,61.504798889160156,152.2899932861328,429.6719665527344,41.7071418762207
2023-09-08,120.2300033569336,183.2100067138672,14.806903839111328,62.04325866699219,148.85000610351562,430.319091796875,42.109710693359375
2023-09-11,122.19000244140625,179.3699951171875,14.883572578430176,62.6931266784668,148.25999450683594,433.1491394042969,41.55616760253906
2023-09-12,123.3499984741211,180.94000244140625,14.979410171508789,62.87879943847656,150.8699951171875,430.7730407714844,42.535152435302734
2023-09-13,119.5999984741211,170.5,14.84523868560791,63.52866744995117,144.97000122070312,431.2752990722656,42.21492385864258
2023-09-14,122.30999755859375,177.0,15.20942211151123,64.31776428222656,144.75999450683594,434.993896484375,42.708988189697266
2023-09-15,120.30000305175781,174.0500030517578,14.998579025268555,63.7236213684082,140.2899932861328,429.75299072265625,42.09141540527344
2023-09-18,117.16000366210938,167.74000549316406,14.787734985351562,63.352256774902344,136.22000122070312,430.0050354003906,42.44810104370117
2023-09-19,122.08999633789062,169.17999267578125,14.84523868560791,62.74882888793945,138.4600067138672,429.11328125,42.05177307128906
2023-09-20,123.97000122070312,169.24000549316406,14.87398910522461,62.5260124206543,139.1999969482422,425.16827392578125,41.660064697265625
2023-09-21,124.8499984741211,166.24000549316406,14.586477279663086,62.117523193359375,136.2899932861328,418.1409912109375,41.088619232177734
2023-09-22,119.91999816894531,162.4499969482422,14.46188735961914,62.8509407043457,134.60000610351562,417.20074462890625,41.15774154663086
2023-09-25,121.0999984741211,164.33999633789062,14.356465339660645,62.63742446899414,131.8699951171875,418.9551696777344,41.67388916015625
2023-09-26,119.1500015258789,161.38999938964844,14.068955421447754,60.65998077392578,127.2699966430664,412.8001403808594,41.43425750732422
2023-09-27,120.11000061035156,158.61000061035156,13.982701301574707,55.66532516479492,128.00999450683594,412.9649353027344,42.46653366088867
2023-09-28,120.0199966430664,161.5,14.011451721191406,52.99161148071289,130.74000549316406,415.35906982421875,42.51261901855469
2023-09-29,120.1500015258789,161.58999633789062,14.011451721191406,53.18656539916992,129.50999450683594,414.3510437011719,41.65545654296875
2023-10-02,116.83999633789062,156.33999633789062,13.474761009216309,48.41471862792969,122.55999755859375,414.1862487792969,40.825931549072266
2023-10-03,114.22000122070312,151.25,13.100995063781738,48.999603271484375,120.30999755859375,408.64190673828125,40.79829025268555
2023-10-04,117.18000030517578,151.82000732421875,13.177663803100586,46.99430847167969,125.30999755859375,411.6177062988281,39.517147064208984
2023-10-05,116.01000213623047,145.35000610351562,13.043492317199707,45.90811538696289,120.62000274658203,411.46258544921875,39.27290725708008
2023-10-06,119.16000366210938,148.55999755859375,13.244749069213867,46.64153289794922,123.97000122070312,416.3478088378906,39.507930755615234
2023-10-09,119.75,143.8000030517578,13.244749069213867,45.78742218017578,119.22000122070312,419.0132751464844,40.825931549072266
2023-10-10,125.75,151.55999755859375,13.752690315246582,47.885555267333984,124.98999786376953,421.1942138671875,40.87663269042969
2023-10-11,128.61000061035156,151.5,13.886863708496094,49.70515823364258,124.54000091552734,422.9195251464844,40.35127639770508
2023-10-12,124.58000183105469,149.38999938964844,13.541847229003906,49.20384216308594,120.6500015258789,420.34124755859375,40.397361755371094
2023-10-13,123.80999755859375,147.9199981689453,13.417259216308594,50.58712387084961,119.76000213623047,418.2475891113281,41.28677749633789
2023-10-16,127.11000061035156,151.2899932861328,13.61851692199707,50.4849967956543,123.5999984741211,422.6481628417969,41.56327819824219
2023-10-17,129.24000549316406,158.05999755859375,13.704771995544434,50.290035247802734,127.6500015258789,422.6287536621094,41.9964714050293
2023-10-18,123.83999633789062,153.1300048828125,13.359755516052246,49.42665481567383,120.77999877929688,416.9971923828125,42.37897491455078
2023-10-19,115.9000015258789,151.97000122070312,13.139328956604004,48.63753128051758,113.9800033569336,413.3332824707031,42.30524444580078
2023-10-20,98.88999938964844,150.77000427246094,12.746397018432617,48.23832702636719,82.9000015258789,408.25421142578125,41.59554672241211
2023-10-23,96.29000091552734,151.32000732421875,12.688892364501953,47.8298454284668,85.48999786376953,407.5466613769531,40.9227180480957
2023-10-24,94.83999633789062,155.89999389648438,12.928487777709961,51.1719970703125,83.33999633789062,410.6192932128906,40.3466682434082
2023-10-25,94.3499984741211,151.36000061035156,12.660140991210938,52.416015625,81.04000091552734,404.72601318359375,40.27293014526367
2023-10-26,96.18000030517578,151.14999389648438,12.755980491638184,53.44651412963867,83.41000366210938,399.8796081542969,39.95954895019531
2023-10-27,82.08999633789062,143.25999450683594,12.353461265563965,52.211769104003906,76.98999786376953,398.06695556640625,39.000999450683594
2023-10-30,78.66000366210938,136.32000732421875,12.324708938598633,53.10300827026367,75.04000091552734,402.82623291015625,39.13005065917969
2023-10-31,79.58000183105469,142.4499969482422,12.468466758728027,54.12421798706055,75.94999694824219,405.3561096191406,39.25907897949219
2023-11-01,76.7300033569336,142.83999633789062,12.334294319152832,54.24491500854492,75.79000091552734,409.6791076660156,39.166908264160156
2023-11-02,78.91999816894531,147.58999633789062,12.765562057495117,55.61890411376953,72.79000091552734,417.5303039550781,40.35127639770508
2023-11-03,80.80999755859375,151.94000244140625,13.100995063781738,55.12686538696289,75.5999984741211,421.339599609375,39.945735931396484
2023-11-06,78.18000030517578,146.97000122070312,12.918902397155762,54.81121826171875,71.7699966430664,422.3088684082031,39.49410629272461
2023-11-07,78.83000183105469,144.3300018310547,12.842233657836914,54.272762298583984,73.16999816894531,423.5107727050781,38.61851119995117
2023-11-08,76.9000015258789,137.8300018310547,12.650558471679688,53.381526947021484,70.87000274658203,423.82098388671875,38.13462448120117
2023-11-09,75.55999755859375,132.52999877929688,12.525969505310059,50.8006477355957,70.33000183105469,420.5157165527344,38.0194206237793
2023-11-10,77.9800033569336,133.9199981689453,12.468466758728027,51.1905632019043,71.13999938964844,427.0777587890625,38.43878173828125
2023-11-13,78.55000305175781,133.83999633789062,12.468466758728027,50.596405029296875,71.62000274658203,426.67071533203125,38.71529006958008
2023-11-14,91.38999938964844,149.13999938964844,13.407674789428711,53.42794418334961,79.3499984741211,434.9483947753906,39.060916900634766
2023-11-15,92.80999755859375,152.4199981689453,13.474761009216309,52.91733932495117,80.04000091552734,435.8692626953125,38.9871826171875
2023-11-16,90.66999816894531,154.50999450683594,13.321420669555664,52.545989990234375,76.5199966430664,436.40234375,38.2267951965332
2023-11-17,92.86000061035156,155.02000427246094,13.407674789428711,53.26083755493164,78.98999786376953,436.945068359375,39.028656005859375
2023-11-20,98.5,159.2899932861328,13.656851768493652,53.23298645019531,81.05000305175781,440.3085632324219,39.083961486816406
2023-11-21,98.31999969482422,158.60000610351562,13.388506889343262,53.8271484375,78.91999816894531,439.3489990234375,38.996402740478516
2023-11-22,100.19999694824219,159.72000122070312,13.340587615966797,53.787841796875,78.68000030517578,441.045166015625,38.97796630859375
2023-11-24,100.22000122070312,154.3800048828125,13.302253723144531,53.86271286010742,78.08000183105469,441.3166198730469,39.13925552368164
2023-11-27,97.80000305175781,154.64999389648438,13.196831703186035,53.890785217285156,76.81999969482422,440.5218200683594,39.000999450683594
2023-11-28,99.0999984741211,155.02000427246094,13.369339942932129,54.433624267578125,76.97000122070312,440.9579772949219,39.010223388671875
2023-11-29,100.95999908447266,155.42999267578125,13.513096809387207,54.620811462402344,78.55000305175781,440.64776611328125,38.71988296508789
2023-11-30,101.0199966430664,157.77999877929688,13.61851692199707,54.76119613647461,79.37999725341797,442.3828125,38.97796630859375
2023-12-01,106.5199966430664,160.2899932861328,13.982701301574707,55.378910064697266,82.4800033569336,444.9999084472656,39.18073272705078
2023-12-04,108.87000274658203,159.5399932861328,13.934782028198242,54.910945892333984,83.5999984741211,442.6639404296875,39.000999450683594
2023-12-05,110.0,155.38999938964844,13.791025161743164,54.49913787841797,81.9000015258789,442.57672119140625,38.3189582824707
2023-12-06,106.7699966430664,145.2899932861328,13.61851692199707,56.34292221069336,80.66999816894531,440.7932434082031,37.747520446777344
2023-12-07,107.16999816894531,144.17999267578125,13.656851768493652,56.015350341796875,80.19000244140625,444.15667724609375,37.48944854736328
2023-12-08,103.01000213623047,145.3800048828125,13.503512382507324,55.874961853027344,78.4000015258789,446.0661315917969,37.894989013671875
2023-12-11,103.55000305175781,146.11000061035156,13.541847229003906,55.884315490722656,79.6500015258789,447.8011474609375,37.941078186035156
2023-12-12,99.81999969482422,139.89999389648438,13.311837196350098,55.706485748291016,76.18000030517578,449.84637451171875,37.42031478881836
2023-12-13,107.61000061035156,146.55999755859375,13.886863708496094,58.504913330078125,82.61000061035156,456.0497741699219,37.941078186035156
2023-12-14,120.22000122070312,158.25,14.55772590637207,58.75761032104492,96.31999969482422,457.513427734375,39.05630874633789
2023-12-15,123.91999816894531,168.6699981689453,14.66314697265625,57.559627532958984,97.12000274658203,456.7601318359375,38.84893035888672
2023-12-18,124.02999877929688,165.94000244140625,14.46188735961914,57.09165954589844,93.4800033569336,459.32940673828125,39.16624450683594
2023-12-19,135.32000732421875,172.66000366210938,14.854822158813477,57.62514114379883,102.23999786376953,462.1225891113281,39.636165618896484
2023-12-20,128.0,164.60000610351562,14.384359359741211,56.0059814453125,94.8499984741211,455.7188415527344,39.26860046386719
2023-12-21,133.86000061035156,170.0399932861328,14.84805965423584,55.7813606262207,97.08000183105469,460.03985595703125,39.42213821411133
2023-12-22,133.99000549316406,170.38999938964844,14.867380142211914,55.9217529296875,96.02999877929688,460.96441650390625,39.53845977783203
2023-12-26,137.33999633789062,171.94000244140625,15.0702486038208,56.352272033691406,96.95999908447266,462.910888671875,39.87809753417969
2023-12-27,135.6300048828125,172.44000244140625,15.108891487121582,56.69857406616211,96.43000030517578,463.74786376953125,39.70130157470703
2023-12-28,134.7899932861328,173.22000122070312,15.195834159851074,57.110382080078125,96.7300033569336,463.92303466796875,39.09645462036133
2023-12-29,132.13999938964844,172.27999877929688,15.041267395019531,56.848323822021484,93.5999984741211,462.5799560546875,39.0080451965332
2024-01-02,131.24000549316406,172.16000366210938,14.867380142211914,57.62514114379883,91.69999694824219,459.9911804199219,39.426788330078125
2024-01-03,122.62999725341797,167.4199981689453,14.529266357421875,58.01823043823242,86.44000244140625,456.2345886230469,40.06886291503906
2024-01-04,118.06999969482422,166.30999755859375,14.345717430114746,57.84040832519531,82.80000305175781,454.7650146484375,39.366310119628906
2024-01-05,115.38999938964844,166.8699951171875,14.297415733337402,58.10247039794922,79.58000183105469,455.3879089355469,39.39887619018555
2024-01-08,116.0,166.1300048828125,14.39401912689209,58.888641357421875,78.54000091552734,461.8890075683594,38.94291305541992
2024-01-09,117.05999755859375,166.91000366210938,14.345717430114746,58.03694534301758,77.22000122070312,461.1882629394531,38.319454193115234
2024-01-10,117.54000091552734,162.3300018310547,14.345717430114746,58.28964614868164,81.01000213623047,463.7964782714844,37.94258499145508
2024-01-11,114.29000091552734,160.2899932861328,14.152508735656738,56.82960510253906,77.62000274658203,463.59210205078125,38.04029846191406
2024-01-12,110.22000122070312,160.44000244140625,14.046244621276855,57.12909698486328,74.23999786376953,463.9132995605469,38.46833801269531
2024-01-16,108.75,149.10000610351562,13.553564071655273,56.48331069946289,72.83000183105469,462.21014404296875,37.551761627197266
2024-01-17,105.55000305175781,147.25999450683594,13.244430541992188,54.53657531738281,68.22000122070312,459.6408996582031,37.24003219604492
2024-01-18,106.66000366210938,147.4499969482422,13.302392959594727,53.956302642822266,69.2699966430664,463.7283935546875,37.17955017089844
2024-01-19,103.58999633789062,145.9199981689453,13.292733192443848,53.591285705566406,69.11000061035156,469.50927734375,37.30052185058594
2024-01-22,107.1500015258789,149.91000366210938,13.427977561950684,53.20755386352539,71.8499984741211,470.50201416015625,37.440093994140625
2024-01-23,111.30000305175781,151.4600067138672,13.592205047607422,53.70359802246094,71.83999633789062,471.8741760253906,37.519195556640625
2024-01-24,108.06999969482422,148.8699951171875,13.466619491577148,53.35730743408203,70.19999694824219,472.3900146484375,38.05425262451172
2024-01-25,106.83000183105469,149.22999572753906,13.524582862854004,54.2651481628418,70.44000244140625,474.9593200683594,38.910343170166016
2024-01-26,105.37000274658203,147.8300018310547,13.39899730682373,54.73311996459961,68.83999633789062,474.35589599609375,39.19881057739258
2024-01-29,109.16999816894531,149.3000030517578,13.592205047607422,55.75328826904297,71.25,478.112548828125,39.142982482910156
2024-01-30,106.3499984741211,149.02999877929688,13.389336585998535,55.48186111450195,69.16000366210938,477.74267578125,39.547760009765625
2024-01-31,104.12999725341797,146.3000030517578,13.341035842895508,54.87350845336914,66.5,469.947265625,38.807987213134766
2024-02-01,105.44000244140625,147.88999938964844,13.766092300415039,55.9217529296875,69.2699966430664,476.0979919433594,38.80333709716797
2024-02-02,101.76000213623047,141.82000732421875,13.505260467529297,54.42427062988281,68.0,481.1100158691406,38.859161376953125
2024-02-05,97.80000305175781,139.8000030517578,13.205788612365723,52.38394546508789,65.66999816894531,479.3582458496094,38.76145935058594
2024-02-06,100.51000213623047,141.11000061035156,13.437638282775879,52.627281188964844,67.37999725341797,480.74993896484375,38.887081146240234
2024-02-07,117.51000213623047,145.4600067138672,13.77575397491455,52.767669677734375,76.18000030517578,484.75958251953125,38.96617126464844
2024-02-08,116.87999725341797,143.1699981689453,13.698471069335938,52.68344497680664,75.51000213623047,484.9737243652344,39.366310119628906
2024-02-09,122.47000122070312,151.5,13.901339530944824,52.95485305786133,77.76000213623047,487.7765808105469,38.76145935058594
2024-02-12,128.89999389648438,157.22000122070312,14.142849922180176,53.86271286010742,83.30000305175781,487.5624694824219,39.18950271606445
2024-02-13,123.55999755859375,152.33999633789062,13.640506744384766,51.710079193115234,76.55000305175781,480.84722900390625,38.794029235839844
2024-02-14,131.6199951171875,158.24000549316406,14.017263412475586,52.4213752746582,82.61000061035156,485.2170104980469,38.75680160522461
2024-02-15,136.38999938964844,159.77999877929688,14.229792594909668,53.600643157958984,86.94000244140625,488.56488037109375,39.83623123168945
2024-02-16,131.8699951171875,156.97999572753906,14.017263412475586,53.37602233886719,85.05999755859375,486.1318664550781,39.812965393066406
2024-02-20,127.55000305175781,153.25,13.824055671691895,52.982933044433594,84.41999816894531,483.4555358886719,39.4500617980957
2024-02-21,126.23999786376953,150.02999877929688,13.669487953186035,53.44153594970703,74.13999938964844,483.8934631347656,40.18983459472656
2024-02-22,123.44000244140625,144.72999572753906,13.36035442352295,53.03908920288086,69.93000030517578,493.9078369140625,40.259620666503906
2024-02-23,118.19000244140625,142.88999938964844,13.215449333190918,53.14204406738281,67.3499984741211,494.24847412109375,39.994415283203125
2024-02-26,119.83999633789062,144.5800018310547,13.225109100341797,52.08892822265625,67.08000183105469,492.4382629394531,40.13399887084961
2024-02-27,121.11000061035156,144.99000549316406,13.36035442352295,52.47616958618164,69.33999633789062,493.35308837890625,39.961849212646484
2024-02-28,119.0999984741211,149.25,13.215449333190918,51.98503494262695,65.55999755859375,492.7010498046875,39.882755279541016
2024-02-29,127.01000213623047,153.88999938964844,13.437638282775879,52.126712799072266,67.16999816894531,494.4722900390625,40.07816696166992
2024-03-01,129.66000366210938,158.0500030517578,13.650168418884277,52.145599365234375,67.87999725341797,499.114501953125,40.543426513671875
2024-03-04,123.97000122070312,156.6999969482422,13.437638282775879,51.918914794921875,67.05999755859375,498.5792541503906,40.11073303222656
2024-03-05,125.08999633789062,159.05999755859375,13.39899730682373,52.32505798339844,67.61000061035156,493.596435546875,40.40850830078125
2024-03-06,125.36000061035156,158.4199981689453,13.601865768432617,52.447837829589844,70.36000061035156,496.0975646972656,40.534122467041016
2024-03-07,129.69000244140625,160.35000610351562,13.78541374206543,53.12787628173828,75.26000213623047,501.02203369140625,40.8784294128418
2024-03-08,130.27999877929688,161.35000610351562,13.853036880493164,54.601287841796875,75.72000122070312,498.01483154296875,41.02265548706055
2024-03-11,128.69000244140625,162.16000366210938,13.833715438842773,54.657955169677734,74.48999786376953,497.5865783691406,41.4460563659668
2024-03-12,121.0,159.3800048828125,13.466619491577148,53.97792053222656,72.13999938964844,502.9393005371094,41.380916595458984
2024-03-13,118.16999816894531,158.0399932861328,13.234769821166992,56.23526382446289,67.8499984741211,502.1509704589844,42.04159927368164
2024-03-14,110.41000366210938,149.38999938964844,13.05122184753418,56.23526382446289,64.56999969482422,501.1582946777344,42.47429275512695
2024-03-15,107.7300033569336,147.4199981689453,12.964278221130371,56.74530029296875,61.560001373291016,497.7170715332031,42.59992218017578
2024-03-18,111.19000244140625,149.47999572753906,13.031902313232422,56.830291748046875,62.70000076293945,500.675048828125,42.747188568115234
2024-03-19,109.16000366210938,147.47999572753906,12.964278221130371,57.86924743652344,62.25,503.4573974609375,43.234981536865234
2024-03-20,113.69999694824219,151.02000427246094,13.2540922164917,58.74761962890625,65.44999694824219,508.11407470703125,43.17401123046875
2024-03-21,115.37999725341797,152.67999267578125,13.27341079711914,57.954246520996094,66.7300033569336,509.793212890625,43.43197250366211
2024-03-22,114.61000061035156,153.30999755859375,13.225109100341797,58.35093688964844,64.69999694824219,508.82666015625,43.338165283203125
2024-03-25,111.05000305175781,154.77000427246094,13.109184265136719,59.13486862182617,64.0199966430664,507.42095947265625,43.741539001464844
2024-03-26,109.3499984741211,153.16000366210938,13.012579917907715,58.020362854003906,63.43000030517578,506.4837341308594,43.403831481933594
2024-03-27,119.80000305175781,167.4499969482422,13.514922142028809,60.2493782043457,69.69000244140625,510.7401123046875,43.80719757080078
2024-03-28,120.9800033569336,168.8000030517578,13.505260467529297,60.36270523071289,70.9800033569336,510.6424865722656,44.280914306640625
2024-04-01,118.29000091552734,171.8699951171875,13.495601654052734,59.86212921142578,70.95999908447266,509.7541198730469,44.609230041503906
2024-04-02,113.55000305175781,167.1699981689453,13.27341079711914,59.3898811340332,66.88999938964844,506.5130310058594,45.2330436706543
2024-04-03,118.5999984741211,166.72999572753906,13.36035442352295,59.07819747924805,68.38999938964844,507.0694580078125,45.5425910949707
2024-04-04,120.77999877929688,171.4600067138672,13.350693702697754,60.19270706176758,68.7699966430664,500.88006591796875,45.51445007324219
2024-04-05,112.2699966430664,174.60000610351562,13.205788612365723,60.61772918701172,66.69000244140625,506.1127014160156,46.00224304199219
2024-04-08,115.23999786376953,179.22000122070312,13.302392959594727,61.259986877441406,66.94999694824219,506.3957824707031,45.71145248413086
2024-04-09,121.9800033569336,184.6999969482422,13.717790603637695,61.75111770629883,72.08999633789062,506.98162841796875,45.72550964355469
2024-04-10,119.5999984741211,185.2899932861328,13.341035842895508,60.4571647644043,70.69999694824219,501.9051208496094,45.86622619628906
2024-04-11,121.69999694824219,184.44000244140625,13.408658027648926,60.39104461669922,70.26000213623047,505.6929931640625,45.83338928222656
2024-04-12,117.0199966430664,182.47999572753906,13.070542335510254,59.57878112792969,65.3499984741211,498.7128601074219,45.0876350402832
2024-04-15,112.47000122070312,175.9600067138672,12.780730247497559,59.26709747314453,60.439998626708984,492.4649353027344,44.6655158996582
2024-04-16,110.47000122070312,173.0800018310547,12.61650276184082,58.27537536621094,59.52000045776367,491.56671142578125,44.276222229003906
2024-04-17,112.05000305175781,178.00999450683594,12.72276782989502,60.2493782043457,59.7400016784668,488.65753173828125,44.14958572387695
2024-04-18,109.16999816894531,174.2899932861328,12.655145645141602,60.4571647644043,57.38999938964844,487.6520080566406,44.0135612487793
2024-04-19,106.4800033569336,175.0399932861328,12.577861785888672,60.7310676574707,55.79999923706055,483.3956604003906,44.5435676574707
2024-04-22,110.51000213623047,176.27999877929688,12.684125900268555,61.685001373291016,54.5099983215332,487.8473205566406,44.83436584472656
2024-04-23,113.4800033569336,180.10000610351562,12.809712409973145,62.525596618652344,56.77000045776367,493.6363830566406,45.08294677734375
2024-04-24,107.16999816894531,177.47999572753906,12.693787574768066,62.86562728881836,57.86000061035156,493.4020690917969,45.11578369140625
2024-04-25,107.83000183105469,175.02000427246094,12.635824203491211,63.18675994873047,56.61000061035156,491.5276794433594,45.3221549987793
2024-04-26,111.93000030517578,178.72999572753906,12.780730247497559,62.32725524902344,58.20000076293945,496.18438720703125,44.904720306396484
2024-04-29,113.8499984741211,180.8300018310547,12.973938941955566,63.67788314819336,60.0099983215332,497.9416198730469,45.2095832824707
2024-04-30,108.76000213623047,176.3000030517578,12.780730247497559,63.25287628173828,58.650001525878906,490.0535888671875,43.86347198486328
2024-05-01,105.16000366210938,177.5800018310547,12.800050735473633,64.80184936523438,58.099998474121094,488.4623107910156,43.16462707519531
2024-05-02,106.05999755859375,180.50999450683594,13.060882568359375,65.02851867675781,59.65999984741211,493.0310974121094,43.41321563720703
2024-05-03,114.19999694824219,191.5500030517578,13.379676818847656,66.24691772460938,60.45000076293945,499.14239501953125,43.41790008544922
2024-05-06,115.08000183105469,193.80999755859375,13.437638282775879,67.2953109741211,60.06999969482422,504.29693603515625,43.76029586791992
2024-05-07,114.93000030517578,194.6699981689453,13.485939979553223,67.95645141601562,58.709999084472656,504.8534851074219,43.71807861328125
2024-05-08,112.36000061035156,190.72000122070312,13.379676818847656,68.80648803710938,57.54999923706055,504.90216064453125,43.666481018066406
2024-05-09,111.12999725341797,193.61000061035156,13.476280212402344,70.44048309326172,52.66999816894531,507.81134033203125,44.25276565551758
2024-05-10,108.3499984741211,191.0500030517578,13.370016098022461,69.69432830810547,49.470001220703125,508.4654846191406,44.00887680053711
2024-05-13,110.77999877929688,189.5399932861328,13.408658027648926,70.44048309326172,52.209999084472656,508.5338134765625,43.89162063598633
2024-05-14,117.11000061035156,186.97000122070312,13.63084602355957,71.2338638305664,53.75,510.8670654296875,43.94790267944336
2024-05-15,115.47000122070312,191.92999267578125,13.804734230041504,72.77339935302734,51.349998474121094,517.1930541992188,44.04640197753906
2024-05-16,116.8499984741211,194.6199951171875,13.766092300415039,72.16889953613281,50.52000045776367,516.1289672851562,43.92444610595703
2024-05-17,114.31999969482422,197.58999633789062,13.67914867401123,71.86666107177734,48.40999984741211,516.8709106445312,44.538875579833984
2024-05-20,113.44999694824219,196.33999633789062,13.669487953186035,71.65888214111328,48.709999084472656,517.4664306640625,44.24808120727539
2024-05-21,111.5,212.11000061035156,13.78541374206543,72.6789321899414,48.47999954223633,518.735595703125,44.032325744628906
2024-05-22,121.2300033569336,251.75,14.28775405883789,72.08390045166016,52.83000183105469,517.241943359375,43.188079833984375
2024-05-23,117.5,249.80999755859375,14.075225830078125,71.13941192626953,47.209999084472656,513.4638061523438,42.79409408569336
2024-05-24,125.18000030517578,276.739990234375,14.41334056854248,72.35779571533203,48.02000045776367,516.8612060546875,42.855072021484375
2024-05-28,129.3800048828125,280.1600036621094,14.567907333374023,73.22674560546875,49.97999954223633,517.222412109375,43.29595184326172
2024-05-29,125.69000244140625,278.19000244140625,14.326395988464355,72.42391967773438,48.560001373291016,513.6004638671875,42.531436920166016
2024-05-30,130.66000366210938,276.7799987792969,14.529266357421875,73.85010528564453,49.31999969482422,510.1935119628906,42.653385162353516
2024-05-31,127.9000015258789,271.760009765625,14.461642265319824,75.57852935791016,48.9900016784668,514.84033203125,43.7133903503418
2024-06-03,127.55000305175781,272.7200012207031,14.567907333374023,73.87217712402344,48.0099983215332,515.2601318359375,42.5689582824707
2024-06-04,129.77000427246094,266.1700134277344,14.432661056518555,73.33983612060547,47.369998931884766,515.8360595703125,42.16090774536133
2024-06-05,133.24000549316406,273.05999755859375,14.548585891723633,73.24476623535156,48.91999816894531,521.9669189453125,42.156211853027344
2024-06-06,132.3000030517578,273.45001220703125,14.403680801391602,72.91204833984375,48.31999969482422,521.9571533203125,42.37665939331055
2024-06-07,122.75,267.3399963378906,14.03658390045166,71.66676330566406,46.290000915527344,521.3226318359375,42.20780944824219
2024-06-10,130.6699981689453,279.79998779296875,14.278095245361328,73.16873168945312,46.88999938964844,522.933349609375,42.5267448425293
2024-06-11,132.41000366210938,294.5299987792969,14.322822570800781,69.14763641357422,45.88999938964844,524.1926879882812,42.44231414794922
2024-06-12,134.52000427246094,300.7099914550781,14.458952903747559,68.69133758544922,44.66999816894531,528.4979858398438,41.987369537353516
2024-06-13,129.72000122070312,291.55999755859375,14.264481544494629,69.5658950805664,43.27000045776367,529.5620727539062,41.602760314941406
2024-06-14,124.61000061035156,273.6099853515625,13.943603515625,69.45182800292969,39.86000061035156,529.8841552734375,41.29320526123047
2024-06-17,120.83000183105469,261.3299865722656,13.729684829711914,68.73886108398438,38.22999954223633,534.1016235351562,41.40108108520508
2024-06-18,119.01000213623047,262.3699951171875,13.74913215637207,66.96122741699219,37.06999969482422,535.45849609375,41.57461929321289
2024-06-20,108.56999969482422,260.07000732421875,13.564383506774902,68.8814697265625,34.310001373291016,534.00390625,42.339134216308594
2024-06-21,106.66999816894531,258.8699951171875,13.525489807128906,69.21417999267578,33.0099983215332,533.2880249023438,42.09524917602539
2024-06-24,108.0199966430664,261.2799987792969,13.661619186401367,70.20279693603516,33.25,531.5545043945312,43.15666961669922
2024-06-25,101.8499984741211,256.739990234375,13.408806800842285,69.37578582763672,26.399999618530273,533.6015014648438,43.255950927734375
2024-06-26,102.94999694824219,247.92999267578125,13.331018447875977,69.74652099609375,24.989999771118164,534.267333984375,42.830440521240234
2024-06-27,105.2300033569336,249.9199981689453,13.389359474182129,70.07923889160156,25.270000457763672,535.1096801757812,42.92973327636719
2024-06-28,99.70999908447266,225.4600067138672,12.951798439025879,67.31294250488281,25.260000228881836,533.0040283203125,43.0952033996582
2024-07-01,97.26000213623047,222.7100067138672,12.942075729370117,66.44788360595703,23.969999313354492,534.1009521484375,43.118839263916016
2024-07-02,95.7699966430664,216.72999572753906,12.893458366394043,66.98973846435547,24.25,537.6953125,43.08574676513672
2024-07-03,99.16999816894531,231.11000061035156,13.214335441589355,68.28256225585938,25.31999969482422,540.0948486328125,43.274864196777344
2024-07-05,97.13999938964844,222.1199951171875,13.233782768249512,68.52973175048828,25.049999237060547,543.2093505859375,42.59877014160156
2024-07-08,102.80999755859375,227.1199951171875,13.321294784545898,68.54875946044922,27.3700008392334,543.8361206054688,42.33872985839844
2024-07-09,103.58999633789062,225.22999572753906,13.321294784545898,68.55824279785156,26.8700008392334,544.3648681640625,41.96522521972656
2024-07-10,106.75,228.57000732421875,13.476871490478516,69.29974365234375,29.6299991607666,549.7515869140625,42.248897552490234
2024-07-11,111.68000030517578,233.4499969482422,13.846366882324219,71.0108413696289,29.90999984741211,545.0113525390625,42.688602447509766
2024-07-12,119.33999633789062,233.24000549316406,14.01166820526123,72.24663543701172,31.649999618530273,548.4490356445312,42.797340393066406
2024-07-15,113.05999755859375,213.4199981689453,13.46714973449707,67.46504974365234,26.790000915527344,549.957275390625,43.445068359375
2024-07-16,116.16999816894531,221.25,13.700514793395996,68.34912109375,30.200000762939453,553.2185668945312,43.638916015625
2024-07-17,111.1500015258789,208.1699981689453,13.418530464172363,67.39850616455078,28.110000610351562,545.4618530273438,44.07388687133789
2024-07-18,107.94999694824219,213.5800018310547,13.369913101196289,68.13046264648438,26.739999771118164,541.27001953125,44.15426254272461
2024-07-19,105.45999908447266,216.42999267578125,13.29212474822998,68.44417572021484,25.690000534057617,537.6757202148438,43.67201232910156
2024-07-22,104.73999786376953,220.24000549316406,13.447700500488281,69.29974365234375,26.299999237060547,543.2191162109375,43.397796630859375
2024-07-23,103.63999938964844,223.00999450683594,13.350464820861816,68.54875946044922,25.520000457763672,542.3670043945312,42.707515716552734
2024-07-24,116.91000366210938,221.3300018310547,13.535212516784668,71.6857681274414,25.170000076293945,530.0755615234375,42.71223831176758
2024-07-25,117.5199966430664,216.19000244140625,13.544937133789062,69.81306457519531,27.450000762939453,527.3136596679688,43.449798583984375
2024-07-26,119.33999633789062,226.74000549316406,13.71996021270752,70.59255981445312,27.56999969482422,533.219482421875,43.5869026184082
2024-07-29,113.72000122070312,220.39999389648438,13.603278160095215,70.66860961914062,26.809999465942383,533.5328369140625,43.21340560913086
2024-07-30,109.37000274658203,210.88999938964844,13.544937133789062,70.611572265625,27.010000228881836,530.8297729492188,43.884769439697266
2024-07-31,115.11000061035156,215.99000549316406,13.758854866027832,72.61737060546875,28.860000610351562,539.4581909179688,44.06916046142578
2024-08-01,109.68000030517578,218.5,13.59355354309082,74.51860046386719,26.540000915527344,531.8189697265625,42.9013557434082
2024-08-02,105.19000244140625,213.0500030517578,13.55466079711914,75.2885971069336,25.31999969482422,521.9172973632812,41.79502487182617
2024-08-05,103.38999938964844,207.08999633789062,13.107376098632812,72.8930435180664,25.020000457763672,506.7171630859375,40.873069763183594
2024-08-06,101.52999877929688,210.4499969482422,13.17544174194336,73.16873168945312,23.899999618530273,511.3889465332031,41.12364959716797
2024-08-07,103.41999816894531,208.75999450683594,13.301847457885742,73.72958374023438,23.59000015258789,507.9708251953125,41.289127349853516
2024-08-08,108.80000305175781,213.1300048828125,13.525489807128906,73.71057891845703,22.8700008392334,519.7136840820312,42.177982330322266
2024-08-09,107.86000061035156,211.8000030517578,13.46714973449707,73.634521484375,21.200000762939453,522.0054321289062,42.272544860839844
2024-08-12,109.11000061035156,219.22999572753906,13.437976837158203,73.74859619140625,21.440000534057617,522.2797241210938,42.480567932128906
2024-08-13,112.5199966430664,230.27000427246094,13.768579483032227,74.2619400024414,21.8799991607666,530.8689575195312,42.069236755371094
2024-08-14,111.1500015258789,225.5399932861328,13.671343803405762,74.15735626220703,22.3700008392334,532.5437622070312,42.315086364746094
2024-08-15,117.12000274658203,229.5800018310547,13.797749519348145,73.58700561523438,24.56999969482422,541.671630859375,42.820980072021484
2024-08-16,116.38999938964844,225.39999389648438,13.778303146362305,74.6897201538086,25.290000915527344,542.8860473632812,42.77370834350586
2024-08-19,119.70999908447266,228.3800048828125,13.972773551940918,75.43119049072266,27.530000686645508,548.0767822265625,43.062103271484375
2024-08-20,116.9800033569336,220.1999969482422,13.8171968460083,75.0794677734375,26.6299991607666,547.1856079101562,41.927398681640625
2024-08-21,119.30999755859375,222.6300048828125,13.87553882598877,75.70686340332031,26.850000381469727,549.0661010742188,41.998321533203125
2024-08-22,115.48999786376953,218.25999450683594,13.661619186401367,75.02242279052734,25.049999237060547,544.7566528320312,42.10706329345703
2024-08-23,123.0,231.07000732421875,14.050562858581543,75.72587585449219,28.770000457763672,550.5448608398438,42.735877990722656
2024-08-26,122.58999633789062,233.19000244140625,14.01166820526123,76.65747833251953,26.1299991607666,549.232421875,43.118839263916016
2024-08-27,122.52999877929688,235.4199981689453,13.953327178955078,75.67835235595703,25.690000534057617,549.9866333007812,42.71696853637695
2024-08-28,123.6500015258789,228.57000732421875,13.87553882598877,75.48822021484375,25.690000534057617,546.7938842773438,42.442745208740234
2024-08-29,121.30000305175781,223.10000610351562,13.788026809692383,76.0776138305664,24.90999984741211,546.8427734375,42.995914459228516
2024-08-30,121.04000091552734,227.3699951171875,13.89498519897461,77.02958679199219,24.329999923706055,552.0629272460938,43.15666961669922
2024-09-03,112.91000366210938,212.74000549316406,13.525489807128906,76.47467041015625,22.06999969482422,540.7020263671875,42.08342361450195
2024-09-04,113.11000061035156,215.39999389648438,13.700514793395996,77.57495880126953,21.719999313354492,539.5952758789062,41.501888275146484
2024-09-05,112.08000183105469,214.75999450683594,13.788026809692383,76.85736846923828,20.65999984741211,538.2828979492188,41.18038558959961
2024-09-06,108.6500015258789,208.64999389648438,13.50604248046875,76.52250671386719,19.489999771118164,529.2236328125,40.665042877197266
2024-09-09,103.04000091552734,205.36000061035156,13.486595153808594,77.6801986694336,17.940000534057617,535.1488037109375,40.95817184448242
2024-09-10,104.61000061035156,208.22000122070312,13.496319770812988,78.74221801757812,17.850000381469727,537.4797973632812,40.25370788574219
2024-09-11,110.58999633789062,239.83999633789062,13.972773551940918,79.82335662841797,19.360000610351562,542.9938354492188,39.88019943237305
2024-09-12,105.83000183105469,235.9499969482422,13.87553882598877,79.85206604003906,18.149999618530273,547.5675048828125,40.239524841308594
2024-09-13,109.91000366210938,228.7899932861328,14.050562858581543,80.9906234741211,19.700000762939453,550.4274291992188,40.46646499633789
2024-09-16,111.48999786376953,233.30999755859375,14.147799491882324,80.9810562133789,21.950000762939453,551.240234375,40.929805755615234
2024-09-17,118.52999877929688,239.97999572753906,14.254756927490234,81.29679870605469,22.520000457763672,551.4655151367188,41.482975006103516
2024-09-18,119.73999786376953,241.80999755859375,14.20613956451416,80.6366195678711,21.690000534057617,549.8299560546875,41.563350677490234
2024-09-19,117.36000061035156,240.4499969482422,14.128351211547852,78.7326431274414,21.200000762939453,559.2124633789062,42.05978012084961
2024-09-20,114.9000015258789,240.1999969482422,13.972773551940918,79.18232727050781,20.3700008392334,558.2457885742188,41.96522521972656
2024-09-23,117.0,249.27999877929688,14.079732894897461,81.15328216552734,20.639999389648438,559.6408081054688,42.4833984375
2024-09-24,116.69000244140625,244.72999572753906,14.20613956451416,80.64617919921875,21.25,561.2421264648438,42.37852096557617
2024-09-25,113.29000091552734,241.72000122070312,14.050562858581543,80.96192169189453,20.170000076293945,560.0042724609375,41.549068450927734
2024-09-26,113.61000061035156,255.66000366210938,14.283926963806152,79.85206604003906,21.610000610351562,562.2245483398438,40.733909606933594
2024-09-27,115.0,255.75,14.36171817779541,80.88538360595703,23.1200008392334,561.4091796875,41.56336975097656
2024-09-30,113.0199966430664,249.44000244140625,14.283926963806152,80.87580871582031,22.90999984741211,563.6588745117188,41.854148864746094
2024-10-01,111.19999694824219,240.66000366210938,14.099180221557617,81.58380889892578,22.020000457763672,558.6093139648438,42.807552337646484
2024-10-02,108.26000213623047,234.44000244140625,13.972773551940918,81.73690032958984,21.639999389648438,558.8450927734375,43.246116638183594
2024-10-03,106.79000091552734,235.1199951171875,13.8171968460083,81.37333679199219,20.260000228881836,557.8233032226562,44.00883483886719
2024-10-04,105.94999694824219,231.1300048828125,13.768579483032227,80.22521209716797,20.1299991607666,562.8924560546875,44.418792724609375
2024-10-07,106.36000061035156,229.6199951171875,13.758854866027832,76.81910705566406,20.420000076293945,557.8036499023438,44.57610321044922
2024-10-08,104.16999816894531,225.63999938964844,13.57410717010498,77.02001953125,18.559999465942383,563.0792236328125,43.41295623779297
2024-10-09,105.31999969482422,226.0500030517578,13.535212516784668,77.0965805053711,19.0,566.9793701171875,43.675140380859375
2024-10-10,99.19000244140625,205.0399932861328,13.204612731933594,77.44100189208984,18.18000030517578,565.9871215820312,43.970699310302734
2024-10-11,100.97000122070312,211.49000549316406,13.331018447875977,78.32124328613281,19.459999084472656,569.3764038085938,44.24241638183594
2024-10-14,101.47000122070312,209.9600067138672,13.272676467895508,79.32583618164062,18.829999923706055,574.032958984375,44.22334671020508
2024-10-15,92.04000091552734,201.97999572753906,13.010140419006348,79.21102905273438,18.190000534057617,569.5728149414062,42.79801559448242
2024-10-16,93.12999725341797,205.6199951171875,13.17544174194336,80.74185943603516,18.56999969482422,572.0484619140625,43.00299835205078
2024-10-17,91.56999969482422,203.3699951171875,13.039310455322266,80.1582260131836,17.93000030517578,572.0975341796875,43.207977294921875
2024-10-18,91.63999938964844,200.5500030517578,13.0684814453125,80.73230743408203,17.309999465942383,574.298095703125,43.06496810913086
2024-10-21,90.41999816894531,196.25,12.98097038269043,80.39743041992188,17.010000228881836,573.35498046875,42.93626022338867
2024-10-22,92.2300033569336,201.39999389648438,12.951798439025879,80.08168029785156,17.579999923706055,573.050537109375,43.03636932373047
2024-10-23,78.47000122070312,192.41000366210938,12.728157043457031,81.28721618652344,14.944999694824219,567.8143310546875,42.812320709228516
2024-10-24,81.0999984741211,196.0399932861328,12.757328033447266,79.23016357421875,15.255000114440918,569.0423583984375,42.807552337646484
2024-10-25,83.83000183105469,198.47000122070312,12.796221733093262,77.90982818603516,16.110000610351562,568.8458862304688,42.793251037597656
2024-10-28,84.68000030517578,205.02999877929688,12.922628402709961,79.2875747680664,17.459999084472656,570.6043701171875,42.52153778076172
2024-10-29,83.06999969482422,199.6699981689453,12.698987007141113,76.12066650390625,16.770000457763672,571.52783203125,41.87321853637695
2024-10-30,82.47000122070312,197.5,12.747604370117188,75.67098236083984,16.889999389648438,569.7987670898438,41.96856689453125
2024-10-31,83.04000091552734,194.47999572753906,12.73788070678711,75.82405853271484,17.059999465942383,558.6289672851562,42.230743408203125
2024-11-01,83.54000091552734,204.94000244140625,12.786498069763184,74.00619506835938,17.690000534057617,560.986572265625,41.96379089355469
2024-11-04,87.45999908447266,212.27999877929688,13.078205108642578,74.98209381103516,18.299999237060547,559.7784423828125,42.69791030883789
2024-11-05,89.94000244140625,215.88999938964844,13.126822471618652,75.24999237060547,18.8700008392334,566.5470581054688,42.98392868041992
2024-11-06,74.80999755859375,194.02000427246094,12.164189338684082,71.29853820800781,14.675000190734863,580.6346435546875,44.59993362426758
2024-11-07,71.58999633789062,196.6999969482422,12.3197660446167,71.39421844482422,14.880000114440918,585.1240844726562,44.39495849609375
2024-11-08,66.9000015258789,193.92999267578125,12.0377836227417,73.64262390136719,13.529999732971191,587.6587524414062,44.69050979614258
2024-11-11,63.65999984741211,193.8300018310547,11.989165306091309,72.6284408569336,13.680000305175781,588.2186279296875,44.94316101074219
2024-11-12,60.09000015258789,182.25999450683594,11.678011894226074,71.04977416992188,12.239999771118164,586.3914184570312,44.704811096191406
2024-11-13,60.38999938964844,182.1300048828125,11.639117240905762,71.0306396484375,12.100000381469727,586.6763916015625,45.05280303955078
2024-11-14,63.560001373291016,195.13999938964844,11.872482299804688,72.02568054199219,12.829999923706055,582.9039306640625,45.22441864013672
2024-11-15,59.52000045776367,190.4499969482422,11.755799293518066,73.04942321777344,10.640000343322754,575.4378051757812,45.157676696777344
2024-11-18,62.400001525878906,195.55999755859375,11.804418563842773,73.08770751953125,10.850000381469727,577.7954711914062,45.7583122253418
2024-11-19,61.36000061035156,187.36000061035156,11.726629257202148,73.74787139892578,10.46500015258789,579.9076538085938,45.467529296875
2024-11-20,63.380001068115234,184.83999633789062,11.746076583862305,73.5565185546875,10.869999885559082,580.1041259765625,45.9251594543457
2024-11-21,63.56999969482422,181.9499969482422,11.687734603881836,74.01576232910156,10.729999542236328,583.21826171875,46.29698181152344
2024-11-22,66.29000091552734,186.0500030517578,11.784969329833984,73.20187377929688,11.880000114440918,585.0259399414062,46.36848831176758
2024-11-25,71.91000366210938,192.82000732421875,11.998888969421387,73.81830596923828,13.770000457763672,587.0103759765625,45.45322799682617
2024-11-26,70.5,192.32000732421875,11.911376953125,74.63701629638672,13.6899995803833,590.0753784179688,45.391258239746094
2024-11-27,72.36000061035156,192.57000732421875,12.008612632751465,75.62908935546875,14.859999656677246,588.2874755859375,45.343589782714844
2024-11-29,71.3499984741211,199.27000427246094,12.047507286071777,75.77357482910156,15.800000190734863,591.9419555664062,45.53903579711914
2024-12-02,75.12000274658203,207.9199981689453,12.08640193939209,74.23248291015625,15.890000343322754,593.0029296875,45.05756759643555
2024-12-03,73.26000213623047,207.50999450683594,11.998888969421387,73.48119354248047,14.65999984741211,593.2779541015625,45.05280303955078
2024-12-04,73.12000274658203,201.57000732421875,11.804418563842773,72.95145416259766,14.0600004196167,596.9619750976562,43.9659309387207
2024-12-05,70.33999633789062,197.92999267578125,11.814140319824219,73.3945083618164,12.59000015258789,595.9795532226562,44.137542724609375
2024-12-06,71.55999755859375,194.19000244140625,11.765523910522461,72.4698486328125,12.779999732971191,597.109375,43.389122009277344
2024-12-09,76.38999938964844,200.0,11.998888969421387,71.94973754882812,14.279999732971191,594.034423828125,43.31761932373047
2024-12-10,74.44999694824219,202.9199981689453,11.843311309814453,71.41035461425781,14.09000015258789,592.1875,43.022064208984375
2024-12-11,74.2300033569336,201.0,11.843311309814453,71.25625610351562,14.40999984741211,596.7655029296875,43.09357452392578
2024-12-12,73.0,196.32000732421875,11.648839950561523,70.52423095703125,13.279999732971191,593.6906127929688,42.74557876586914
2024-12-13,73.83999633789062,199.6699981689453,11.648839950561523,70.90950012207031,13.350000381469727,593.5728149414062,42.531070709228516
2024-12-16,71.62000274658203,190.52999877929688,11.483539581298828,70.11006164550781,12.319999694824219,596.1072998046875,41.59674072265625
2024-12-17,73.4000015258789,188.27000427246094,11.546378135681152,69.60919952392578,14.369999885559082,593.6513671875,41.28688049316406
2024-12-18,68.80000305175781,184.27000427246094,11.183097839355469,67.92363739013672,13.84000015258789,575.95849609375,40.06653594970703
2024-12-19,65.80000305175781,175.8800048828125,11.14382553100586,67.20124053955078,13.109999656677246,575.7816162109375,39.718544006347656
2024-12-20,71.44999694824219,182.38999938964844,11.310737609863281,69.03128814697266,14.770000457763672,582.697265625,40.109432220458984
2024-12-23,73.0,186.36000061035156,11.389284133911133,69.82110595703125,14.880000114440918,586.1867065429688,40.3449821472168
2024-12-24,73.27999877929688,186.2100067138672,11.428557395935059,70.22564697265625,14.829999923706055,592.7020874023438,40.686275482177734
2024-12-26,73.01000213623047,183.7100067138672,11.389284133911133,69.70552062988281,14.579999923706055,592.7415771484375,40.652626037597656
2024-12-27,72.12999725341797,182.6300048828125,11.320554733276367,69.45510864257812,13.800000190734863,586.5020141601562,40.64781951904297
2024-12-30,70.19000244140625,178.07000732421875,11.222372055053711,69.11798858642578,13.569999694824219,579.8092041015625,40.64301681518555
