iso_code,wb_country,year,gdp_per_capita
ZWE,Zimbabwe,2000,1677.34896793251
ZMB,Zambia,2000,804.48463418783
YEM,"Yemen, Rep.",2000,2114.67265566851
PSE,West Bank and Gaza,2000,2436.01207739636
VNM,Viet Nam,2000,1212.19657794381
VEN,"Venezuela, RB",2000,3740.0195496928
VUT,Vanuatu,2000,2841.73909435642
UZB,Uzbekistan,2000,1269.72137546219
URY,Uruguay,2000,11096.3309569487
USA,United States,2000,48379.7551705781
GBR,United Kingdom,2000,39297.1366317267
ARE,United Arab Emirates,2000,56939.2701807931
UKR,Ukraine,2000,1409.22265625
UGA,Uganda,2000,509.19755319016
TUV,Tuvalu,2000,3056.55101983122
TKM,Turkmenistan,2000,2255.01496788934
TUR,Turkiye,2000,6326.25746472488
TUN,Tunisia,2000,2864.54703666618
TTO,Trinidad and Tobago,2000,10023.0206669207
TON,Tonga,2000,3866.68574867282
TGO,Togo,2000,679.533421599502
TLS,Timor-Leste,2000,1117.56432347244
THA,Thailand,2000,3514.71662970608
TZA,Tanzania,2000,555.348083496094
TJK,Tajikistan,2000,429.537300984643
SYR,Syrian Arab Republic,2000,1248.38488334216
CHE,Switzerland,2000,73749.9389517966
SWE,Sweden,2000,41561.7747635857
SUR,Suriname,2000,6128.31602380553
SDN,Sudan,2000,1111.11865234375
VCT,St. Vincent and the Grenadines,2000,5067.96739467376
LCA,St. Lucia,2000,9198.93894352203
KNA,St. Kitts and Nevis,2000,14039.0281125333
LKA,Sri Lanka,2000,1956.93310381072
ESP,Spain,2000,24106.8818529374
ZAF,South Africa,2000,4700.87555500704
SOM,"Somalia, Fed. Rep.",2000,233.032393086265
SLB,Solomon Islands,2000,1747.71796168688
SVN,Slovenia,2000,16146.1216848394
SVK,Slovak Republic,2000,8997.21199594319
SGP,Singapore,2000,34890.0811365168
SLE,Sierra Leone,2000,727.240914632596
SYC,Seychelles,2000,11703.7535246117
SRB,Serbia,2000,3542.35365914848
SEN,Senegal,2000,1048.37474052363
SAU,Saudi Arabia,2000,22247.8566987439
STP,Sao Tome and Principe,2000,959.938180991352
SMR,San Marino,2000,55806.9219720449
WSM,Samoa,2000,2945.37217923198
RWA,Rwanda,2000,333.355090143084
RUS,Russian Federation,2000,5323.66650390625
ROU,Romania,2000,4569.31124324524
QAT,Qatar,2000,52234.3615212341
PRI,Puerto Rico (US),2000,26131.9630643584
PRT,Portugal,2000,18822.0933092937
POL,Poland,2000,7401.57697647848
PHL,Philippines,2000,1793.34761146436
PER,Peru,2000,3286.27308475523
PRY,Paraguay,2000,4074.48953320457
PNG,Papua New Guinea,2000,1989.57882204274
PAN,Panama,2000,6856.1491877083
PLW,Palau,2000,12346.4680054398
PAK,Pakistan,2000,1049.54229686852
OMN,Oman,2000,19881.7364316776
NOR,Norway,2000,67846.5968643534
MKD,North Macedonia,2000,3283.37934095351
NGA,Nigeria,2000,1421.67987952013
NER,Niger,2000,392.898616941042
NIC,Nicaragua,2000,1458.37490084556
NZL,New Zealand,2000,30853.807635459
NLD,Netherlands,2000,40665.338169599
NPL,Nepal,2000,547.221082273632
NRU,Nauru,2000,6079.96620774489
NAM,Namibia,2000,3083.59657884697
MMR,Myanmar,2000,298.590464510138
MOZ,Mozambique,2000,287.390630344484
MAR,Morocco,2000,1957.14135742188
MNE,Montenegro,2000,4391.36966049063
MNG,Mongolia,2000,1598.31282040605
MCO,Monaco,2000,120456.506337384
MDA,Moldova,2000,1346.91567176561
FSM,"Micronesia, Fed. Sts.",2000,2724.42245620978
MEX,Mexico,2000,9581.96970210753
MUS,Mauritius,2000,5744.19830169899
MRT,Mauritania,2000,1304.64439067179
MHL,Marshall Islands,2000,3040.59677355737
MLT,Malta,2000,17178.3773811056
MLI,Mali,2000,682.49742045713
MDV,Maldives,2000,7037.08546104613
MYS,Malaysia,2000,6455.61419792583
MWI,Malawi,2000,418.592985038462
MDG,Madagascar,2000,465.529509827021
MAC,"Macao SAR, China",2000,31772.6302531656
LUX,Luxembourg,2000,92527.7108705226
LTU,Lithuania,2000,6384.30865426374
LBY,Libya,2000,10853.8059516526
LBR,Liberia,2000,754.850917360951
LSO,Lesotho,2000,725.263668707773
LBN,Lebanon,2000,5958.97836750301
LVA,Latvia,2000,6336.38296707987
LAO,Lao PDR,2000,917.228038617529
KGZ,Kyrgyz Republic,2000,718.342832397662
KWT,Kuwait,2000,31341.9780819419
KOR,"Korea, Rep.",2000,17763.1353417297
KIR,Kiribati,2000,1555.58190420161
KEN,Kenya,2000,1195.41296851656
KAZ,Kazakhstan,2000,4269.33016782791
JOR,Jordan,2000,3412.07673213708
JPN,Japan,2000,31430.631130325
JAM,Jamaica,2000,5197.39692210665
ITA,Italy,2000,32609.66746283
ISR,Israel,2000,29413.4894578106
IMN,Isle of Man,2000,46274.9709691403
IRL,Ireland,2000,42599.4803921319
IRQ,Iraq,2000,4172.78025105244
IRN,"Iran, Islamic Rep.",2000,3885.30183360649
IDN,Indonesia,2000,1828.10265968361
IND,India,2000,756.704109527449
ISL,Iceland,2000,43472.3369863945
HUN,Hungary,2000,8979.73578602949
HKG,"Hong Kong SAR, China",2000,26933.2377453994
HND,Honduras,2000,1789.47798512637
HTI,Haiti,2000,1342.89490450523
GUY,Guyana,2000,3759.60789699989
GNB,Guinea-Bissau,2000,571.094015178625
GIN,Guinea,2000,614.137235083638
GTM,Guatemala,2000,3165.9323746889
GRD,Grenada,2000,6677.1265230922
GRL,Greenland,2000,31623.0591501943
GRC,Greece,2000,18002.9064613985
GHA,Ghana,2000,1022.27520714566
DEU,Germany,2000,35104.1308467844
GEO,Georgia,2000,1561.19867638847
GMB,"Gambia, The",2000,659.911237641141
GAB,Gabon,2000,7596.09970650519
PYF,French Polynesia,2000,22498.8285530328
FRA,France,2000,33255.1379642335
FIN,Finland,2000,37872.6020343504
FJI,Fiji,2000,3960.8890315
ETH,Ethiopia,2000,247.505413659694
SWZ,Eswatini,2000,2273.04683761056
EST,Estonia,2000,10006.7696280939
ERI,Eritrea,2000,845.132430060544
GNQ,Equatorial Guinea,2000,3839.08642737128
SLV,El Salvador,2000,2964.89346881406
EGY,"Egypt, Arab Rep.",2000,2458.60835003016
ECU,Ecuador,2000,3953.39879728357
DOM,Dominican Republic,2000,4123.10573163115
DMA,Dominica,2000,6879.59737273918
DNK,Denmark,2000,49266.9882757886
CZE,Czechia,2000,12543.9364342367
CYP,Cyprus,2000,22383.96484375
CUW,Curacao,2000,21523.645846078
CUB,Cuba,2000,4112.26168350671
HRV,Croatia,2000,8880.26980689876
CIV,Cote d'Ivoire,2000,1717.95385651231
CRI,Costa Rica,2000,7726.51985682031
COG,"Congo, Rep.",2000,2057.01922023551
COD,"Congo, Dem. Rep.",2000,339.52682222392
COM,Comoros,2000,1150.82840106354
COL,Colombia,2000,4016.80951748167
CHN,China,2000,2237.44298500334
CHL,Chile,2000,8465.35303258864
TCD,Chad,2000,530.600331270541
CAF,Central African Republic,2000,437.168928414826
CAN,Canada,2000,37906.8601321366
CMR,Cameroon,2000,1151.27689302947
KHM,Cambodia,2000,598.561915252147
CPV,Cabo Verde,2000,2037.31720912714
BDI,Burundi,2000,264.154407180223
BFA,Burkina Faso,2000,428.309796566198
BGR,Bulgaria,2000,3717.92889906166
BRN,Brunei Darussalam,2000,37509.5983847742
BRA,Brazil,2000,6817.78345634413
BWA,Botswana,2000,5062.64289173588
BIH,Bosnia and Herzegovina,2000,2567.34136989735
BOL,Bolivia,2000,2014.19024658446
BTN,Bhutan,2000,1259.6237645235
BMU,Bermuda,2000,109502.763102809
BEN,Benin,2000,861.213292013209
BLZ,Belize,2000,5663.64632374973
BEL,Belgium,2000,35878.3153586195
BLR,Belarus,2000,2615.36376799462
BRB,Barbados,2000,21523.3992235883
BGD,Bangladesh,2000,620.560472822105
BHR,Bahrain,2000,25407.9694054552
BHS,"Bahamas, The",2000,32424.7271786716
AZE,Azerbaijan,2000,1504.73106706035
AUT,Austria,2000,38571.0858780001
AUS,Australia,2000,45979.0765654048
ABW,Aruba,2000,28104.8954362859
ARM,Armenia,2000,1229.21510436102
ARG,Argentina,2000,10631.6503639029
ATG,Antigua and Barbuda,2000,15961.0918359058
AGO,Angola,2000,2172.46326720494
AND,Andorra,2000,34113.8334027285
DZA,Algeria,2000,3553.32420521991
ALB,Albania,2000,1991.91435867116
AFG,Afghanistan,2000,308.318269746638
WLD,World,2000,7858.90796621259
UMC,Upper middle income,2000,3401.7581851933
TSS,Sub-Saharan Africa (IDA & IBRD countries),2000,1197.83286103765
SSA,Sub-Saharan Africa (excluding high income),2000,1300.93157211291
SSF,Sub-Saharan Africa,2000,1197.83286103765
TSA,South Asia (IDA & IBRD),2000,758.133172484319
SAS,South Asia,2000,758.133172484319
SST,Small states,2000,8220.23901042675
PRE,Pre-demographic dividend,2000,1079.42708690405
PST,Post-demographic dividend,2000,34226.7039362383
PSS,Pacific island small states,2000,3176.39794860245
OSS,Other small states,2000,8348.27646209373
OED,OECD members,2000,30592.0378269081
NAC,North America,2000,47364.7456727428
MIC,Middle income,2000,2277.27178754853
TMN,"Middle East, North Africa, Afghanistan & Pakistan (IDA & IBRD)",2000,2320.80541483788
MNA,"Middle East, North Africa, Afghanistan & Pakistan (excluding high income)",2000,2321.52904553104
MEA,"Middle East, North Africa, Afghanistan & Pakistan",2000,4004.84887081865
LMC,Lower middle income,2000,1026.7038061104
LIC,Low income,2000,682.327706786891
LMY,Low & middle income,2000,2169.24580163668
LDC,Least developed countries: UN classification,2000,638.394498313439
TLA,Latin America & the Caribbean (IDA & IBRD countries),2000,6609.80119656787
LAC,Latin America & Caribbean (excluding high income),2000,6581.31117825537
LCN,Latin America & Caribbean,2000,6742.02693662192
LTE,Late-demographic dividend,2000,3466.01310620559
IDA,IDA total,2000,899.61428305683
IDX,IDA only,2000,688.770584647754
IDB,IDA blend,2000,1294.78635186488
IBT,IDA & IBRD total,2000,2339.75101446893
IBD,IBRD only,2000,2749.80831717138
HIC,High income,2000,30158.070077562
HPC,Heavily indebted poor countries (HIPC),2000,679.180241236318
FCS,Fragile and conflict affected situations,2000,1295.212123623
EUU,European Union,2000,26365.7986774651
TEC,Europe & Central Asia (IDA & IBRD countries),2000,4430.11168037444
ECA,Europe & Central Asia (excluding high income),2000,3231.4170375726
ECS,Europe & Central Asia,2000,18477.5285403386
EMU,Euro area,2000,30853.1385054093
TEA,East Asia & Pacific (IDA & IBRD countries),2000,2157.91938010453
EAP,East Asia & Pacific (excluding high income),2000,2132.39099441931
EAS,East Asia & Pacific,2000,5056.47338479158
EAR,Early-demographic dividend,2000,2158.87337673331
CEB,Central Europe and the Baltics,2000,7450.86082262
CSS,Caribbean small states,2000,10510.8694258103
ARB,Arab World,2000,4910.08259157072
AFW,Africa Western and Central,2000,1188.0373057001
AFE,Africa Eastern and Southern,2000,1205.98105360593
ZWE,Zimbabwe,2001,1690.14666163116
ZMB,Zambia,2001,822.020935308251
YEM,"Yemen, Rep.",2001,2129.77268762778
PSE,West Bank and Gaza,2001,2153.45735383203
VNM,Viet Nam,2001,1273.8052690094
VEN,"Venezuela, RB",2001,3796.80579715312
VUT,Vanuatu,2001,2676.92934450613
UZB,Uzbekistan,2001,1306.60633175114
URY,Uruguay,2001,10643.5574019273
USA,United States,2001,48361.0167607073
GBR,United Kingdom,2001,40082.1359356822
ARE,United Arab Emirates,2001,54169.4153530236
UKR,Ukraine,2001,1547.2783203125
UGA,Uganda,2001,519.456547890884
TUV,Tuvalu,2001,3043.15907920605
TKM,Turkmenistan,2001,2306.30057631688
TUR,Turkiye,2001,5906.92348536699
TUN,Tunisia,2001,2941.73893592906
TTO,Trinidad and Tobago,2001,10395.2041042218
TON,Tonga,2001,3901.18055446166
TGO,Togo,2001,667.298334712527
TLS,Timor-Leste,2001,1192.74796357529
THA,Thailand,2001,3599.02524877358
TZA,Tanzania,2001,573.400146484375
TJK,Tajikistan,2001,461.681195760256
SYR,Syrian Arab Republic,2001,1230.87200021533
CHE,Switzerland,2001,74439.4637644735
SWE,Sweden,2001,42014.4022302506
SUR,Suriname,2001,6255.55274185687
SDN,Sudan,2001,1150.17626953125
VCT,St. Vincent and the Grenadines,2001,5158.56617678847
LCA,St. Lucia,2001,8795.54582090658
KNA,St. Kitts and Nevis,2001,14610.9099610508
LKA,Sri Lanka,2001,1896.48251734068
ESP,Spain,2001,24878.3784543991
ZAF,South Africa,2001,4786.482450463
SOM,"Somalia, Fed. Rep.",2001,239.83907408804
SLB,Solomon Islands,2001,1577.65519452251
SVN,Slovenia,2001,16576.7158840406
SVK,Slovak Republic,2001,9277.35808851002
SGP,Singapore,2001,33597.8690808226
SLE,Sierra Leone,2001,642.036645844304
SYC,Seychelles,2001,11427.9413083015
SRB,Serbia,2001,3788.98233947399
SEN,Senegal,2001,1067.36886550595
SAU,Saudi Arabia,2001,21193.0922894351
STP,Sao Tome and Principe,2001,973.424252100436
SMR,San Marino,2001,58173.2936031775
WSM,Samoa,2001,3137.46403765812
RWA,Rwanda,2001,358.446058691452
RUS,Russian Federation,2001,5618.95556640625
ROU,Romania,2001,4875.30310600635
QAT,Qatar,2001,51633.898491151
PRI,Puerto Rico (US),2001,27722.3671872748
PRT,Portugal,2001,19053.089945659
POL,Poland,2001,7494.96089503246
PHL,Philippines,2001,1807.70892524758
PER,Peru,2001,3261.6642505136
PRY,Paraguay,2001,3972.88427866739
PNG,Papua New Guinea,2001,1920.78003889393
PAN,Panama,2001,6787.86265820271
PLW,Palau,2001,13134.260646066
PAK,Pakistan,2001,1057.86767778646
OMN,Oman,2001,20546.0554077598
NOR,Norway,2001,68899.5268987833
MKD,North Macedonia,2001,3169.32514368931
NGA,Nigeria,2001,1465.45720342309
NER,Niger,2001,406.923493665264
NIC,Nicaragua,2001,1482.31517247279
NZL,New Zealand,2001,31718.7628389095
NLD,Netherlands,2001,41297.3198832208
NPL,Nepal,2001,564.28622920391
NRU,Nauru,2001,5690.15963796811
NAM,Namibia,2001,3055.40444831936
MMR,Myanmar,2001,328.973872713504
MOZ,Mozambique,2001,317.185703581034
MAR,Morocco,2001,2078.96606445313
MNE,Montenegro,2001,4421.83994305167
MNG,Mongolia,2001,1625.46152259484
MCO,Monaco,2001,123122.12291461
MDA,Moldova,2001,1432.2768928234
FSM,"Micronesia, Fed. Sts.",2001,2766.08612139035
MEX,Mexico,2001,9398.35074355724
MUS,Mauritius,2001,5889.77138546269
MRT,Mauritania,2001,1262.65567288639
MHL,Marshall Islands,2001,3224.7911898754
MLT,Malta,2001,16920.7309706609
MLI,Mali,2001,766.960343246307
MDV,Maldives,2001,6647.6503820039
MYS,Malaysia,2001,6334.92795651698
MWI,Malawi,2001,388.260039763569
MDG,Madagascar,2001,478.40561494987
MAC,"Macao SAR, China",2001,32441.6760183581
LUX,Luxembourg,2001,94243.7068360989
LTU,Lithuania,2001,6854.52512826671
LBY,Libya,2001,10467.8776146012
LBR,Liberia,2001,754.422355762017
LSO,Lesotho,2001,752.243212493971
LBN,Lebanon,2001,6085.76041420146
LVA,Latvia,2001,6833.4354323157
LAO,Lao PDR,2001,954.123505414634
KGZ,Kyrgyz Republic,2001,749.423779561565
KWT,Kuwait,2001,30573.4284224199
KOR,"Korea, Rep.",2001,18460.4288193829
KIR,Kiribati,2001,1477.951639475
KEN,Kenya,2001,1202.29348759987
KAZ,Kazakhstan,2001,4822.52862802669
JOR,Jordan,2001,3518.76635312228
JPN,Japan,2001,31476.0520665746
JAM,Jamaica,2001,5234.02744397806
ITA,Italy,2001,33243.599343976
ISR,Israel,2001,28808.1300136037
IMN,Isle of Man,2001,48252.7638498277
IRL,Ireland,2001,44151.1536032557
IRQ,Iraq,2001,4116.09405320279
IRN,"Iran, Islamic Rep.",2001,3917.29935489016
IDN,Indonesia,2001,1868.59172307292
IND,India,2001,778.507377528365
ISL,Iceland,2001,44545.9822640262
HUN,Hungary,2001,9365.95393193015
HKG,"Hong Kong SAR, China",2001,26885.4284833926
HND,Honduras,2001,1789.18816032117
HTI,Haiti,2001,1314.11419693969
GUY,Guyana,2001,3847.09461851367
GNB,Guinea-Bissau,2001,585.837980688333
GIN,Guinea,2001,628.320554864936
GTM,Guatemala,2001,3166.20351297452
GRD,Grenada,2001,6509.51660313374
GRL,Greenland,2001,31914.1710964481
GRC,Greece,2001,18742.4235780691
GHA,Ghana,2001,1035.22666053257
DEU,Germany,2001,35618.5143698493
GEO,Georgia,2001,1661.83019106421
GMB,"Gambia, The",2001,679.539755947951
GAB,Gabon,2001,7556.76995314898
PYF,French Polynesia,2001,22076.5919162624
FRA,France,2001,33640.6738002565
FIN,Finland,2001,38784.1308115726
FJI,Fiji,2001,3998.79729208867
ETH,Ethiopia,2001,260.04231608135
SWZ,Eswatini,2001,2283.98316815361
EST,Estonia,2001,10662.9455020331
ERI,Eritrea,2001,893.268735439193
GNQ,Equatorial Guinea,2001,5882.85050306586
SLV,El Salvador,2001,2978.59734844669
EGY,"Egypt, Arab Rep.",2001,2492.03441188721
ECU,Ecuador,2001,4049.0001889951
DOM,Dominican Republic,2001,4158.98430282429
DMA,Dominica,2001,6897.65674086518
DNK,Denmark,2001,49557.1509962227
CZE,Czechia,2001,12958.4667607533
CYP,Cyprus,2001,23019.25
CUW,Curacao,2001,22171.0654932071
CUB,Cuba,2001,4229.90309433356
HRV,Croatia,2001,9515.73569793698
CIV,Cote d'Ivoire,2001,1636.57318705218
CRI,Costa Rica,2001,7854.2339580182
COG,"Congo, Rep.",2001,2056.16505922617
COD,"Congo, Dem. Rep.",2001,322.033920024307
COM,Comoros,2001,1188.50107049357
COL,Colombia,2001,4020.50789754842
CHN,China,2001,2405.89396743215
CHL,Chile,2001,8632.0148244056
TCD,Chad,2001,572.806706828797
CAF,Central African Republic,2001,446.658634192083
CAN,Canada,2001,38200.456120621
CMR,Cameroon,2001,1169.92670464984
KHM,Cambodia,2001,632.833573980849
CPV,Cabo Verde,2001,2051.21733888102
BDI,Burundi,2001,262.913885774384
BFA,Burkina Faso,2001,442.914122870048
BGR,Bulgaria,2001,3937.70160937785
BRN,Brunei Darussalam,2001,37269.3099216587
BRA,Brazil,2001,6823.0331851176
BWA,Botswana,2001,4971.96371794188
BIH,Bosnia and Herzegovina,2001,2617.18230350812
BOL,Bolivia,2001,2013.84581083123
BTN,Bhutan,2001,1321.09878230279
BMU,Bermuda,2001,116809.925253071
BEN,Benin,2001,879.854463773645
BLZ,Belize,2001,5764.99055491104
BEL,Belgium,2001,36148.2880924306
BLR,Belarus,2001,2753.0336970697
BRB,Barbados,2001,20985.2828573064
BGD,Bangladesh,2001,641.288922876274
BHR,Bahrain,2001,25106.2869742612
BHS,"Bahamas, The",2001,32870.0918307285
AZE,Azerbaijan,2001,1640.93664540398
AUT,Austria,2001,38929.753800545
AUS,Australia,2001,46314.6235297968
ABW,Aruba,2001,29007.7386958774
ARM,Armenia,2001,1351.12072694555
ARG,Argentina,2001,10051.9448463043
ATG,Antigua and Barbuda,2001,15003.4389169034
AGO,Angola,2001,2189.17352158246
AND,Andorra,2001,36790.1209900717
DZA,Algeria,2001,3610.00605631983
ALB,Albania,2001,2188.91854451375
AFG,Afghanistan,2001,277.118051443941
WLD,World,2001,7912.24589263937
UMC,Upper middle income,2001,3485.97108933991
TSS,Sub-Saharan Africa (IDA & IBRD countries),2001,1215.36013800713
SSA,Sub-Saharan Africa (excluding high income),2001,1319.48327204805
SSF,Sub-Saharan Africa,2001,1215.36013800713
TSA,South Asia (IDA & IBRD),2001,778.357238713854
SAS,South Asia,2001,778.357238713854
SST,Small states,2001,8322.09933023977
PRE,Pre-demographic dividend,2001,1094.9717763003
PST,Post-demographic dividend,2001,34578.9972958524
PSS,Pacific island small states,2001,3163.33571644076
OSS,Other small states,2001,8464.54110405474
OED,OECD members,2001,30794.724507181
NAC,North America,2001,47377.1442729396
MIC,Middle income,2001,2326.35581527473
TMN,"Middle East, North Africa, Afghanistan & Pakistan (IDA & IBRD)",2001,2336.86270839232
MNA,"Middle East, North Africa, Afghanistan & Pakistan (excluding high income)",2001,2335.69507943702
MEA,"Middle East, North Africa, Afghanistan & Pakistan",2001,3989.70458625268
LMC,Lower middle income,2001,1050.05243424138
LIC,Low income,2001,691.414097939393
LMY,Low & middle income,2001,2214.39575681474
LDC,Least developed countries: UN classification,2001,653.902811861857
TLA,Latin America & the Caribbean (IDA & IBRD countries),2001,6536.59948338308
LAC,Latin America & Caribbean (excluding high income),2001,6499.33288090151
LCN,Latin America & Caribbean,2001,6684.07410400188
LTE,Late-demographic dividend,2001,3619.46654540267
IDA,IDA total,2001,913.556204734526
IDX,IDA only,2001,700.753432922257
IDB,IDA blend,2001,1311.16206592853
IBT,IDA & IBRD total,2001,2390.57985292545
IBD,IBRD only,2001,2816.38977629068
HIC,High income,2001,30481.2971869816
HPC,Heavily indebted poor countries (HIPC),2001,685.314051709361
FCS,Fragile and conflict affected situations,2001,1317.2785211913
EUU,European Union,2001,26899.8795099661
TEC,Europe & Central Asia (IDA & IBRD countries),2001,4551.16276995954
ECA,Europe & Central Asia (excluding high income),2001,3219.6524005977
ECS,Europe & Central Asia,2001,18863.273716802
EMU,Euro area,2001,31423.952566199
TEA,East Asia & Pacific (IDA & IBRD countries),2001,2286.769782477
EAP,East Asia & Pacific (excluding high income),2001,2259.8145439145
EAS,East Asia & Pacific,2001,5177.21850451068
EAR,Early-demographic dividend,2001,2144.69783734624
CEB,Central Europe and the Baltics,2001,7730.94875575432
CSS,Caribbean small states,2001,10648.8703596983
ARB,Arab World,2001,4892.98855329169
AFW,Africa Western and Central,2001,1215.84949075792
AFE,Africa Eastern and Southern,2001,1216.33535706379
ZWE,Zimbabwe,2002,1525.07935706564
ZMB,Zambia,2002,833.021177549004
YEM,"Yemen, Rep.",2002,2148.88860494788
PSE,West Bank and Gaza,2002,1836.98042481351
VIR,Virgin Islands (U.S.),2002,43205.7246740388
VNM,Viet Nam,2002,1340.51670460271
VEN,"Venezuela, RB",2002,3398.56849937324
VUT,Vanuatu,2002,2475.16636434639
UZB,Uzbekistan,2002,1341.95995981671
URY,Uruguay,2002,9806.7713064359
USA,United States,2002,48729.1586442625
GBR,United Kingdom,2002,40594.932929345
ARE,United Arab Emirates,2002,52216.8753217152
UKR,Ukraine,2002,1644.28125
UGA,Uganda,2002,547.405338919875
TUV,Tuvalu,2002,3320.16858154912
TKM,Turkmenistan,2002,2266.6336625636
TUR,Turkiye,2002,6211.70542960394
TUN,Tunisia,2002,2950.20410959054
TTO,Trinidad and Tobago,2002,11165.960015838
TON,Tonga,2002,4050.98945082432
TGO,Togo,2002,675.440797960321
TLS,Timor-Leste,2002,1028.13194386616
THA,Thailand,2002,3783.75422073266
TZA,Tanzania,2002,598.421569824219
TJK,Tajikistan,2002,501.80856647117
SYR,Syrian Arab Republic,2002,1249.00621359351
CHE,Switzerland,2002,73824.3849167809
SWE,Sweden,2002,42831.7584103774
SUR,Suriname,2002,6301.31731043167
SDN,Sudan,2002,1185.21533203125
VCT,St. Vincent and the Grenadines,2002,5441.52648867536
LCA,St. Lucia,2002,8755.45939353129
KNA,St. Kitts and Nevis,2002,14727.3908829316
LKA,Sri Lanka,2002,1951.22522777045
ESP,Spain,2002,25205.3154769045
ZAF,South Africa,2002,4916.81498068625
SOM,"Somalia, Fed. Rep.",2002,248.636454000766
SLB,Solomon Islands,2002,1504.8467296693
SVN,Slovenia,2002,17099.658209132
SVK,Slovak Republic,2002,9690.68468262889
SGP,Singapore,2002,34598.8267483781
SLE,Sierra Leone,2002,766.788693742901
SYC,Seychelles,2002,11218.2606464315
SRB,Serbia,2002,4038.65251197442
SEN,Senegal,2002,1042.25509944289
SAU,Saudi Arabia,2002,20025.4319998275
STP,Sao Tome and Principe,2002,982.32906557627
SMR,San Marino,2002,57615.4100635074
WSM,Samoa,2002,3291.3424477268
RWA,Rwanda,2002,400.270421264911
RUS,Russian Federation,2002,5910.171875
ROU,Romania,2002,5248.54994632668
QAT,Qatar,2002,52752.6445826427
PRI,Puerto Rico (US),2002,27940.3826219734
PRT,Portugal,2002,19095.1102477398
POL,Poland,2002,7640.99307757777
PHL,Philippines,2002,1837.25429286854
PER,Peru,2002,3398.74991419297
PRY,Paraguay,2002,3916.44022308731
PNG,Papua New Guinea,2002,1854.41831737462
PAN,Panama,2002,6825.1774775292
PLW,Palau,2002,13647.052731145
PAK,Pakistan,2002,1059.04171024589
OMN,Oman,2002,20150.1131971413
NOR,Norway,2002,69472.9836807311
MNP,Northern Mariana Islands,2002,24066.5361573445
MKD,North Macedonia,2002,3240.11064526089
NGA,Nigeria,2002,1644.39518877633
NER,Niger,2002,412.123793192578
NIC,Nicaragua,2002,1475.48635411179
NZL,New Zealand,2002,32641.8202163485
NLD,Netherlands,2002,41135.4190736263
NPL,Nepal,2002,556.438454538796
NRU,Nauru,2002,5147.16130887748
NAM,Namibia,2002,3145.94566281247
MMR,Myanmar,2002,364.855800197477
MOZ,Mozambique,2002,340.13537022259
MAR,Morocco,2002,2127.50708007813
MNE,Montenegro,2002,4488.00716747744
MNG,Mongolia,2002,1680.65335337555
MCO,Monaco,2002,124481.880220824
MDA,Moldova,2002,1547.57421231612
FSM,"Micronesia, Fed. Sts.",2002,2776.29556090642
MEX,Mexico,2002,9242.27886130016
MUS,Mauritius,2002,5943.48081247767
MRT,Mauritania,2002,1252.10300454131
MHL,Marshall Islands,2002,3322.41127856101
MLT,Malta,2002,17255.4299440987
MLI,Mali,2002,766.073669042446
MDV,Maldives,2002,7012.25568873173
MYS,Malaysia,2002,6516.90671560155
MWI,Malawi,2002,385.308980237095
MDG,Madagascar,2002,406.70122213637
MAC,"Macao SAR, China",2002,34967.8914561813
LUX,Luxembourg,2002,96269.5797484275
LTU,Lithuania,2002,7374.0979710116
LBY,Libya,2002,10170.3095776338
LBR,Liberia,2002,762.716393927064
LSO,Lesotho,2002,760.033443180306
LBN,Lebanon,2002,6207.24133893746
LVA,Latvia,2002,7443.22944659059
LAO,Lao PDR,2002,994.492241963795
KGZ,Kyrgyz Republic,2002,742.44300111832
KWT,Kuwait,2002,30702.2162068121
KOR,"Korea, Rep.",2002,19775.3800655139
KIR,Kiribati,2002,1467.99259660077
KEN,Kenya,2002,1171.4262517349
KAZ,Kazakhstan,2002,5267.6990320263
JOR,Jordan,2002,3644.62434644332
JPN,Japan,2002,31416.1241772309
JAM,Jamaica,2002,5305.87658697244
ITA,Italy,2002,33267.4474482048
ISR,Israel,2002,28195.8676389139
IMN,Isle of Man,2002,50714.5824703383
IRL,Ireland,2002,45974.4881988842
IRQ,Iraq,2002,3660.92527507177
IRN,"Iran, Islamic Rep.",2002,4198.95356080727
IDN,Indonesia,2002,1926.37435868149
IND,India,2002,793.615912906381
ISL,Iceland,2002,44389.5560505836
HUN,Hungary,2002,9836.94065083321
HKG,"Hong Kong SAR, China",2002,27210.0693480769
HND,Honduras,2002,1807.97305547292
HTI,Haiti,2002,1304.5293810385
GUY,Guyana,2002,3894.87107415198
GNB,Guinea-Bissau,2002,594.040535151552
GIN,Guinea,2002,650.554963973291
GTM,Guatemala,2002,3213.26837369582
GUM,Guam,2002,29576.221681311
GRD,Grenada,2002,6707.36873532777
GRL,Greenland,2002,31483.6074780094
GRC,Greece,2002,19548.3677447396
GHA,Ghana,2002,1052.46591644399
DEU,Germany,2002,35477.5151544301
GEO,Georgia,2002,1768.5970116888
GMB,"Gambia, The",2002,640.03893213613
GAB,Gabon,2002,7338.75620613605
PYF,French Polynesia,2002,21932.9195333418
FRA,France,2002,33753.5782979758
FIN,Finland,2002,39343.0698997627
FJI,Fiji,2002,4086.10434130578
ETH,Ethiopia,2002,256.066635883709
SWZ,Eswatini,2002,2358.56935643468
EST,Estonia,2002,11474.6622721923
ERI,Eritrea,2002,889.009113592982
GNQ,Equatorial Guinea,2002,6604.00546310809
SLV,El Salvador,2002,3016.06307728602
EGY,"Egypt, Arab Rep.",2002,2498.48121191713
ECU,Ecuador,2002,4174.89793579965
DOM,Dominican Republic,2002,4280.80182397408
DMA,Dominica,2002,6676.97271467957
DNK,Denmark,2002,49624.5965359582
CZE,Czechia,2002,13179.9878092741
CYP,Cyprus,2002,23604.189453125
CUW,Curacao,2002,22231.8792561824
CUB,Cuba,2002,4277.39565642359
HRV,Croatia,2002,10062.0396800621
CIV,Cote d'Ivoire,2002,1551.27925902838
CRI,Costa Rica,2002,7989.55926102157
COG,"Congo, Rep.",2002,2100.16876714574
COD,"Congo, Dem. Rep.",2002,321.547848190451
COM,Comoros,2002,1217.11501559943
COL,Colombia,2002,4058.28493578738
CHN,China,2002,2610.72960252379
CHL,Chile,2002,8810.69052712257
TCD,Chad,2002,600.171451974641
CAF,Central African Republic,2002,452.808702217035
CAN,Canada,2002,38921.6673033743
CMR,Cameroon,2002,1189.96707897027
KHM,Cambodia,2002,662.188341283454
CPV,Cabo Verde,2002,2127.70872296502
BDI,Burundi,2002,266.968141648342
BFA,Burkina Faso,2002,448.128856317091
BGR,Bulgaria,2002,4260.40477488601
BRN,Brunei Darussalam,2002,37976.2627573601
BRA,Brazil,2002,6944.62257593723
BWA,Botswana,2002,5175.47655317231
BIH,Bosnia and Herzegovina,2002,2743.13878615838
BOL,Bolivia,2002,2029.66993638623
BTN,Bhutan,2002,1427.25693317315
BMU,Bermuda,2002,114574.433608566
BEN,Benin,2002,893.137100961634
BLZ,Belize,2002,5895.15235037898
BEL,Belgium,2002,36600.862592332
BLR,Belarus,2002,2910.39937484153
BRB,Barbados,2002,21012.5595449081
BGD,Bangladesh,2002,655.672139362272
BHR,Bahrain,2002,24149.0156013799
BHS,"Bahamas, The",2002,33374.602685914
AZE,Azerbaijan,2002,1782.47319183639
AUT,Austria,2002,39313.7225107545
AUS,Australia,2002,47599.4079289312
ABW,Aruba,2002,28535.4639480222
ARM,Armenia,2002,1535.20452885187
ARG,Argentina,2002,8861.56199282278
ATG,Antigua and Barbuda,2002,14968.0703013883
AGO,Angola,2002,2404.97792071531
AND,Andorra,2002,38084.5022003398
ASM,American Samoa,2002,13054.6364326897
DZA,Algeria,2002,3754.66081538446
ALB,Albania,2002,2297.10853513924
AFG,Afghanistan,2002,338.139973643387
WLD,World,2002,7989.62889151096
UMC,Upper middle income,2002,3622.88276205947
TSS,Sub-Saharan Africa (IDA & IBRD countries),2002,1258.74653507283
SSA,Sub-Saharan Africa (excluding high income),2002,1368.58329835986
SSF,Sub-Saharan Africa,2002,1258.74653507283
TSA,South Asia (IDA & IBRD),2002,793.58779205405
SAS,South Asia,2002,793.58779205405
SST,Small states,2002,8496.59454518116
PRE,Pre-demographic dividend,2002,1126.60995934237
PST,Post-demographic dividend,2002,34929.6840503579
PSS,Pacific island small states,2002,3186.14737789638
OSS,Other small states,2002,8609.50564808359
OED,OECD members,2002,31037.1528475102
NAC,North America,2002,47778.0017338011
MIC,Middle income,2002,2404.29239657687
TMN,"Middle East, North Africa, Afghanistan & Pakistan (IDA & IBRD)",2002,2362.1474741275
MNA,"Middle East, North Africa, Afghanistan & Pakistan (excluding high income)",2002,2358.79891547333
MEA,"Middle East, North Africa, Afghanistan & Pakistan",2002,3980.86113304131
LMC,Lower middle income,2002,1076.73044918168
LIC,Low income,2002,707.053589279457
LMY,Low & middle income,2002,2286.40894364045
LDC,Least developed countries: UN classification,2002,672.408116961
TLA,Latin America & the Caribbean (IDA & IBRD countries),2002,6458.32117502446
LAC,Latin America & Caribbean (excluding high income),2002,6434.32879860597
LCN,Latin America & Caribbean,2002,6609.21038163943
LTE,Late-demographic dividend,2002,3812.59136967467
IDA,IDA total,2002,940.32537147169
IDX,IDA only,2002,714.992762414711
IDB,IDA blend,2002,1360.4889922868
IBT,IDA & IBRD total,2002,2464.90323602782
IBD,IBRD only,2002,2910.20278298267
HIC,High income,2002,30822.9440482007
HPC,Heavily indebted poor countries (HIPC),2002,691.889343076378
FCS,Fragile and conflict affected situations,2002,1326.84891113816
EUU,European Union,2002,27131.1149025351
TEC,Europe & Central Asia (IDA & IBRD countries),2002,4781.5832367887
ECA,Europe & Central Asia (excluding high income),2002,3410.62468197803
ECS,Europe & Central Asia,2002,19121.7872126142
EMU,Euro area,2002,31566.1273129298
TEA,East Asia & Pacific (IDA & IBRD countries),2002,2451.24530806912
EAP,East Asia & Pacific (excluding high income),2002,2422.47283050058
EAS,East Asia & Pacific,2002,5362.11003612717
EAR,Early-demographic dividend,2002,2143.67588181876
CEB,Central Europe and the Baltics,2002,8057.22231935461
CSS,Caribbean small states,2002,10985.8632347623
ARB,Arab World,2002,4835.589416667
AFW,Africa Western and Central,2002,1299.69542056655
AFE,Africa Eastern and Southern,2002,1231.4445675519
ZWE,Zimbabwe,2003,1250.91948331231
ZMB,Zambia,2003,863.650190656785
YEM,"Yemen, Rep.",2003,2164.86083019467
PSE,West Bank and Gaza,2003,2041.60484619659
VIR,Virgin Islands (U.S.),2003,43036.1815136022
VNM,Viet Nam,2003,1418.74337471509
VEN,"Venezuela, RB",2003,3079.6634541359
VUT,Vanuatu,2003,2518.521315183
UZB,Uzbekistan,2003,1381.8257280882
URY,Uruguay,2003,9878.75684344081
USA,United States,2003,49662.7520549839
GBR,United Kingdom,2003,41706.8303930126
ARE,United Arab Emirates,2003,53619.1925678774
UKR,Ukraine,2003,1814.25854492188
UGA,Uganda,2003,564.720539196569
TUV,Tuvalu,2003,3152.22822039796
TKM,Turkmenistan,2003,2295.29620574541
TUR,Turkiye,2003,6496.07277294612
TUN,Tunisia,2003,3058.22895827842
TTO,Trinidad and Tobago,2003,12714.5004334846
TON,Tonga,2003,4030.19673410072
TGO,Togo,2003,702.799255960869
TLS,Timor-Leste,2003,964.322543048225
THA,Thailand,2003,4018.15538187068
TZA,Tanzania,2003,621.720703125
TJK,Tajikistan,2003,546.391479808684
SYR,Syrian Arab Republic,2003,1307.4814585452
CHE,Switzerland,2003,73254.9529864219
SWE,Sweden,2003,43475.3655433221
SUR,Suriname,2003,6567.84309876847
SDN,Sudan,2003,1226.42077636719
VCT,St. Vincent and the Grenadines,2003,5816.20788359407
LCA,St. Lucia,2003,9054.06778374517
KNA,St. Kitts and Nevis,2003,14100.3067967234
LKA,Sri Lanka,2003,2052.03045078787
ESP,Spain,2003,25481.1653690112
ZAF,South Africa,2003,5011.62223150169
SOM,"Somalia, Fed. Rep.",2003,257.910337235986
SLB,Solomon Islands,2003,1573.84348435767
SVN,Slovenia,2003,17635.3608581831
SVK,Slovak Republic,2003,10168.02256533
SGP,Singapore,2003,36709.7965038255
SLE,Sierra Leone,2003,806.066489012144
SYC,Seychelles,2003,10677.9692081272
SRB,Serbia,2003,4233.77644906089
SEN,Senegal,2003,1074.38578467686
SAU,Saudi Arabia,2003,20765.9387688082
STP,Sao Tome and Principe,2003,1036.86196260207
SMR,San Marino,2003,59090.2331058555
WSM,Samoa,2003,3444.99857743289
RWA,Rwanda,2003,400.191620648726
RUS,Russian Federation,2003,6370.45361328125
ROU,Romania,2003,5410.30835796252
QAT,Qatar,2003,52255.320560255
PRI,Puerto Rico (US),2003,27937.8165922567
PRT,Portugal,2003,18846.5411893632
POL,Poland,2003,7915.55424389704
PHL,Philippines,2003,1892.82161995051
PER,Peru,2003,3502.79165687646
PRY,Paraguay,2003,4035.71833919936
PNG,Papua New Guinea,2003,1832.67870314447
PAN,Panama,2003,7037.08164896629
PLW,Palau,2003,13250.6865944432
PAK,Pakistan,2003,1090.27523993746
OMN,Oman,2003,19485.6441506077
NOR,Norway,2003,69719.3122573679
MNP,Northern Mariana Islands,2003,24650.0405531909
MKD,North Macedonia,2003,3307.92040834712
NGA,Nigeria,2003,1717.2145111176
NER,Niger,2003,406.333757497876
NIC,Nicaragua,2003,1494.95618752566
NZL,New Zealand,2003,33517.0893271345
NLD,Netherlands,2003,40981.8477039972
NPL,Nepal,2003,570.28967363428
NRU,Nauru,2003,5173.61559183102
NAM,Namibia,2003,3232.30589658857
MMR,Myanmar,2003,411.498764127557
MOZ,Mozambique,2003,356.521157404125
MAR,Morocco,2003,2229.576171875
MNE,Montenegro,2003,4581.10700736435
MNG,Mongolia,2003,1775.64906676137
MCO,Monaco,2003,126022.239091348
MDA,Moldova,2003,1654.36629303195
FSM,"Micronesia, Fed. Sts.",2003,2829.3364363568
MEX,Mexico,2003,9221.99666693097
MUS,Mauritius,2003,6250.2637051329
MRT,Mauritania,2003,1308.56307582578
MHL,Marshall Islands,2003,3256.97244330835
MLT,Malta,2003,17775.4264786392
MLI,Mali,2003,814.808466525191
MDV,Maldives,2003,7845.29307409315
MYS,Malaysia,2003,6732.92049458099
MWI,Malawi,2003,397.224846758815
MDG,Madagascar,2003,433.601040301214
MAC,"Macao SAR, China",2003,38581.6976189322
LUX,Luxembourg,2003,97597.9973184565
LTU,Lithuania,2003,8218.69336289848
LBY,Libya,2003,11267.0627623548
LBR,Liberia,2003,528.567395543421
LSO,Lesotho,2003,798.540500554454
LBN,Lebanon,2003,6319.76518298647
LVA,Latvia,2003,8149.00183600084
LAO,Lao PDR,2003,1038.71192767783
KGZ,Kyrgyz Republic,2003,786.350474964134
KWT,Kuwait,2003,35169.6335737863
KOR,"Korea, Rep.",2003,20278.0406421178
KIR,Kiribati,2003,1415.54564772956
KEN,Kenya,2003,1169.14433674051
KAZ,Kazakhstan,2003,5724.43199248054
JOR,Jordan,2003,3713.15193593268
JPN,Japan,2003,31830.217584972
JAM,Jamaica,2003,5467.17406988236
ITA,Italy,2003,33110.1698494812
ISR,Israel,2003,28092.6176251486
IMN,Isle of Man,2003,53224.3527757804
IRL,Ireland,2003,46594.8620267616
IRQ,Iraq,2003,2250.06990123369
IRN,"Iran, Islamic Rep.",2003,4511.43134034458
IDN,Indonesia,2003,1991.91820506473
IND,India,2003,841.278894571674
ISL,Iceland,2003,45088.9225976672
HUN,Hungary,2003,10253.723920764
HKG,"Hong Kong SAR, China",2003,28097.108881817
HND,Honduras,2003,1842.29750018813
HTI,Haiti,2003,1326.47161042212
GUY,Guyana,2003,3873.04123684261
GNB,Guinea-Bissau,2003,579.092506821836
GIN,Guinea,2003,644.071217908894
GTM,Guatemala,2003,3222.15468293683
GUM,Guam,2003,29685.9531745657
GRD,Grenada,2003,7309.78547094579
GRL,Greenland,2003,32787.9680355213
GRC,Greece,2003,20632.2557041942
GHA,Ghana,2003,1077.69990866645
DEU,Germany,2003,35270.0227284267
GEO,Georgia,2003,1977.46143338741
GMB,"Gambia, The",2003,665.834222326194
GAB,Gabon,2003,7301.67154442842
PYF,French Polynesia,2003,22055.6419702196
FRA,France,2003,33840.6175720101
FIN,Finland,2003,40038.9839702277
FJI,Fiji,2003,4087.72449101023
ETH,Ethiopia,2003,243.076666020009
SWZ,Eswatini,2003,2448.83792077995
EST,Estonia,2003,12424.0441535693
ERI,Eritrea,2003,830.379672282601
GNQ,Equatorial Guinea,2003,7082.65489186921
SLV,El Salvador,2003,3057.16467629097
EGY,"Egypt, Arab Rep.",2003,2524.80477192682
ECU,Ecuador,2003,4220.21298466638
DOM,Dominican Republic,2003,4162.66686117661
DMA,Dominica,2003,7047.66189595946
DNK,Denmark,2003,49708.0909084109
CZE,Czechia,2003,13618.9349633164
CYP,Cyprus,2003,23930.783203125
CUW,Curacao,2003,21840.8912647914
CUB,Cuba,2003,4426.96599591833
HRV,Croatia,2003,10619.3078243865
CIV,Cote d'Ivoire,2003,1441.58801755037
CRI,Costa Rica,2003,8207.45746763047
COG,"Congo, Rep.",2003,2058.88683675038
COD,"Congo, Dem. Rep.",2003,329.709536540469
COM,Comoros,2003,1216.98036712949
COL,Colombia,2003,4154.17528523618
CHN,China,2003,2857.0373538115
CHL,Chile,2003,9130.7842621819
TCD,Chad,2003,661.556916681677
CAF,Central African Republic,2003,418.240532289858
CAN,Canada,2003,39270.0234577749
CMR,Cameroon,2003,1221.09446141454
KHM,Cambodia,2003,719.333494240509
CPV,Cabo Verde,2003,2186.89500422765
BDI,Burundi,2003,255.500823385612
BFA,Burkina Faso,2003,468.263047790124
BGR,Bulgaria,2003,4519.18439177056
BRN,Brunei Darussalam,2003,38595.1688513702
BRA,Brazil,2003,6941.43965883253
BWA,Botswana,2003,5320.440295139
BIH,Bosnia and Herzegovina,2003,2855.68314939849
BOL,Bolivia,2003,2050.07133411879
BTN,Bhutan,2003,1506.4152751782
BMU,Bermuda,2003,118018.831592635
BEN,Benin,2003,896.146763201736
BLZ,Belize,2003,6274.47428279313
BEL,Belgium,2003,36826.2699296094
BLR,Belarus,2003,3137.26261430575
BRB,Barbados,2003,21338.1720739511
BGD,Bangladesh,2003,676.826252046427
BHR,Bahrain,2003,23857.6403579769
BHS,"Bahamas, The",2003,32559.311554898
AZE,Azerbaijan,2003,1949.60608417331
AUT,Austria,2003,39569.2885567329
AUS,Australia,2003,48509.6632180363
ABW,Aruba,2003,28525.8077063839
ARM,Armenia,2003,1759.64684829386
ARG,Argentina,2003,9545.53194119994
ATG,Antigua and Barbuda,2003,15703.9347145491
AGO,Angola,2003,2403.40415157038
AND,Andorra,2003,39620.3387714274
ASM,American Samoa,2003,13201.7347516166
DZA,Algeria,2003,3945.89816094007
ALB,Albania,2003,2428.68934653563
AFG,Afghanistan,2003,346.071627096223
WLD,World,2003,8131.19308358597
UMC,Upper middle income,2003,3804.91315712557
TSS,Sub-Saharan Africa (IDA & IBRD countries),2003,1275.72710309586
SSA,Sub-Saharan Africa (excluding high income),2003,1389.4430156761
SSF,Sub-Saharan Africa,2003,1275.72710309586
TSA,South Asia (IDA & IBRD),2003,838.605352931883
SAS,South Asia,2003,838.605352931883
SST,Small states,2003,8796.42233141664
PRE,Pre-demographic dividend,2003,1087.09206577047
PST,Post-demographic dividend,2003,35459.8626169439
PSS,Pacific island small states,2003,3207.73542916581
OSS,Other small states,2003,8860.43714498688
OED,OECD members,2003,31442.0228737181
NAC,North America,2003,48654.1313067876
MIC,Middle income,2003,2513.07600926272
TMN,"Middle East, North Africa, Afghanistan & Pakistan (IDA & IBRD)",2003,2374.28256433042
MNA,"Middle East, North Africa, Afghanistan & Pakistan (excluding high income)",2003,2372.1522342386
MEA,"Middle East, North Africa, Afghanistan & Pakistan",2003,4072.49109670511
LMC,Lower middle income,2003,1119.67756368748
LIC,Low income,2003,725.474421276256
LMY,Low & middle income,2003,2387.09560676557
LDC,Least developed countries: UN classification,2003,689.669092895827
TLA,Latin America & the Caribbean (IDA & IBRD countries),2003,6518.45556588719
LAC,Latin America & Caribbean (excluding high income),2003,6503.48118498348
LCN,Latin America & Caribbean,2003,6668.60355308319
LTE,Late-demographic dividend,2003,4048.48471590844
IDA,IDA total,2003,963.438932636272
IDX,IDA only,2003,736.012835320929
IDB,IDA blend,2003,1387.37333221866
IBT,IDA & IBRD total,2003,2571.74673053759
IBD,IBRD only,2003,3047.64543408152
HIC,High income,2003,31366.5421324301
HPC,Heavily indebted poor countries (HIPC),2003,699.033702737858
FCS,Fragile and conflict affected situations,2003,1297.19104055081
EUU,European Union,2003,27284.7276136716
TEC,Europe & Central Asia (IDA & IBRD countries),2003,5076.33254199208
ECA,Europe & Central Asia (excluding high income),2003,3619.89726149943
ECS,Europe & Central Asia,2003,19419.6815424207
EMU,Euro area,2003,31628.9508530599
TEA,East Asia & Pacific (IDA & IBRD countries),2003,2649.81645849929
EAP,East Asia & Pacific (excluding high income),2003,2618.81249841519
EAS,East Asia & Pacific,2003,5585.29422036513
EAR,Early-demographic dividend,2003,2211.95868741619
CEB,Central Europe and the Baltics,2003,8405.63159028509
CSS,Caribbean small states,2003,11563.3614779162
ARB,Arab World,2003,4926.58928334869
AFW,Africa Western and Central,2003,1334.72594265973
AFE,Africa Eastern and Southern,2003,1235.71164842373
ZWE,Zimbabwe,2004,1165.54447081543
ZMB,Zambia,2004,895.475258534826
YEM,"Yemen, Rep.",2004,2185.78999159086
PSE,West Bank and Gaza,2004,2426.41565630382
VIR,Virgin Islands (U.S.),2004,44466.2872190216
VNM,Viet Nam,2004,1510.94449049599
VEN,"Venezuela, RB",2004,3580.85417271298
VUT,Vanuatu,2004,2555.73432279339
UZB,Uzbekistan,2004,1466.6134889113
URY,Uruguay,2004,10366.9067382871
USA,United States,2004,51098.5573007417
GBR,United Kingdom,2004,42434.8209023638
ARE,United Arab Emirates,2004,55611.419401142
UKR,Ukraine,2004,2042.44494628906
UGA,Uganda,2004,585.339489080616
TUV,Tuvalu,2004,3042.6128529965
TKM,Turkmenistan,2004,2364.26725156856
TUR,Turkiye,2004,7061.62219794984
TUN,Tunisia,2004,3218.72320748457
TTO,Trinidad and Tobago,2004,13657.2534995604
TON,Tonga,2004,3928.06014016386
TGO,Togo,2004,678.28759996017
TLS,Timor-Leste,2004,955.470489028291
THA,Thailand,2004,4232.77157261934
TZA,Tanzania,2004,650.516540527344
TJK,Tajikistan,2004,590.957111385699
SYR,Syrian Arab Republic,2004,1363.61946683869
CHE,Switzerland,2004,74718.6836260364
SWE,Sweden,2004,45114.6701230708
SUR,Suriname,2004,7021.98919924338
SDN,Sudan,2004,1255.67114257813
VCT,St. Vincent and the Grenadines,2004,6071.94945269221
LCA,St. Lucia,2004,9637.37801390276
KNA,St. Kitts and Nevis,2004,14619.795111247
LKA,Sri Lanka,2004,2149.10628588002
ESP,Spain,2004,25825.3106463315
ZAF,South Africa,2004,5187.35683424034
SOM,"Somalia, Fed. Rep.",2004,266.257271856641
SLB,Solomon Islands,2004,1664.57315979072
SVN,Slovenia,2004,18425.2601213581
SVK,Slovak Republic,2004,10718.2101858841
SGP,Singapore,2004,39856.6356222613
SLE,Sierra Leone,2004,829.759768928304
SYC,Seychelles,2004,10412.0868936027
SRB,Serbia,2004,4527.43498659451
SEN,Senegal,2004,1098.20064546027
SAU,Saudi Arabia,2004,21545.894988606
STP,Sao Tome and Principe,2004,1047.05796134884
SMR,San Marino,2004,58393.2236678918
WSM,Samoa,2004,3535.73813824914
RWA,Rwanda,2004,418.780997277457
RUS,Russian Federation,2004,6856.67822265625
ROU,Romania,2004,6008.64048461485
QAT,Qatar,2004,59990.23422872
PRI,Puerto Rico (US),2004,30375.7895758237
PRT,Portugal,2004,19137.8370898949
POL,Poland,2004,8323.38773754587
PHL,Philippines,2004,1978.34489133113
PER,Peru,2004,3640.60299869744
PRY,Paraguay,2004,4151.34584799423
PNG,Papua New Guinea,2004,1821.84741071002
PAN,Panama,2004,7468.76593461799
PLW,Palau,2004,13599.4436174869
PAK,Pakistan,2004,1146.99632842666
OMN,Oman,2004,19534.8601445269
NOR,Norway,2004,72090.9862854901
MNP,Northern Mariana Islands,2004,24445.4618441919
MKD,North Macedonia,2004,3473.76544811451
NGA,Nigeria,2004,1824.80269456773
NER,Niger,2004,393.398781453199
NIC,Nicaragua,2004,1555.87425694816
NZL,New Zealand,2004,34372.5891093868
NLD,Netherlands,2004,41663.1477772692
NPL,Nepal,2004,589.46992868617
NRU,Nauru,2004,4949.8909692212
NAM,Namibia,2004,3582.89503259701
MMR,Myanmar,2004,463.33013572168
MOZ,Mozambique,2004,377.064958084878
MAR,Morocco,2004,2301.08178710938
MNE,Montenegro,2004,4775.39883026359
MNG,Mongolia,2004,1942.36263694017
MCO,Monaco,2004,129403.404955341
MDA,Moldova,2004,1781.19145323724
FSM,"Micronesia, Fed. Sts.",2004,2747.87981611358
MEX,Mexico,2004,9421.28975988024
MUS,Mauritius,2004,6480.13648507258
MRT,Mauritania,2004,1338.66768122804
MHL,Marshall Islands,2004,3234.15265200518
MLT,Malta,2004,17728.3659761648
MLI,Mali,2004,800.501816706213
MDV,Maldives,2004,8174.41607301248
MYS,Malaysia,2004,7025.34558004381
MWI,Malawi,2004,408.064916052765
MDG,Madagascar,2004,443.278654985967
MAC,"Macao SAR, China",2004,47665.9330386643
LUX,Luxembourg,2004,100292.566948333
LTU,Lithuania,2004,8851.92598922347
LBY,Libya,2004,11529.1086646221
LBR,Liberia,2004,535.995882066218
LSO,Lesotho,2004,817.793597897186
LBN,Lebanon,2004,6633.75258002393
LVA,Latvia,2004,8957.23393555082
LAO,Lao PDR,2004,1088.76034728831
KGZ,Kyrgyz Republic,2004,831.482103944381
KWT,Kuwait,2004,37918.5405829238
KOR,"Korea, Rep.",2004,21244.8136800528
KIR,Kiribati,2004,1378.9582420937
KEN,Kenya,2004,1191.25443604556
KAZ,Kazakhstan,2004,6233.29439373307
JOR,Jordan,2004,3935.15704743447
JPN,Japan,2004,32515.1158024695
JAM,Jamaica,2004,5507.20135110043
ITA,Italy,2004,33348.9744820456
ISR,Israel,2004,28883.247588548
IMN,Isle of Man,2004,55464.0220993356
IRL,Ireland,2004,48856.3238587396
IRQ,Iraq,2004,3354.26588756715
IRN,"Iran, Islamic Rep.",2004,4607.45169088209
IDN,Indonesia,2004,2065.70617470842
IND,India,2004,892.596614581612
ISL,Iceland,2004,48101.7116286153
HUN,Hungary,2004,10786.4881991495
HKG,"Hong Kong SAR, China",2004,30304.3126863152
HND,Honduras,2004,1908.90950050464
HTI,Haiti,2004,1286.90282128221
GUY,Guyana,2004,3937.11435304522
GNB,Guinea-Bissau,2004,572.526464627294
GIN,Guinea,2004,645.182843390689
GTM,Guatemala,2004,3250.20406037693
GUM,Guam,2004,31483.8141949558
GRD,Grenada,2004,7233.29494434962
GRL,Greenland,2004,34961.9356097257
GRC,Greece,2004,21688.1050959558
GHA,Ghana,2004,1108.30475353633
DEU,Germany,2004,35687.6378708542
GEO,Georgia,2004,2105.00472843799
GMB,"Gambia, The",2004,693.563314497133
GAB,Gabon,2004,7148.98713447497
PYF,French Polynesia,2004,21919.9410589378
FRA,France,2004,34557.1471111581
FIN,Finland,2004,41521.962874476
FJI,Fiji,2004,4264.59723774177
ETH,Ethiopia,2004,267.923513391712
SWZ,Eswatini,2004,2522.14342097167
EST,Estonia,2004,13348.5284463324
ERI,Eritrea,2004,808.591420184592
GNQ,Equatorial Guinea,2004,9208.60566707162
SLV,El Salvador,2004,3081.23629665234
EGY,"Egypt, Arab Rep.",2004,2574.42341789124
ECU,Ecuador,2004,4430.23717984188
DOM,Dominican Republic,2004,4212.01044121773
DMA,Dominica,2004,7323.8530008275
DNK,Denmark,2004,50956.3045398814
CZE,Czechia,2004,14259.63342798
CYP,Cyprus,2004,24799.6484375
CUW,Curacao,2004,21512.1115522523
CUB,Cuba,2004,4670.18802138025
HRV,Croatia,2004,11059.0980614364
CIV,Cote d'Ivoire,2004,1451.86547141894
CRI,Costa Rica,2004,8445.52914945791
COG,"Congo, Rep.",2004,2058.88402946896
COD,"Congo, Dem. Rep.",2004,341.714925751419
COM,Comoros,2004,1231.14746798849
COL,Colombia,2004,4311.91591255233
CHN,China,2004,3127.86276523632
CHL,Chile,2004,9642.37478651228
TCD,Chad,2004,845.518131173419
CAF,Central African Republic,2004,433.825227770233
CAN,Canada,2004,40108.7587456658
CMR,Cameroon,2004,1271.74326874167
KHM,Cambodia,2004,775.847139030978
CPV,Cabo Verde,2004,2379.79636224135
BDI,Burundi,2004,258.050009115333
BFA,Burkina Faso,2004,474.086412333459
BGR,Bulgaria,2004,4849.87141310477
BRN,Brunei Darussalam,2004,37948.6590825194
BRA,Brazil,2004,7258.78101654079
BWA,Botswana,2004,5369.42516766112
BIH,Bosnia and Herzegovina,2004,3063.83543448936
BOL,Bolivia,2004,2099.990810637
BTN,Bhutan,2004,1552.73915195801
BMU,Bermuda,2004,120432.12052555
BEN,Benin,2004,907.624431209378
BLZ,Belize,2004,6383.07432412662
BEL,Belgium,2004,37976.6972967442
BLR,Belarus,2004,3520.40452642524
BRB,Barbados,2004,21516.1662922098
BGD,Bangladesh,2004,702.656357081873
BHR,Bahrain,2004,23688.1121059225
BHS,"Bahamas, The",2004,32444.0739567569
AZE,Azerbaijan,2004,2111.4533834475
AUT,Austria,2004,40333.3307183894
AUS,Australia,2004,50018.5904483861
ABW,Aruba,2004,29959.7748189582
ARM,Armenia,2004,1955.22262459229
ARG,Argentina,2004,10302.4465316428
ATG,Antigua and Barbuda,2004,16433.4130541483
AGO,Angola,2004,2583.32411461288
AND,Andorra,2004,40054.3399679173
ASM,American Samoa,2004,13291.5356626851
DZA,Algeria,2004,4066.28204806495
ALB,Albania,2004,2567.29763687121
AFG,Afghanistan,2004,338.637273888197
WLD,World,2004,8388.5973377126
UMC,Upper middle income,2004,4069.5833421864
TSS,Sub-Saharan Africa (IDA & IBRD countries),2004,1324.51853793772
SSA,Sub-Saharan Africa (excluding high income),2004,1441.30774878104
SSF,Sub-Saharan Africa,2004,1324.51853793772
TSA,South Asia (IDA & IBRD),2004,887.193101602536
SAS,South Asia,2004,887.193101602536
SST,Small states,2004,9105.86748386888
PRE,Pre-demographic dividend,2004,1182.63790184807
PST,Post-demographic dividend,2004,36405.756283014
PSS,Pacific island small states,2004,3296.44443252474
OSS,Other small states,2004,9164.67108439275
OED,OECD members,2004,32234.4407117914
NAC,North America,2004,50031.2642410122
MIC,Middle income,2004,2671.06832098
TMN,"Middle East, North Africa, Afghanistan & Pakistan (IDA & IBRD)",2004,2498.0483965743
MNA,"Middle East, North Africa, Afghanistan & Pakistan (excluding high income)",2004,2497.58482977173
MEA,"Middle East, North Africa, Afghanistan & Pakistan",2004,4292.69394546798
LMC,Lower middle income,2004,1177.31848324728
LIC,Low income,2004,745.570250035604
LMY,Low & middle income,2004,2533.63490609155
LDC,Least developed countries: UN classification,2004,717.390630227449
TLA,Latin America & the Caribbean (IDA & IBRD countries),2004,6799.16603256747
LAC,Latin America & Caribbean (excluding high income),2004,6762.11459440306
LCN,Latin America & Caribbean,2004,6962.62599800076
LTE,Late-demographic dividend,2004,4352.77899604091
IDA,IDA total,2004,1003.9852047643
IDX,IDA only,2004,762.575661839901
IDB,IDA blend,2004,1452.76112133181
IBT,IDA & IBRD total,2004,2729.87046222028
IBD,IBRD only,2004,3247.0612433535
HIC,High income,2004,32292.6469967559
HPC,Heavily indebted poor countries (HIPC),2004,718.761366870826
FCS,Fragile and conflict affected situations,2004,1417.38633890673
EUU,European Union,2004,27885.7681519653
TEC,Europe & Central Asia (IDA & IBRD countries),2004,5473.20161109334
ECA,Europe & Central Asia (excluding high income),2004,3949.57993189741
ECS,Europe & Central Asia,2004,19978.690365054
EMU,Euro area,2004,32179.5603833867
TEA,East Asia & Pacific (IDA & IBRD countries),2004,2868.75214281979
EAP,East Asia & Pacific (excluding high income),2004,2835.24719161171
EAS,East Asia & Pacific,2004,5869.9841240498
EAR,Early-demographic dividend,2004,2312.5110972536
CEB,Central Europe and the Baltics,2004,8923.85904704259
CSS,Caribbean small states,2004,12014.5670017555
ARB,Arab World,2004,5250.08375247516
AFW,Africa Western and Central,2004,1402.22876764658
AFE,Africa Eastern and Southern,2004,1271.31275711155
ZWE,Zimbabwe,2005,1088.63148420699
ZMB,Zambia,2005,929.079255855905
YEM,"Yemen, Rep.",2005,2237.63762643152
PSE,West Bank and Gaza,2005,2632.24627423958
VIR,Virgin Islands (U.S.),2005,46021.5905731819
VNM,Viet Nam,2005,1609.96268313651
VEN,"Venezuela, RB",2005,3884.70081071301
VUT,Vanuatu,2005,2626.85057870874
UZB,Uzbekistan,2005,1549.04577531643
URY,Uruguay,2005,11131.3984890038
USA,United States,2005,52393.4513113092
GBR,United Kingdom,2005,43320.5628684438
ARE,United Arab Emirates,2005,55363.5661047143
UKR,Ukraine,2005,2122.6015625
UGA,Uganda,2005,604.404813057618
TUV,Tuvalu,2005,2864.90524160208
TKM,Turkmenistan,2005,2622.61796328876
TUR,Turkiye,2005,7623.14640948457
TUN,Tunisia,2005,3301.93817216029
TTO,Trinidad and Tobago,2005,15075.4179709902
TON,Tonga,2005,3880.07037654517
TGO,Togo,2005,630.248678309054
TLS,Timor-Leste,2005,964.026656178075
THA,Thailand,2005,4372.25730206261
TZA,Tanzania,2005,680.051208496094
TJK,Tajikistan,2005,618.333702588577
SYR,Syrian Arab Republic,2005,1411.63184941498
CHE,Switzerland,2005,76282.9840696619
SWE,Sweden,2005,46189.6828420555
SUR,Suriname,2005,7261.8171350196
SDN,Sudan,2005,1290.24438476563
VCT,St. Vincent and the Grenadines,2005,6244.35953746008
LCA,St. Lucia,2005,9527.58469430542
KNA,St. Kitts and Nevis,2005,16000.5658929826
LKA,Sri Lanka,2005,2268.6880127005
ESP,Spain,2005,26294.447384391
ZAF,South Africa,2005,5406.07581377638
SOM,"Somalia, Fed. Rep.",2005,275.457040798093
SLB,Solomon Islands,2005,1755.74082446273
SVN,Slovenia,2005,19102.2776603905
SVK,Slovak Republic,2005,11412.1593630008
SGP,Singapore,2005,41798.4880834671
SLE,Sierra Leone,2005,842.906030904902
SYC,Seychelles,2005,11297.3118190493
SRB,Serbia,2005,4809.1384076488
SEN,Senegal,2005,1119.0505307548
SAU,Saudi Arabia,2005,21838.1915349374
STP,Sao Tome and Principe,2005,1089.14778798762
SMR,San Marino,2005,59049.5774485922
WSM,Samoa,2005,3755.78242822467
RWA,Rwanda,2005,446.029809636404
RUS,Russian Federation,2005,7323.38525390625
ROU,Romania,2005,6328.09022324183
QAT,Qatar,2005,60416.7101500199
PRI,Puerto Rico (US),2005,29815.216422231
PRT,Portugal,2005,19251.71450683
POL,Poland,2005,8598.57681241557
PHL,Philippines,2005,2037.8776605946
PER,Peru,2005,3835.13219279722
PRY,Paraguay,2005,4193.28086525675
PNG,Papua New Guinea,2005,1875.82273480514
PAN,Panama,2005,7935.87134515908
PLW,Palau,2005,13992.4700518965
PAK,Pakistan,2005,1201.23359367214
OMN,Oman,2005,19629.0451546015
NOR,Norway,2005,73524.2549197612
MNP,Northern Mariana Islands,2005,21882.2927935415
MKD,North Macedonia,2005,3657.56307699216
NGA,Nigeria,2005,1889.25175325818
NER,Niger,2005,407.190931059924
NIC,Nicaragua,2005,1601.48770707458
NZL,New Zealand,2005,35126.3341641095
NLD,Netherlands,2005,42411.3453838518
NPL,Nepal,2005,603.190108570995
NRU,Nauru,2005,4955.30929946913
NAM,Namibia,2005,3627.75059772278
MMR,Myanmar,2005,522.099544791815
MOZ,Mozambique,2005,391.699758163976
MAR,Morocco,2005,2342.15478515625
MNE,Montenegro,2005,4967.68527082416
MNG,Mongolia,2005,2060.26168223171
MCO,Monaco,2005,132253.218402608
MDA,Moldova,2005,1919.44550763748
FSM,"Micronesia, Fed. Sts.",2005,2824.41492288117
MEX,Mexico,2005,9491.51730225718
MUS,Mauritius,2005,6556.38819193225
MRT,Mauritania,2005,1418.53202144135
MHL,Marshall Islands,2005,3284.78403267445
MLT,Malta,2005,18123.2685184554
MLI,Mali,2005,794.373328211361
MDV,Maldives,2005,7141.88377049891
MYS,Malaysia,2005,7234.02442689141
MWI,Malawi,2005,410.267979592536
MDG,Madagascar,2005,450.955230911228
MAC,"Macao SAR, China",2005,49470.940295748
LUX,Luxembourg,2005,101222.044353044
LTU,Lithuania,2005,9692.86853763267
LBY,Libya,2005,12628.896152656
LBR,Liberia,2005,539.665378841936
LSO,Lesotho,2005,853.960500629797
LBN,Lebanon,2005,6707.18024635316
LVA,Latvia,2005,10106.2626157732
LAO,Lao PDR,2005,1148.68153852071
KGZ,Kyrgyz Republic,2005,820.709519437592
KWT,Kuwait,2005,40451.2551656974
KOR,"Korea, Rep.",2005,22123.7613066851
KIR,Kiribati,2005,1368.99716100101
KEN,Kenya,2005,1223.44738472019
KAZ,Kazakhstan,2005,6787.4115548789
JOR,Jordan,2005,4151.61313015439
JPN,Japan,2005,33098.5474664881
JAM,Jamaica,2005,5525.73577833713
ITA,Italy,2005,33407.6754716472
ISR,Israel,2005,29623.7172812577
IMN,Isle of Man,2005,58201.5990838178
IRL,Ireland,2005,50547.2123729763
IRQ,Iraq,2005,3310.86344473993
IRN,"Iran, Islamic Rep.",2005,4650.35841490708
IDN,Indonesia,2005,2155.4478015921
IND,India,2005,947.732565646672
ISL,Iceland,2005,50674.4411254865
HUN,Hungary,2005,11272.7345428122
HKG,"Hong Kong SAR, China",2005,32401.3907659685
HND,Honduras,2005,1975.85647913236
HTI,Haiti,2005,1304.33303731231
GUY,Guyana,2005,3867.93308158647
GNB,Guinea-Bissau,2005,595.94255560187
GIN,Guinea,2005,651.359606871604
GTM,Guatemala,2005,3284.80971612832
GUM,Guam,2005,32520.3729565352
GRD,Grenada,2005,8162.91232124727
GRL,Greenland,2005,36681.8055890619
GRC,Greece,2005,21880.5265835801
GHA,Ghana,2005,1143.31178934301
DEU,Germany,2005,36024.0947047021
GEO,Georgia,2005,2321.60084285163
GMB,"Gambia, The",2005,658.676285443081
GAB,Gabon,2005,7130.22505771754
PYF,French Polynesia,2005,21661.4244664054
FRA,France,2005,34946.0372494703
FIN,Finland,2005,42529.3506920884
FJI,Fiji,2005,4255.45097421847
ETH,Ethiopia,2005,290.833381425059
SWZ,Eswatini,2005,2658.75180508187
EST,Estonia,2005,14703.6179707772
ERI,Eritrea,2005,809.794793468889
GNQ,Equatorial Guinea,2005,10212.4545051498
SLV,El Salvador,2005,3163.36118376833
EGY,"Egypt, Arab Rep.",2005,2635.70305227819
ECU,Ecuador,2005,4589.32849203452
DOM,Dominican Republic,2005,4549.24957008857
DMA,Dominica,2005,7381.74728529453
DNK,Denmark,2005,52015.1841169021
CZE,Czechia,2005,15147.7214417611
CYP,Cyprus,2005,25631.3671875
CUW,Curacao,2005,21112.3218717015
CUB,Cuba,2005,5182.35283601732
HRV,Croatia,2005,11522.7905248265
CIV,Cote d'Ivoire,2005,1431.73320203111
CRI,Costa Rica,2005,8655.33965418585
COG,"Congo, Rep.",2005,2140.03686200251
COD,"Congo, Dem. Rep.",2005,351.708486411683
COM,Comoros,2005,1274.6143662974
COL,Colombia,2005,4457.27537460443
CHN,China,2005,3465.81734409951
CHL,Chile,2005,10104.4208391373
TCD,Chad,2005,952.871910097036
CAF,Central African Republic,2005,427.968043155237
CAN,Canada,2005,41006.2229523971
CMR,Cameroon,2005,1264.74345218659
KHM,Cambodia,2005,866.340290123209
CPV,Cabo Verde,2005,2514.16779255327
BDI,Burundi,2005,250.878933475935
BFA,Burkina Faso,2005,499.192797571217
BGR,Bulgaria,2005,5231.33811895255
BRN,Brunei Darussalam,2005,37312.2778797122
BRA,Brazil,2005,7409.56827992249
BWA,Botswana,2005,5514.21742664705
BIH,Bosnia and Herzegovina,2005,3217.81341615345
BOL,Bolivia,2005,2156.18670325307
BTN,Bhutan,2005,1632.02169500573
BMU,Bermuda,2005,122143.799577518
BEN,Benin,2005,893.91536869992
BLZ,Belize,2005,6337.12389222378
BEL,Belgium,2005,38645.2605193362
BLR,Belarus,2005,3877.71738911289
BRB,Barbados,2005,22250.0263806215
BGD,Bangladesh,2005,739.203718353409
BHR,Bahrain,2005,23439.6704353038
BHS,"Bahamas, The",2005,33144.7878790275
AZE,Azerbaijan,2005,2674.3688564996
AUT,Austria,2005,40989.0131778975
AUS,Australia,2005,50972.640519744
ABW,Aruba,2005,29081.7066997897
ARM,Armenia,2005,2240.09273209788
ARG,Argentina,2005,11099.7509190602
ATG,Antigua and Barbuda,2005,17301.2134317518
AGO,Angola,2005,2843.3966357968
AND,Andorra,2005,40528.1938997392
ASM,American Samoa,2005,13284.2791128875
DZA,Algeria,2005,4223.60252133943
ALB,Albania,2005,2712.86983830331
AFG,Afghanistan,2005,363.640141436773
WLD,World,2005,8618.44740525166
UMC,Upper middle income,2005,4340.46159471507
TSS,Sub-Saharan Africa (IDA & IBRD countries),2005,1366.27424482585
SSA,Sub-Saharan Africa (excluding high income),2005,1485.37551435245
SSF,Sub-Saharan Africa,2005,1366.27424482585
TSA,South Asia (IDA & IBRD),2005,940.169909002488
SAS,South Asia,2005,940.169909002488
SST,Small states,2005,9451.28413237528
PRE,Pre-demographic dividend,2005,1216.92124399816
PST,Post-demographic dividend,2005,37234.4196491304
PSS,Pacific island small states,2005,3338.28075619483
OSS,Other small states,2005,9487.11347008899
OED,OECD members,2005,32918.4900985192
NAC,North America,2005,51286.8105378707
MIC,Middle income,2005,2831.05223711224
TMN,"Middle East, North Africa, Afghanistan & Pakistan (IDA & IBRD)",2005,2561.89007487955
MNA,"Middle East, North Africa, Afghanistan & Pakistan (excluding high income)",2005,2562.3377597191
MEA,"Middle East, North Africa, Afghanistan & Pakistan",2005,4413.06728927417
LMC,Lower middle income,2005,1233.84653222683
LIC,Low income,2005,768.323976866059
LMY,Low & middle income,2005,2681.80911389239
LDC,Least developed countries: UN classification,2005,752.258316981261
TLA,Latin America & the Caribbean (IDA & IBRD countries),2005,6997.41671457478
LAC,Latin America & Caribbean (excluding high income),2005,6946.74709329377
LCN,Latin America & Caribbean,2005,7160.79420102628
LTE,Late-demographic dividend,2005,4662.84590388694
IDA,IDA total,2005,1041.06280109594
IDX,IDA only,2005,792.915050928441
IDB,IDA blend,2005,1501.63150824282
IBT,IDA & IBRD total,2005,2885.28754662659
IBD,IBRD only,2005,3445.04385258554
HIC,High income,2005,33082.5177948394
HPC,Heavily indebted poor countries (HIPC),2005,737.272732422018
FCS,Fragile and conflict affected situations,2005,1470.03208126605
EUU,European Union,2005,28334.7590973938
TEC,Europe & Central Asia (IDA & IBRD countries),2005,5833.95966556779
ECA,Europe & Central Asia (excluding high income),2005,4268.51101428285
ECS,Europe & Central Asia,2005,20464.4783927706
EMU,Euro area,2005,32577.2810721025
TEA,East Asia & Pacific (IDA & IBRD countries),2005,3131.70612955601
EAP,East Asia & Pacific (excluding high income),2005,3095.23156174672
EAS,East Asia & Pacific,2005,6173.52773117604
EAR,Early-demographic dividend,2005,2409.7524782084
CEB,Central Europe and the Baltics,2005,9387.59188976247
CSS,Caribbean small states,2005,12638.9654635453
ARB,Arab World,2005,5412.64941314351
AFW,Africa Western and Central,2005,1441.98859440003
AFE,Africa Eastern and Southern,2005,1314.3879382145
ZWE,Zimbabwe,2006,1038.22375658033
ZMB,Zambia,2006,968.563565019492
YEM,"Yemen, Rep.",2006,2234.74266863312
PSE,West Bank and Gaza,2006,2540.26763083127
VIR,Virgin Islands (U.S.),2006,47671.567182812
VNM,Viet Nam,2006,1699.67620343393
VEN,"Venezuela, RB",2006,4199.39766916963
VUT,Vanuatu,2006,2780.97475852227
UZB,Uzbekistan,2006,1643.14645619601
URY,Uruguay,2006,11574.470540231
USA,United States,2006,53335.5896950225
GBR,United Kingdom,2006,43944.9985799069
ARE,United Arab Emirates,2006,56629.9761392644
UKR,Ukraine,2006,2298.13232421875
UGA,Uganda,2006,650.270540867444
TUV,Tuvalu,2006,2900.92710155819
TKM,Turkmenistan,2006,2856.77457038028
TUR,Turkiye,2006,8078.5153787571
TUN,Tunisia,2006,3444.5513526091
TTO,Trinidad and Tobago,2006,17021.2241679562
TON,Tonga,2006,3775.24832512712
TGO,Togo,2006,629.079905835563
TLS,Timor-Leste,2006,897.573801807644
THA,Thailand,2006,4551.5250018314
TZA,Tanzania,2006,704.502746582031
TJK,Tajikistan,2006,649.163328755334
SYR,Syrian Arab Republic,2006,1420.72293121298
CHE,Switzerland,2006,78893.8078199046
SWE,Sweden,2006,48078.3520110084
SUR,Suriname,2006,7599.35696921481
SDN,Sudan,2006,1336.1240234375
VCT,St. Vincent and the Grenadines,2006,6707.27875985734
LCA,St. Lucia,2006,10045.6504032593
KNA,St. Kitts and Nevis,2006,16457.8622372067
LKA,Sri Lanka,2006,2426.34873273046
ESP,Spain,2006,26899.0921497113
ZAF,South Africa,2006,5650.9883176549
SOM,"Somalia, Fed. Rep.",2006,284.470789865234
SLB,Solomon Islands,2006,1796.71439810674
SVN,Slovenia,2006,20166.5323431214
SVK,Slovak Republic,2006,12430.2015488557
SGP,Singapore,2006,44159.4101820552
SLE,Sierra Leone,2006,859.824260714965
SYC,Seychelles,2006,12105.4475265558
SRB,Serbia,2006,5016.41289322251
SEN,Senegal,2006,1118.7830430051
SAU,Saudi Arabia,2006,21616.3355772516
STP,Sao Tome and Principe,2006,1157.0861446542
SMR,San Marino,2006,60604.3508911242
WSM,Samoa,2006,3820.92239453139
RWA,Rwanda,2006,474.364599463307
RUS,Russian Federation,2006,7949.89697265625
ROU,Romania,2006,6876.77841417966
QAT,Qatar,2006,64676.3189868053
PRI,Puerto Rico (US),2006,29519.7386759729
PRT,Portugal,2006,19529.3122100477
POL,Poland,2006,9137.65850849801
PHL,Philippines,2006,2110.42044781284
PER,Peru,2006,4091.36268615581
PRY,Paraguay,2006,4349.31197066239
PNG,Papua New Guinea,2006,1915.2349405788
PAN,Panama,2006,8557.98017379308
PLW,Palau,2006,14186.1538388023
PAK,Pakistan,2006,1243.94142602543
OMN,Oman,2006,20096.3965576134
NOR,Norway,2006,74729.7365961068
MNP,Northern Mariana Islands,2006,20940.1619770428
MKD,North Macedonia,2006,3866.74650622977
NGA,Nigeria,2006,1949.15856804565
NER,Niger,2006,415.852022114801
NIC,Nicaragua,2006,1644.37193565251
NZL,New Zealand,2006,35665.3533259784
NLD,Netherlands,2006,43841.1223404104
NPL,Nepal,2006,617.477638588722
NRU,Nauru,2006,5382.10161869099
NAM,Namibia,2006,3834.99894666178
MMR,Myanmar,2006,586.085579935448
MOZ,Mozambique,2006,420.526462764726
MAR,Morocco,2006,2489.99291992188
MNE,Montenegro,2006,5386.53833750521
MNG,Mongolia,2006,2209.74321787628
MCO,Monaco,2006,140615.178788026
MDA,Moldova,2006,2017.17730062908
FSM,"Micronesia, Fed. Sts.",2006,2836.18187521481
MEX,Mexico,2006,9813.8280424425
MUS,Mauritius,2006,6843.39977734988
MRT,Mauritania,2006,1637.04191255803
MHL,Marshall Islands,2006,3285.12078781351
MLT,Malta,2006,18479.213008171
MLI,Mali,2006,797.100532884951
MDV,Maldives,2006,8620.72814678183
MYS,Malaysia,2006,7469.8106921211
MWI,Malawi,2006,417.877689776503
MDG,Madagascar,2006,461.540337897729
MAC,"Macao SAR, China",2006,53240.2045750276
LUX,Luxembourg,2006,105614.178851764
LTU,Lithuania,2006,10577.2145522871
LBY,Libya,2006,13176.7758911904
LBR,Liberia,2006,551.377446611852
LSO,Lesotho,2006,893.750686627156
LBN,Lebanon,2006,6696.37428200596
LVA,Latvia,2006,11507.4648265658
LAO,Lao PDR,2006,1228.08927619923
KGZ,Kyrgyz Republic,2006,837.138026647346
KWT,Kuwait,2006,41137.969927672
KOR,"Korea, Rep.",2006,23162.1860111297
KIR,Kiribati,2006,1419.38709899471
KEN,Kenya,2006,1263.54164666211
KAZ,Kazakhstan,2006,7450.39687062615
JOR,Jordan,2006,4209.86864014361
JPN,Japan,2006,33531.518563066
JAM,Jamaica,2006,5656.66803579988
ITA,Italy,2006,33873.0493680093
ISR,Israel,2006,30734.9619835354
IMN,Isle of Man,2006,62075.7601604994
IRL,Ireland,2006,51656.8194855887
IRQ,Iraq,2006,3471.98744698568
IRN,"Iran, Islamic Rep.",2006,4778.7934584732
IDN,Indonesia,2006,2244.0802226202
IND,India,2006,1008.23275343783
ISL,Iceland,2006,52306.1284689188
HUN,Hungary,2006,11734.4544729813
HKG,"Hong Kong SAR, China",2006,34458.0498746756
HND,Honduras,2006,2056.53491469231
HTI,Haiti,2006,1305.03813815611
GUY,Guyana,2006,4076.77981715707
GNB,Guinea-Bissau,2006,597.257151722046
GIN,Guinea,2006,645.472001923653
GTM,Guatemala,2006,3388.15003339926
GUM,Guam,2006,31242.462900947
GRD,Grenada,2006,7808.24358323434
GRL,Greenland,2006,38828.8524943222
GRC,Greece,2006,23220.5324419197
GHA,Ghana,2006,1185.26570738595
DEU,Germany,2006,37459.261328042
GEO,Georgia,2006,2554.81253503914
GMB,"Gambia, The",2006,636.596026908866
GAB,Gabon,2006,6724.08148977274
PYF,French Polynesia,2006,21545.5997136473
FRA,France,2006,35645.4162427116
FIN,Finland,2006,44069.3958834717
FJI,Fiji,2006,4295.40679748345
ETH,Ethiopia,2006,313.013896721503
SWZ,Eswatini,2006,2823.48728215402
EST,Estonia,2006,16234.5152041417
ERI,Eritrea,2006,789.402432018085
GNQ,Equatorial Guinea,2006,10521.9996774827
SLV,El Salvador,2006,3302.34817354347
EGY,"Egypt, Arab Rep.",2006,2761.62410769792
ECU,Ecuador,2006,4706.98056823816
DOM,Dominican Republic,2006,4904.71715839398
DMA,Dominica,2006,7698.53701483824
DNK,Denmark,2006,53823.1590295482
CZE,Czechia,2006,16107.3042502688
CYP,Cyprus,2006,26395.50390625
CUW,Curacao,2006,20913.6629896021
CUB,Cuba,2006,5799.41163668615
HRV,Croatia,2006,12104.0421469867
CIV,Cote d'Ivoire,2006,1437.77453798586
CRI,Costa Rica,2006,9160.29437453236
COG,"Congo, Rep.",2006,2226.0233547376
COD,"Congo, Dem. Rep.",2006,358.454382275579
COM,Comoros,2006,1227.24636392125
COL,Colombia,2006,4694.03442939175
CHN,China,2006,3883.35412942474
CHL,Chile,2006,10611.6144012877
TCD,Chad,2006,914.210664598894
CAF,Central African Republic,2006,439.294330902768
CYM,Cayman Islands,2006,96066.629965728
CAN,Canada,2006,41663.5123057295
CMR,Cameroon,2006,1277.32990712342
KHM,Cambodia,2006,947.065220050691
CPV,Cabo Verde,2006,2683.83943856892
BDI,Burundi,2006,255.105582251925
BFA,Burkina Faso,2006,514.113131757062
BGR,Bulgaria,2006,5629.80127993005
BRN,Brunei Darussalam,2006,38229.3565684183
BRA,Brazil,2006,7622.03919432148
BWA,Botswana,2006,5865.00026521361
BIH,Bosnia and Herzegovina,2006,3419.75887457192
BOL,Bolivia,2006,2221.42722587103
BTN,Bhutan,2006,1701.11878173586
BMU,Bermuda,2006,128662.931924261
BEN,Benin,2006,900.62053578735
BLZ,Belize,2006,6435.58767337678
BEL,Belgium,2006,39371.0858277448
BLR,Belarus,2006,4291.68647163264
BRB,Barbados,2006,23487.4418767503
BGD,Bangladesh,2006,779.419570444998
BHR,Bahrain,2006,23095.0181330228
BHS,"Bahamas, The",2006,33541.850748701
AZE,Azerbaijan,2006,3556.83212858133
AUT,Austria,2006,42120.1557002022
AUS,Australia,2006,51682.8925230537
ABW,Aruba,2006,28885.9118700469
ARM,Armenia,2006,2551.43546358452
ARG,Argentina,2006,11870.2791559298
ATG,Antigua and Barbuda,2006,19259.6486517907
AGO,Angola,2006,3065.05576243895
AND,Andorra,2006,41322.0723316534
ASM,American Samoa,2006,12794.7565021718
DZA,Algeria,2006,4279.61547120827
ALB,Albania,2006,2894.36032580174
AFG,Afghanistan,2006,367.75831169358
WLD,World,2006,8890.47332913351
UMC,Upper middle income,2006,4676.07510610399
TSS,Sub-Saharan Africa (IDA & IBRD countries),2006,1409.85883394612
SSA,Sub-Saharan Africa (excluding high income),2006,1531.52480384502
SSF,Sub-Saharan Africa,2006,1409.85883394612
TSA,South Asia (IDA & IBRD),2006,999.335555409877
SAS,South Asia,2006,999.335555409877
SST,Small states,2006,9969.96579894484
PRE,Pre-demographic dividend,2006,1256.10622810655
PST,Post-demographic dividend,2006,38117.823061561
PSS,Pacific island small states,2006,3378.98652339856
OSS,Other small states,2006,9959.86385190429
OED,OECD members,2006,33673.9718111843
NAC,North America,2006,52201.3765308573
MIC,Middle income,2006,3026.12925447476
TMN,"Middle East, North Africa, Afghanistan & Pakistan (IDA & IBRD)",2006,2640.5399369682
MNA,"Middle East, North Africa, Afghanistan & Pakistan (excluding high income)",2006,2639.88906827009
MEA,"Middle East, North Africa, Afghanistan & Pakistan",2006,4564.98448996785
LMC,Lower middle income,2006,1296.74423468298
LIC,Low income,2006,785.049519848458
LMY,Low & middle income,2006,2861.63623205145
LDC,Least developed countries: UN classification,2006,784.786114587078
TLA,Latin America & the Caribbean (IDA & IBRD countries),2006,7284.10053840676
LAC,Latin America & Caribbean (excluding high income),2006,7223.70712678657
LCN,Latin America & Caribbean,2006,7448.60250979922
LTE,Late-demographic dividend,2006,5063.68908694481
IDA,IDA total,2006,1077.82305096995
IDX,IDA only,2006,823.90017446983
IDB,IDA blend,2006,1548.60504186971
IBT,IDA & IBRD total,2006,3077.74191466409
IBD,IBRD only,2006,3692.82779557534
HIC,High income,2006,33950.2397036779
HPC,Heavily indebted poor countries (HIPC),2006,757.521668994488
FCS,Fragile and conflict affected situations,2006,1523.62890028503
EUU,European Union,2006,29246.6456488849
TEC,Europe & Central Asia (IDA & IBRD countries),2006,6287.52395891241
ECA,Europe & Central Asia (excluding high income),2006,4598.69648089427
ECS,Europe & Central Asia,2006,21196.6642243836
EMU,Euro area,2006,33499.6140523812
TEA,East Asia & Pacific (IDA & IBRD countries),2006,3450.72859160877
EAP,East Asia & Pacific (excluding high income),2006,3410.67408690719
EAS,East Asia & Pacific,2006,6524.30999120138
EAR,Early-demographic dividend,2006,2515.60216032264
CEB,Central Europe and the Baltics,2006,10036.4787965852
CSS,Caribbean small states,2006,13550.3562471238
ARB,Arab World,2006,5614.91183040313
AFW,Africa Western and Central,2006,1475.92318265943
AFE,Africa Eastern and Southern,2006,1364.70525366925
ZWE,Zimbabwe,2007,987.200362596937
ZMB,Zambia,2007,1013.08567432637
YEM,"Yemen, Rep.",2007,2235.75075901067
PSE,West Bank and Gaza,2007,2569.98434108953
VIR,Virgin Islands (U.S.),2007,49598.1259079427
VNM,Viet Nam,2007,1788.9485028957
VEN,"Venezuela, RB",2007,4496.84905010777
VUT,Vanuatu,2007,2791.7418410919
UZB,Uzbekistan,2007,1773.75803693248
URY,Uruguay,2007,12310.482735502
USA,United States,2007,53889.3964951775
GBR,United Kingdom,2007,44882.141312304
ARE,United Arab Emirates,2007,52038.6159567932
UKR,Ukraine,2007,2498.35205078125
UGA,Uganda,2007,684.542241787248
TUV,Tuvalu,2007,3069.67368184077
TCA,Turks and Caicos Islands,2007,37466.1822614725
TKM,Turkmenistan,2007,3114.06330033038
TUR,Turkiye,2007,8477.53328393352
TUN,Tunisia,2007,3642.11977444786
TTO,Trinidad and Tobago,2007,17758.6995224652
TON,Tonga,2007,3665.89534379299
TGO,Togo,2007,603.83784338967
TLS,Timor-Leste,2007,961.848415522858
THA,Thailand,2007,4760.66708464831
TZA,Tanzania,2007,731.52001953125
TJK,Tajikistan,2007,686.48090192413
SYR,Syrian Arab Republic,2007,1411.6899137524
CHE,Switzerland,2007,81254.1701015272
SWE,Sweden,2007,49262.152916545
SUR,Suriname,2007,7897.25648915828
SDN,Sudan,2007,1372.10961914063
VCT,St. Vincent and the Grenadines,2007,6960.17151500732
LCA,St. Lucia,2007,10147.4432459936
KNA,St. Kitts and Nevis,2007,16508.1437081315
LKA,Sri Lanka,2007,2573.54362192705
ESP,Spain,2007,27338.79541774
ZAF,South Africa,2007,5891.42069421698
SOM,"Somalia, Fed. Rep.",2007,294.210404466634
SLB,Solomon Islands,2007,1830.23321405807
SVN,Slovenia,2007,21485.780992381
SVK,Slovak Republic,2007,13770.9602691527
SGP,Singapore,2007,46178.8139470199
SLE,Sierra Leone,2007,872.68836234614
SYC,Seychelles,2007,13112.8210098816
SRB,Serbia,2007,5431.27887426624
SEN,Senegal,2007,1123.99862153285
SAU,Saudi Arabia,2007,21196.7926036633
STP,Sao Tome and Principe,2007,1170.51612474435
SMR,San Marino,2007,62776.9461598748
WSM,Samoa,2007,3818.25503804332
RWA,Rwanda,2007,497.171622130545
RUS,Russian Federation,2007,8640.40625
ROU,Romania,2007,7483.97375820611
QAT,Qatar,2007,61423.0131050382
PRI,Puerto Rico (US),2007,29347.8460041613
PRT,Portugal,2007,19979.5706280792
POL,Poland,2007,9760.7042604352
PHL,Philippines,2007,2209.34651083329
PER,Peru,2007,4407.79121686416
PRY,Paraguay,2007,4540.38235899258
PNG,Papua New Guinea,2007,2000.9726186689
PAN,Panama,2007,9507.64640169959
PLW,Palau,2007,14590.4803753503
PAK,Pakistan,2007,1265.35567539842
OMN,Oman,2007,20642.7489563377
NOR,Norway,2007,76115.7066768285
MNP,Northern Mariana Islands,2007,20117.7037335229
MKD,North Macedonia,2007,4140.63354809364
NGA,Nigeria,2007,2020.83316299454
NER,Niger,2007,413.419126261066
NIC,Nicaragua,2007,1703.20780299405
NZL,New Zealand,2007,36414.3173040299
NLD,Netherlands,2007,45445.522872349
NPL,Nepal,2007,633.226129136597
NRU,Nauru,2007,4199.70508141733
NAM,Namibia,2007,3987.61796106565
MMR,Myanmar,2007,651.729730899198
MOZ,Mozambique,2007,442.049574057751
MAR,Morocco,2007,2540.615234375
MNE,Montenegro,2007,5763.04035952173
MNG,Mongolia,2007,2403.72416258662
MCO,Monaco,2007,162028.480643444
MDA,Moldova,2007,2082.51260097669
FSM,"Micronesia, Fed. Sts.",2007,2808.83168399832
MEX,Mexico,2007,9877.69532644737
MUS,Mauritius,2007,7202.43853899489
MRT,Mauritania,2007,1563.60628765192
MHL,Marshall Islands,2007,3403.47842798117
MLT,Malta,2007,19342.3252929886
MLI,Mali,2007,784.893915016638
MDV,Maldives,2007,8933.17166363858
MYS,Malaysia,2007,7769.59693350488
MWI,Malawi,2007,445.254305419586
MDG,Madagascar,2007,473.785462328449
MAC,"Macao SAR, China",2007,58376.1176047275
LUX,Luxembourg,2007,112417.876989455
LTU,Lithuania,2007,11889.3545234657
LBY,Libya,2007,13712.9602583972
LBR,Liberia,2007,574.609394348543
LSO,Lesotho,2007,927.26863327342
LBN,Lebanon,2007,7179.34520092306
LVA,Latvia,2007,12810.0409502542
LAO,Lao PDR,2007,1301.08597549864
KGZ,Kyrgyz Republic,2007,900.02796489729
KWT,Kuwait,2007,41113.8693942735
KOR,"Korea, Rep.",2007,24391.7651013448
KIR,Kiribati,2007,1433.3573454448
KEN,Kenya,2007,1309.91092948216
KAZ,Kazakhstan,2007,8036.87599811505
JOR,Jordan,2007,4287.35229821209
JPN,Japan,2007,33990.0360341367
JAM,Jamaica,2007,5710.53878446758
ITA,Italy,2007,34159.9109244074
ISR,Israel,2007,32103.1628576567
IMN,Isle of Man,2007,66029.9755907183
IRL,Ireland,2007,52849.6948429458
IRQ,Iraq,2007,3565.58054079041
IRN,"Iran, Islamic Rep.",2007,5084.71796043623
IDN,Indonesia,2007,2355.1528565328
IND,India,2007,1069.24696813025
ISL,Iceland,2007,55457.3601417561
HUN,Hungary,2007,11791.7074416876
HKG,"Hong Kong SAR, China",2007,36371.6859370268
HND,Honduras,2007,2134.19540639485
HTI,Haiti,2007,1343.61111422048
GUY,Guyana,2007,4382.10449666813
GNB,Guinea-Bissau,2007,597.482020935948
GIN,Guinea,2007,673.698997420626
GTM,Guatemala,2007,3527.7782721364
GUM,Guam,2007,31385.0475162113
GRD,Grenada,2007,8257.36225682689
GRL,Greenland,2007,39896.875364094
GRC,Greece,2007,23973.6936091313
GHA,Ghana,2007,1205.31705804209
DEU,Germany,2007,38593.0749910508
GEO,Georgia,2007,2891.13702331846
GMB,"Gambia, The",2007,637.20930597537
GAB,Gabon,2007,6908.67399162999
PYF,French Polynesia,2007,21648.532237682
FRA,France,2007,36322.1685141004
FIN,Finland,2007,46213.6898975737
FJI,Fiji,2007,4223.44800626708
ETH,Ethiopia,2007,338.799064654308
SWZ,Eswatini,2007,2928.46845823015
EST,Estonia,2007,17543.4661785723
ERI,Eritrea,2007,789.072701743247
GNQ,Equatorial Guinea,2007,11594.9172068456
SLV,El Salvador,2007,3359.1623024135
EGY,"Egypt, Arab Rep.",2007,2902.06559804963
ECU,Ecuador,2007,4715.30359842555
DOM,Dominican Republic,2007,5204.78500652254
DMA,Dominica,2007,8106.18951878325
DNK,Denmark,2007,54113.9771471341
CZE,Czechia,2007,16892.542854974
CYP,Cyprus,2007,27156.818359375
CUW,Curacao,2007,21011.1570121301
CUB,Cuba,2007,6215.76603727772
HRV,Croatia,2007,12717.9875997872
CIV,Cote d'Ivoire,2007,1420.1738958245
CRI,Costa Rica,2007,9779.51149389818
COG,"Congo, Rep.",2007,2004.10103961966
COD,"Congo, Dem. Rep.",2007,377.437143095814
COM,Comoros,2007,1212.69629084896
COL,Colombia,2007,4947.25260813108
CHN,China,2007,4409.75700836878
CHL,Chile,2007,11051.3450717678
TCD,Chad,2007,920.352815674967
CAF,Central African Republic,2007,450.762785401893
CYM,Cayman Islands,2007,96202.7389296237
CAN,Canada,2007,42106.8724378248
CMR,Cameroon,2007,1295.73067471287
KHM,Cambodia,2007,1030.23117620792
CPV,Cabo Verde,2007,3056.97102851154
BDI,Burundi,2007,254.311725516331
BFA,Burkina Faso,2007,519.26101218434
BGR,Bulgaria,2007,6048.74231752797
BRN,Brunei Darussalam,2007,36174.516515486
BRA,Brazil,2007,8003.2532101272
BWA,Botswana,2007,6085.6354476126
BIH,Bosnia and Herzegovina,2007,3665.08966529499
BOL,Bolivia,2007,2283.4273357151
BTN,Bhutan,2007,1952.25734603779
BMU,Bermuda,2007,132595.482654866
BEN,Benin,2007,926.740113754071
BLZ,Belize,2007,6465.82885846045
BEL,Belgium,2007,40520.0843207009
BLR,Belarus,2007,4682.20676719042
BRB,Barbados,2007,23862.135352962
BGD,Bangladesh,2007,825.508229964537
BHR,Bahrain,2007,23112.4888058398
BHS,"Bahamas, The",2007,33549.3360007274
AZE,Azerbaijan,2007,4412.20326117932
AUT,Austria,2007,43568.8302243941
AUS,Australia,2007,52671.325846724
ABW,Aruba,2007,29556.8384686554
ARM,Armenia,2007,2919.3734936373
ARG,Argentina,2007,12811.9021206578
ATG,Antigua and Barbuda,2007,20770.2689732844
AGO,Angola,2007,3336.36332465208
AND,Andorra,2007,40789.1781297264
ASM,American Samoa,2007,13092.3111393408
DZA,Algeria,2007,4339.25055772831
ALB,Albania,2007,3105.8796756386
AFG,Afghanistan,2007,410.757728879097
WLD,World,2007,9166.56507078682
UMC,Upper middle income,2007,5078.76122806309
TSS,Sub-Saharan Africa (IDA & IBRD countries),2007,1456.1661697907
SSA,Sub-Saharan Africa (excluding high income),2007,1580.27755740837
SSF,Sub-Saharan Africa,2007,1456.1661697907
TSA,South Asia (IDA & IBRD),2007,1059.31634791841
SAS,South Asia,2007,1059.31634791841
SST,Small states,2007,10327.7328570127
PRE,Pre-demographic dividend,2007,1296.53645780715
PST,Post-demographic dividend,2007,38864.7512997089
PSS,Pacific island small states,2007,3346.74967940648
OSS,Other small states,2007,10377.4487607855
OED,OECD members,2007,34311.0693477502
NAC,North America,2007,52744.6503467595
MIC,Middle income,2007,3254.29975423416
TMN,"Middle East, North Africa, Afghanistan & Pakistan (IDA & IBRD)",2007,2734.2054667671
MNA,"Middle East, North Africa, Afghanistan & Pakistan (excluding high income)",2007,2733.1384102406
MEA,"Middle East, North Africa, Afghanistan & Pakistan",2007,4689.93167710735
LMC,Lower middle income,2007,1361.57389659823
LIC,Low income,2007,805.246330809582
LMY,Low & middle income,2007,3071.96637646344
LDC,Least developed countries: UN classification,2007,822.42722071663
TLA,Latin America & the Caribbean (IDA & IBRD countries),2007,7589.79512008476
LAC,Latin America & Caribbean (excluding high income),2007,7518.27936660187
LCN,Latin America & Caribbean,2007,7751.40903587762
LTE,Late-demographic dividend,2007,5544.40085964957
IDA,IDA total,2007,1114.49335203344
IDX,IDA only,2007,857.079927871549
IDB,IDA blend,2007,1590.6428814843
IBT,IDA & IBRD total,2007,3301.24424278247
IBD,IBRD only,2007,3983.15719895369
HIC,High income,2007,34698.5184340761
HPC,Heavily indebted poor countries (HIPC),2007,777.28450144481
FCS,Fragile and conflict affected situations,2007,1581.88537303272
EUU,European Union,2007,30060.1943726362
TEC,Europe & Central Asia (IDA & IBRD countries),2007,6767.52508494843
ECA,Europe & Central Asia (excluding high income),2007,4915.72250440104
ECS,Europe & Central Asia,2007,21916.8468708201
EMU,Euro area,2007,34325.8913160023
TEA,East Asia & Pacific (IDA & IBRD countries),2007,3849.69406453497
EAP,East Asia & Pacific (excluding high income),2007,3805.17838200242
EAS,East Asia & Pacific,2007,6959.65968932647
EAR,Early-demographic dividend,2007,2617.61581534939
CEB,Central Europe and the Baltics,2007,10712.5543317673
CSS,Caribbean small states,2007,13982.598007093
ARB,Arab World,2007,5727.33322290223
AFW,Africa Western and Central,2007,1513.01942969263
AFE,Africa Eastern and Southern,2007,1417.47243247841
ZWE,Zimbabwe,2008,803.044944654991
ZMB,Zambia,2008,1053.58612301068
YEM,"Yemen, Rep.",2008,2244.04491655237
PSE,West Bank and Gaza,2008,2685.98601828464
VIR,Virgin Islands (U.S.),2008,50174.7528938473
VNM,Viet Nam,2008,1856.00519883979
VEN,"Venezuela, RB",2008,4665.9531880382
VUT,Vanuatu,2008,2875.08524058992
UZB,Uzbekistan,2008,1904.45855506712
URY,Uruguay,2008,13165.83628166
USA,United States,2008,53442.7136899777
GBR,United Kingdom,2008,44508.2874631479
ARE,United Arab Emirates,2008,47922.6988207823
UKR,Ukraine,2008,2567.69409179688
UGA,Uganda,2008,722.565167003452
TUV,Tuvalu,2008,3230.22109521715
TCA,Turks and Caicos Islands,2008,38854.1075698814
TKM,Turkmenistan,2008,3504.34843278483
TUR,Turkiye,2008,8447.93976396947
TUN,Tunisia,2008,3760.11828478704
TTO,Trinidad and Tobago,2008,18285.2735441992
TON,Tonga,2008,3833.60152751942
TGO,Togo,2008,610.405413708475
TLS,Timor-Leste,2008,1042.86833768293
THA,Thailand,2008,4805.76393990836
TZA,Tanzania,2008,752.540466308594
TJK,Tajikistan,2008,726.185491338269
SYR,Syrian Arab Republic,2008,1423.59559425951
CHE,Switzerland,2008,82481.0680560935
SWE,Sweden,2008,48428.6587081751
SUR,Suriname,2008,8129.11464659446
SDN,Sudan,2008,1381.62561035156
VCT,St. Vincent and the Grenadines,2008,7019.9950843874
LCA,St. Lucia,2008,10583.4310172598
KNA,St. Kitts and Nevis,2008,18325.7612670282
LKA,Sri Lanka,2008,2708.58594222506
ESP,Spain,2008,27112.526293889
SSD,South Sudan,2008,2289.18415375563
ZAF,South Africa,2008,6009.71963138635
SOM,"Somalia, Fed. Rep.",2008,304.741448811117
SLB,Solomon Islands,2008,1911.18969015528
SVN,Slovenia,2008,22175.2369557321
SVK,Slovak Republic,2008,14497.1114407172
SGP,Singapore,2008,44601.5799302699
SLE,Sierra Leone,2008,882.54147817868
SYC,Seychelles,2008,12473.2921769121
SRB,Serbia,2008,5735.94772695749
SEN,Senegal,2008,1138.66883930214
SAU,Saudi Arabia,2008,21629.8405734551
STP,Sao Tome and Principe,2008,1214.14114724792
SMR,San Marino,2008,61572.7435735639
WSM,Samoa,2008,3925.8743329936
RWA,Rwanda,2008,538.325372065592
RUS,Russian Federation,2008,9093.7001953125
ROU,Romania,2008,8318.00342795388
QAT,Qatar,2008,61213.7206556875
PRI,Puerto Rico (US),2008,28976.1310520159
PRT,Portugal,2008,20014.4749330004
POL,Poland,2008,10187.2017910883
PHL,Philippines,2008,2264.9462907288
PER,Peru,2008,4778.52642172313
PRY,Paraguay,2008,4788.66318778074
PNG,Papua New Guinea,2008,1934.03201558753
PAN,Panama,2008,10288.1549774225
PLW,Palau,2008,14045.7297946023
PAK,Pakistan,2008,1258.05188934452
OMN,Oman,2008,22007.7338963517
NOR,Norway,2008,75535.2118003041
MNP,Northern Mariana Islands,2008,18451.3905458787
MKD,North Macedonia,2008,4392.5507164151
NGA,Nigeria,2008,2098.28339220668
NER,Niger,2008,429.195542798877
NIC,Nicaragua,2008,1736.65740610408
NZL,New Zealand,2008,35739.3584607571
NLD,Netherlands,2008,46227.211156219
NPL,Nepal,2008,666.865095417138
NRU,Nauru,2008,5045.18472364491
NAM,Namibia,2008,4036.38187484707
MMR,Myanmar,2008,714.620419027129
MOZ,Mozambique,2008,460.94729485679
MAR,Morocco,2008,2648.58569335938
MNE,Montenegro,2008,6149.68558098863
MNG,Mongolia,2008,2576.71295838607
MCO,Monaco,2008,163243.752211148
MDA,Moldova,2008,2249.22589719372
FSM,"Micronesia, Fed. Sts.",2008,2759.97734131572
MEX,Mexico,2008,9826.3421836048
MUS,Mauritius,2008,7563.03143738425
MRT,Mauritania,2008,1514.2655013629
MHL,Marshall Islands,2008,3146.26177205458
MLT,Malta,2008,20064.4610845081
MLI,Mali,2008,787.156518987615
MDV,Maldives,2008,9396.49733610486
MYS,Malaysia,2008,7976.11785374773
MWI,Malawi,2008,465.55147298007
MDG,Madagascar,2008,490.963935389518
MAC,"Macao SAR, China",2008,58146.3285846714
LUX,Luxembourg,2008,110094.791529429
LTU,Lithuania,2008,12324.5197331387
LBY,Libya,2008,13403.0004645911
LBR,Liberia,2008,591.185378141907
LSO,Lesotho,2008,971.881366821351
LBN,Lebanon,2008,7701.29823027979
LVA,Latvia,2008,12506.6945041012
LAO,Lao PDR,2008,1381.73754223953
KGZ,Kyrgyz Republic,2008,966.409971184817
KWT,Kuwait,2008,39852.5129115699
XKX,Kosovo,2008,2543.59926351696
KOR,"Korea, Rep.",2008,24934.5396367691
KIR,Kiribati,2008,1361.83587176171
KEN,Kenya,2008,1273.77226103073
KAZ,Kazakhstan,2008,8216.52181589585
JOR,Jordan,2008,4489.95545537311
JPN,Japan,2008,33557.6454041595
JAM,Jamaica,2008,5639.58974873397
ITA,Italy,2008,33550.6340800063
ISR,Israel,2008,32554.0413211945
IMN,Isle of Man,2008,68520.6825624937
IRL,Ireland,2008,49461.1594281353
IRQ,Iraq,2008,3781.78001712762
IRN,"Iran, Islamic Rep.",2008,5035.94008533618
IDN,Indonesia,2008,2464.60193418272
IND,India,2008,1086.50605251513
ISL,Iceland,2008,55360.8136015347
HUN,Hungary,2008,11929.7209867703
HKG,"Hong Kong SAR, China",2008,36924.0883854556
HND,Honduras,2008,2175.14709403064
HTI,Haiti,2008,1356.53400140048
GUY,Guyana,2008,4472.34517889699
GNB,Guinea-Bissau,2008,608.958620496925
GIN,Guinea,2008,684.775780377366
GTM,Guatemala,2008,3569.92861121538
GUM,Guam,2008,31941.2706025874
GRD,Grenada,2008,8307.49221491819
GRL,Greenland,2008,42527.6668469766
GRC,Greece,2008,23923.8800731311
GHA,Ghana,2008,1282.63416886747
DEU,Germany,2008,39009.8477636357
GEO,Georgia,2008,2970.15858282428
GMB,"Gambia, The",2008,657.675679192228
GAB,Gabon,2008,6468.38523357609
PYF,French Polynesia,2008,21493.4178311249
FRA,France,2008,36257.3658930938
FIN,Finland,2008,46359.8732844055
FJI,Fiji,2008,4240.77265686858
FRO,Faroe Islands,2008,44623.0315871975
ETH,Ethiopia,2008,364.642208155735
SWZ,Eswatini,2008,2950.67334362132
EST,Estonia,2008,16688.997772178
ERI,Eritrea,2008,693.398874212494
GNQ,Equatorial Guinea,2008,13048.0703050168
SLV,El Salvador,2008,3420.44927357444
EGY,"Egypt, Arab Rep.",2008,3052.21297844721
ECU,Ecuador,2008,4939.90215021789
DOM,Dominican Republic,2008,5308.92664966814
DMA,Dominica,2008,8682.57378179773
DNK,Denmark,2008,53572.5346568185
CZE,Czechia,2008,17190.6470333289
CYP,Cyprus,2008,27449.2265625
CUW,Curacao,2008,21202.4304610307
CUB,Cuba,2008,6469.08507847668
HRV,Croatia,2008,12970.4376964616
CIV,Cote d'Ivoire,2008,1454.62731800082
CRI,Costa Rica,2008,10104.9092039691
COG,"Congo, Rep.",2008,2061.55829880574
COD,"Congo, Dem. Rep.",2008,393.331182464822
COM,Comoros,2008,1235.97247187374
COL,Colombia,2008,5048.57187245249
CHN,China,2008,4811.47471804961
CHL,Chile,2008,11356.0922105983
TCD,Chad,2008,916.087274632505
CAF,Central African Republic,2008,450.313616886022
CYM,Cayman Islands,2008,93115.3176374189
CAN,Canada,2008,42067.5687072607
CMR,Cameroon,2008,1295.02211276052
KHM,Cambodia,2008,1090.57475806147
CPV,Cabo Verde,2008,3238.44159287498
BDI,Burundi,2008,256.012461554496
BFA,Burkina Faso,2008,533.471299938288
BGR,Bulgaria,2008,6464.72198023576
BRN,Brunei Darussalam,2008,34126.6941563969
BRA,Brazil,2008,8330.76364001877
BWA,Botswana,2008,6158.61629368051
BIH,Bosnia and Herzegovina,2008,3929.03297717336
BOL,Bolivia,2008,2383.2503257823
BTN,Bhutan,2008,2017.76018913403
BMU,Bermuda,2008,129525.177139097
BEN,Benin,2008,943.203380303862
BLZ,Belize,2008,6187.95885023655
BEL,Belgium,2008,40380.9075004042
BLR,Belarus,2008,5177.64534775676
BRB,Barbados,2008,23887.7289633459
BGD,Bangladesh,2008,866.45815762135
BHR,Bahrain,2008,23127.2148040048
BHS,"Bahamas, The",2008,32331.8246135092
AZE,Azerbaijan,2008,4778.12452736673
AUT,Austria,2008,44063.8642019916
AUS,Australia,2008,53497.275355342
ABW,Aruba,2008,29870.6648077005
ARM,Armenia,2008,3141.33193500774
ARG,Argentina,2008,13197.3570267029
ATG,Antigua and Barbuda,2008,20464.786306605
AGO,Angola,2008,3559.19522512236
AND,Andorra,2008,37775.1438845998
ASM,American Samoa,2008,12809.4633079683
DZA,Algeria,2008,4367.56538017541
ALB,Albania,2008,3345.98161761476
AFG,Afghanistan,2008,417.647282647498
WLD,World,2008,9240.5056265252
UMC,Upper middle income,2008,5356.37188864324
TSS,Sub-Saharan Africa (IDA & IBRD countries),2008,1490.09370157274
SSA,Sub-Saharan Africa (excluding high income),2008,1615.34587802112
SSF,Sub-Saharan Africa,2008,1490.09370157274
TSA,South Asia (IDA & IBRD),2008,1081.2982713599
SAS,South Asia,2008,1081.2982713599
SST,Small states,2008,10342.7108313065
PRE,Pre-demographic dividend,2008,1340.27787088179
PST,Post-demographic dividend,2008,38770.2271281115
PSS,Pacific island small states,2008,3378.06429573943
OSS,Other small states,2008,10343.2053560068
OED,OECD members,2008,34177.1150541466
NAC,North America,2008,52336.0990945176
MIC,Middle income,2008,3404.98708871015
TMN,"Middle East, North Africa, Afghanistan & Pakistan (IDA & IBRD)",2008,2767.73209152447
MNA,"Middle East, North Africa, Afghanistan & Pakistan (excluding high income)",2008,2767.19555091699
MEA,"Middle East, North Africa, Afghanistan & Pakistan",2008,4780.09426990896
LMC,Lower middle income,2008,1399.51493678141
LIC,Low income,2008,821.632312533321
LMY,Low & middle income,2008,3209.89152688519
LDC,Least developed countries: UN classification,2008,855.395791284952
TLA,Latin America & the Caribbean (IDA & IBRD countries),2008,7789.84445398257
LAC,Latin America & Caribbean (excluding high income),2008,7709.18247419356
LCN,Latin America & Caribbean,2008,7945.73521560181
LTE,Late-demographic dividend,2008,5891.622096914
IDA,IDA total,2008,1143.00694096765
IDX,IDA only,2008,887.590717483648
IDB,IDA blend,2008,1614.19473989247
IBT,IDA & IBRD total,2008,3448.17245200465
IBD,IBRD only,2008,4176.83978299189
HIC,High income,2008,34696.0115958764
HPC,Heavily indebted poor countries (HIPC),2008,798.4447772445
FCS,Fragile and conflict affected situations,2008,1622.44441895788
EUU,European Union,2008,30144.6515730515
TEC,Europe & Central Asia (IDA & IBRD countries),2008,7054.20102951113
ECA,Europe & Central Asia (excluding high income),2008,5034.07810862034
ECS,Europe & Central Asia,2008,22052.0918924998
EMU,Euro area,2008,34294.4150107331
TEA,East Asia & Pacific (IDA & IBRD countries),2008,4149.94050469473
EAP,East Asia & Pacific (excluding high income),2008,4102.12956719619
EAS,East Asia & Pacific,2008,7213.51487084263
EAR,Early-demographic dividend,2008,2666.11094569761
CEB,Central Europe and the Baltics,2008,11176.9879548804
CSS,Caribbean small states,2008,14130.2413806317
ARB,Arab World,2008,5894.47746607478
AFW,Africa Western and Central,2008,1562.21124621273
AFE,Africa Eastern and Southern,2008,1440.59728407645
ZWE,Zimbabwe,2009,896.915532877845
ZMB,Zambia,2009,1110.71918102486
YEM,"Yemen, Rep.",2009,2257.46902086832
PSE,West Bank and Gaza,2009,2840.01594969395
VIR,Virgin Islands (U.S.),2009,46862.8076001874
VNM,Viet Nam,2009,1927.13427057454
VEN,"Venezuela, RB",2009,4455.4532320933
VUT,Vanuatu,2009,2888.13715784739
UZB,Uzbekistan,2009,2025.04298646098
URY,Uruguay,2009,13691.71420689
USA,United States,2009,51611.3217087719
GBR,United Kingdom,2009,42146.5095879962
ARE,United Arab Emirates,2009,42672.1987890808
UKR,Ukraine,2009,2188.17016601563
UGA,Uganda,2009,749.342865535423
TUV,Tuvalu,2009,2987.80397939993
TCA,Turks and Caicos Islands,2009,29988.5997375172
TKM,Turkmenistan,2009,3645.43522420841
TUR,Turkiye,2009,7925.30110421185
TUN,Tunisia,2009,3835.25011939301
TTO,Trinidad and Tobago,2009,17461.9640940055
TON,Tonga,2009,3630.76081551536
TGO,Togo,2009,625.711511370434
TLS,Timor-Leste,2009,1120.09693594876
THA,Thailand,2009,4737.45679763314
TZA,Tanzania,2009,772.929565429688
TJK,Tajikistan,2009,739.212878526331
SYR,Syrian Arab Republic,2009,1484.40523742854
CHE,Switzerland,2009,79585.5216989959
SWE,Sweden,2009,45974.3911151254
SUR,Suriname,2009,8276.69079768793
SDN,Sudan,2009,1301.34729003906
VCT,St. Vincent and the Grenadines,2009,6955.82358345268
LCA,St. Lucia,2009,10219.8024011561
KNA,St. Kitts and Nevis,2009,17671.2547069735
LKA,Sri Lanka,2009,2787.27350976338
ESP,Spain,2009,25860.8142592652
SSD,South Sudan,2009,2293.80166888543
ZAF,South Africa,2009,5847.05811084505
SOM,"Somalia, Fed. Rep.",2009,317.03818481457
SLB,Solomon Islands,2009,1930.46287614922
SVN,Slovenia,2009,20307.6188322273
SVK,Slovak Republic,2009,13680.7537106597
SXM,Sint Maarten (Dutch part),2009,37548.9474627441
SGP,Singapore,2009,43331.8746638962
SLE,Sierra Leone,2009,872.23959352481
SYC,Seychelles,2009,12116.3783687977
SRB,Serbia,2009,5578.0119741931
SEN,Senegal,2009,1142.65317233964
SAU,Saudi Arabia,2009,20577.5453445336
STP,Sao Tome and Principe,2009,1225.60541902997
SMR,San Marino,2009,52873.2681862909
WSM,Samoa,2009,3875.94291686166
RWA,Rwanda,2009,557.397804859216
RUS,Russian Federation,2009,8381.8681640625
ROU,Romania,2009,7924.87058070212
QAT,Qatar,2009,60781.8017337781
PRI,Puerto Rico (US),2009,28565.767919549
PRT,Portugal,2009,19371.1318876855
POL,Poland,2009,10446.5289138524
PHL,Philippines,2009,2256.72554835463
PER,Peru,2009,4801.17153740507
PRY,Paraguay,2009,4727.59685811389
PNG,Papua New Guinea,2009,2003.24109727039
PAN,Panama,2009,10267.0633132424
PLW,Palau,2009,13338.1300928439
PAK,Pakistan,2009,1269.07432116444
OMN,Oman,2009,22819.1977324647
NOR,Norway,2009,73141.3073299889
MNP,Northern Mariana Islands,2009,15710.5807282039
MKD,North Macedonia,2009,4405.20045750867
NGA,Nigeria,2009,2204.6072560373
NER,Niger,2009,421.650901333136
NIC,Nicaragua,2009,1655.72028962416
NZL,New Zealand,2009,35370.585185302
NLD,Netherlands,2009,44304.4119317351
NPL,Nepal,2009,692.400000816919
NRU,Nauru,2009,4761.56658392323
NAM,Namibia,2009,3989.20711387651
MMR,Myanmar,2009,785.634853168658
MOZ,Mozambique,2009,475.788178051193
MAR,Morocco,2009,2710.66650390625
MNE,Montenegro,2009,5768.65709477479
MNG,Mongolia,2009,2498.72967493254
MCO,Monaco,2009,142375.532007071
MDA,Moldova,2009,2116.94357544097
FSM,"Micronesia, Fed. Sts.",2009,2815.59835156937
MEX,Mexico,2009,9074.1188145564
MUS,Mauritius,2009,7793.0308214588
MRT,Mauritania,2009,1469.05426880813
MHL,Marshall Islands,2009,3262.26955535477
MLT,Malta,2009,19635.9157805971
MLI,Mali,2009,803.486738927624
MDV,Maldives,2009,8313.4098369723
MYS,Malaysia,2009,7700.46111294033
MWI,Malawi,2009,489.631418790158
MDG,Madagascar,2009,457.789754866068
MAC,"Macao SAR, China",2009,59528.8350159491
LUX,Luxembourg,2009,104574.349049084
LTU,Lithuania,2009,10612.9204044582
LBY,Libya,2009,12549.0854345521
LBR,Liberia,2009,603.256211077605
LSO,Lesotho,2009,952.747929746529
LBN,Lebanon,2009,8375.48851252821
LVA,Latvia,2009,10675.425174228
LAO,Lao PDR,2009,1463.3379666846
KGZ,Kyrgyz Republic,2009,981.220904665529
KWT,Kuwait,2009,35124.0853941026
XKX,Kosovo,2009,2680.86121521141
KOR,"Korea, Rep.",2009,25009.9148311999
KIR,Kiribati,2009,1340.27593200253
KEN,Kenya,2009,1276.73503486074
KAZ,Kazakhstan,2009,8218.39912556048
JOR,Jordan,2009,4615.23067817324
JPN,Japan,2009,31651.0837739562
JAM,Jamaica,2009,5372.14234169511
ITA,Italy,2009,31587.0638416305
ISR,Israel,2009,32178.5727387015
IMN,Isle of Man,2009,69192.0258221691
IRL,Ireland,2009,46466.3794269222
IRQ,Iraq,2009,3768.17284328983
IRN,"Iran, Islamic Rep.",2009,5023.89314362941
IDN,Indonesia,2009,2546.21969707767
IND,India,2009,1155.10163274172
ISL,Iceland,2009,50581.0846203691
HUN,Hungary,2009,11142.885928524
HKG,"Hong Kong SAR, China",2009,35938.5902369431
HND,Honduras,2009,2076.30859895638
HTI,Haiti,2009,1412.89653523429
GUY,Guyana,2009,4649.34144792756
GNB,Guinea-Bissau,2009,608.202131879882
GIN,Guinea,2009,660.756701330284
GTM,Guatemala,2009,3516.19227725255
GUM,Guam,2009,31988.7229358255
GRD,Grenada,2009,7733.12990600058
GRL,Greenland,2009,42899.7441985862
GRC,Greece,2009,22878.1346644397
GHA,Ghana,2009,1311.63053760125
DEU,Germany,2009,36940.4078672661
GEO,Georgia,2009,2887.25607935922
GMB,"Gambia, The",2009,681.433469086571
GAB,Gabon,2009,6264.83611480154
PYF,French Polynesia,2009,20499.7723032831
FRA,France,2009,35052.8510772683
FIN,Finland,2009,42412.5133513534
FJI,Fiji,2009,4164.29314800857
FRO,Faroe Islands,2009,42378.2165335393
ETH,Ethiopia,2009,385.632419711374
SWZ,Eswatini,2009,2973.83456912379
EST,Estonia,2009,14274.8511086787
ERI,Eritrea,2009,702.430936480778
GNQ,Equatorial Guinea,2009,12627.862381545
SLV,El Salvador,2009,3337.81150878211
EGY,"Egypt, Arab Rep.",2009,3135.09661303014
ECU,Ecuador,2009,4909.33681705683
DOM,Dominican Republic,2009,5294.64953374426
DMA,Dominica,2009,8582.71481435718
DNK,Denmark,2009,50635.9118061988
CZE,Czechia,2009,16272.8084766719
CYP,Cyprus,2009,26183.685546875
CUW,Curacao,2009,20952.8997952543
CUB,Cuba,2009,6561.25305093006
HRV,Croatia,2009,12099.5521781656
CIV,Cote d'Ivoire,2009,1473.9183699329
CRI,Costa Rica,2009,9883.67567046297
COG,"Congo, Rep.",2009,2211.31572382028
COD,"Congo, Dem. Rep.",2009,383.515898271062
COM,Comoros,2009,1250.90035344227
COL,Colombia,2009,5046.97121757727
CHN,China,2009,5237.76666540352
CHL,Chile,2009,11116.4093443103
CHI,Channel Islands,2009,67617.8205403696
TCD,Chad,2009,871.485311273077
CAF,Central African Republic,2009,492.215398914836
CYM,Cayman Islands,2009,84001.4219797545
CAN,Canada,2009,40376.4153847836
CMR,Cameroon,2009,1290.89961351149
KHM,Cambodia,2009,1117.25834194514
CPV,Cabo Verde,2009,3159.58698693977
BDI,Burundi,2009,252.582019875886
BFA,Burkina Faso,2009,533.470084831931
BGR,Bulgaria,2009,6288.72543188686
BRN,Brunei Darussalam,2009,32855.6021602466
BRA,Brazil,2009,8246.09612122851
BWA,Botswana,2009,5179.4138607146
BIH,Bosnia and Herzegovina,2009,3877.53540078456
BOL,Bolivia,2009,2422.57579390007
BTN,Bhutan,2009,2148.56480375034
BMU,Bermuda,2009,121727.584908744
BEN,Benin,2009,936.565651071554
BLZ,Belize,2009,5997.68447156383
BEL,Belgium,2009,39293.637546825
BLR,Belarus,2009,5200.77418555423
BRB,Barbados,2009,22572.5926053677
BGD,Bangladesh,2009,901.729626251937
BHR,Bahrain,2009,22206.9371985225
BHS,"Bahamas, The",2009,30581.3342198488
AZE,Azerbaijan,2009,5118.43395494687
AUT,Austria,2009,42372.4758254763
AUS,Australia,2009,53430.5274781651
ABW,Aruba,2009,26204.0597361984
ARM,Armenia,2009,2716.97436280471
ARG,Argentina,2009,12285.3784651865
ATG,Antigua and Barbuda,2009,17746.700856041
AGO,Angola,2009,3494.80724466172
AND,Andorra,2009,35604.4007343193
ASM,American Samoa,2009,12342.0575384016
DZA,Algeria,2009,4336.10054052949
ALB,Albania,2009,3459.24695646692
AFG,Afghanistan,2009,488.830652491949
WLD,World,2009,9005.17592406812
UMC,Upper middle income,2009,5500.85154302411
TSS,Sub-Saharan Africa (IDA & IBRD countries),2009,1495.15888390986
SSA,Sub-Saharan Africa (excluding high income),2009,1618.80132357247
SSF,Sub-Saharan Africa,2009,1495.15888390986
TSA,South Asia (IDA & IBRD),2009,1145.46231062146
SAS,South Asia,2009,1145.46231062146
SST,Small states,2009,9794.86691738103
PRE,Pre-demographic dividend,2009,1363.83802147483
PST,Post-demographic dividend,2009,37270.4347171871
PSS,Pacific island small states,2009,3326.82305751956
OSS,Other small states,2009,9699.18302744397
OED,OECD members,2009,32783.6280768116
NAC,North America,2009,50514.6640321862
MIC,Middle income,2009,3497.74128828918
TMN,"Middle East, North Africa, Afghanistan & Pakistan (IDA & IBRD)",2009,2782.93412660241
MNA,"Middle East, North Africa, Afghanistan & Pakistan (excluding high income)",2009,2783.30273792282
MEA,"Middle East, North Africa, Afghanistan & Pakistan",2009,4720.39884992496
LMC,Lower middle income,2009,1457.71947779502
LIC,Low income,2009,824.836701745066
LMY,Low & middle income,2009,3292.95225009223
LDC,Least developed countries: UN classification,2009,870.835035166982
TLA,Latin America & the Caribbean (IDA & IBRD countries),2009,7519.31125343201
LAC,Latin America & Caribbean (excluding high income),2009,7438.00793773364
LCN,Latin America & Caribbean,2009,7675.9903619546
LTE,Late-demographic dividend,2009,6074.36748179082
IDA,IDA total,2009,1172.44269252611
IDX,IDA only,2009,904.189618538801
IDB,IDA blend,2009,1665.56682453196
IBT,IDA & IBRD total,2009,3502.68472824197
IBD,IBRD only,2009,4249.10322422767
HIC,High income,2009,33329.6767360425
HPC,Heavily indebted poor countries (HIPC),2009,803.144160263683
FCS,Fragile and conflict affected situations,2009,1619.06372938072
EUU,European Union,2009,28771.7357026131
TEC,Europe & Central Asia (IDA & IBRD countries),2009,6698.64285633553
ECA,Europe & Central Asia (excluding high income),2009,4821.30871859383
ECS,Europe & Central Asia,2009,20991.3574844148
EMU,Euro area,2009,32645.5191413239
TEA,East Asia & Pacific (IDA & IBRD countries),2009,4448.74654682988
EAP,East Asia & Pacific (excluding high income),2009,4397.68279304561
EAS,East Asia & Pacific,2009,7350.03477529475
EAR,Early-demographic dividend,2009,2641.46036980411
CEB,Central Europe and the Baltics,2009,10792.8296963649
CSS,Caribbean small states,2009,13578.6986655384
ARB,Arab World,2009,5787.82712590845
AFW,Africa Western and Central,2009,1612.48837316067
AFE,Africa Eastern and Southern,2009,1414.58775130051
ZWE,Zimbabwe,2010,1056.20884563889
ZMB,Zambia,2010,1183.41712409199
YEM,"Yemen, Rep.",2010,2356.19960422096
PSE,West Bank and Gaza,2010,2927.08101953403
VIR,Virgin Islands (U.S.),2010,47162.7375570431
VNM,Viet Nam,2010,2027.58184375924
VEN,"Venezuela, RB",2010,4332.02681796507
VUT,Vanuatu,2010,2856.77377649901
UZB,Uzbekistan,2010,2144.6400056546
URY,Uruguay,2010,14722.3780081191
USA,United States,2010,52555.7695134023
GBR,United Kingdom,2010,42762.720840223
ARE,United Arab Emirates,2010,42328.8508165469
UKR,Ukraine,2010,2285.93383789063
UGA,Uganda,2010,768.624091660131
TUV,Tuvalu,2010,2879.29645720352
TCA,Turks and Caicos Islands,2010,29111.8729223189
TKM,Turkmenistan,2010,3900.14237925855
TUR,Turkiye,2010,8472.57809050119
TUN,Tunisia,2010,3906.90625867605
TTO,Trinidad and Tobago,2010,17938.0949459463
TON,Tonga,2010,3653.97801722796
TGO,Togo,2010,644.5632812645
TLS,Timor-Leste,2010,1195.38066079604
THA,Thailand,2010,5059.35747831657
TZA,Tanzania,2010,801.29931640625
TJK,Tajikistan,2010,770.604105393791
SYR,Syrian Arab Republic,2010,1526.36894402751
CHE,Switzerland,2010,81315.4228307049
SWE,Sweden,2010,48205.5492512742
SUR,Suriname,2010,8603.90786745855
SDN,Sudan,2010,1311.22314453125
VCT,St. Vincent and the Grenadines,2010,6678.04200697308
LCA,St. Lucia,2010,10191.3146827694
KNA,St. Kitts and Nevis,2010,17688.0690103409
LKA,Sri Lanka,2010,2993.01411511147
ESP,Spain,2010,25766.2515825743
SSD,South Sudan,2010,2295.07026096006
ZAF,South Africa,2010,5953.94506512821
SOM,"Somalia, Fed. Rep.",2010,329.970504936941
SLB,Solomon Islands,2010,2058.95691648883
SVN,Slovenia,2010,20444.1201295876
SVK,Slovak Republic,2010,14596.1477776887
SXM,Sint Maarten (Dutch part),2010,38403.0705201664
SGP,Singapore,2010,48752.0515441859
SLE,Sierra Leone,2010,902.769891411394
SYC,Seychelles,2010,12313.5566919249
SRB,Serbia,2010,5690.70327182682
SEN,Senegal,2010,1153.53431121583
SAU,Saudi Arabia,2010,21830.1424272816
STP,Sao Tome and Principe,2010,1216.3502521663
SMR,San Marino,2010,49672.6977770842
WSM,Samoa,2010,4081.15535978003
RWA,Rwanda,2010,583.371416419483
RUS,Russian Federation,2010,8755.1201171875
ROU,Romania,2010,7660.70667630517
QAT,Qatar,2010,72333.8027430124
PRI,Puerto Rico (US),2010,28569.5077088001
PRT,Portugal,2010,19698.6836791397
POL,Poland,2010,10808.3975674238
PHL,Philippines,2010,2373.14312064664
PER,Peru,2010,5167.39259325937
PRY,Paraguay,2010,5191.05014254362
PNG,Papua New Guinea,2010,2140.50939027384
PAN,Panama,2010,10698.0717490512
PLW,Palau,2010,13206.5122645
PAK,Pakistan,2010,1256.69482201323
OMN,Oman,2010,22766.0503620721
NOR,Norway,2010,72804.3956188398
MNP,Northern Mariana Islands,2010,16293.3059496259
MKD,North Macedonia,2010,4582.36517512347
NGA,Nigeria,2010,2315.46676509663
NER,Niger,2010,441.079166112039
NIC,Nicaragua,2010,1704.37875049059
NZL,New Zealand,2010,35489.7631519026
NLD,Netherlands,2010,44659.272839058
NPL,Nepal,2010,721.265221364302
NRU,Nauru,2010,4748.76539924078
NAM,Namibia,2010,4165.12990200988
MMR,Myanmar,2010,854.932478027749
MOZ,Mozambique,2010,494.162859074785
MAR,Morocco,2010,2767.04223632813
MNE,Montenegro,2010,5917.91788713074
MNG,Mongolia,2010,2611.67326563924
MCO,Monaco,2010,141814.78664157
MDA,Moldova,2010,2269.51116145996
FSM,"Micronesia, Fed. Sts.",2010,2884.91733583068
MEX,Mexico,2010,9389.06722084275
MUS,Mauritius,2010,8114.82056038003
MRT,Mauritania,2010,1460.19179652873
MHL,Marshall Islands,2010,3441.31888402121
MLT,Malta,2010,20750.6479461598
MLI,Mali,2010,821.181286587872
MDV,Maldives,2010,8569.52494600725
MYS,Malaysia,2010,8118.92270511981
MWI,Malawi,2010,508.088650552846
MDG,Madagascar,2010,447.417143030687
MAC,"Macao SAR, China",2010,74195.0577762344
LUX,Luxembourg,2010,106544.057363484
LTU,Lithuania,2010,10884.1161852582
LBY,Libya,2010,12913.9334939386
LBR,Liberia,2010,621.783295071575
LSO,Lesotho,2010,995.233432451681
LBN,Lebanon,2010,8955.54336184707
LVA,Latvia,2010,10500.8666223014
LAO,Lao PDR,2010,1564.91068311647
KGZ,Kyrgyz Republic,2010,962.764789828724
KWT,Kuwait,2010,32568.4981754501
XKX,Kosovo,2010,2822.63359634011
KOR,"Korea, Rep.",2010,26623.0487122927
KIR,Kiribati,2010,1328.78764145125
KEN,Kenya,2010,1340.16467408856
KAZ,Kazakhstan,2010,8704.70655484556
JOR,Jordan,2010,4621.5742854131
JPN,Japan,2010,32942.2020783835
JAM,Jamaica,2010,5271.57221477938
ITA,Italy,2010,31928.5543621096
ISR,Israel,2010,33344.7213294093
IMN,Isle of Man,2010,70747.8417587183
IRL,Ireland,2010,46991.6464673949
IRQ,Iraq,2010,3881.94327045302
IRN,"Iran, Islamic Rep.",2010,5249.06133369759
IDN,Indonesia,2010,2670.8129098953
IND,India,2010,1235.15939133951
ISL,Iceland,2010,49528.4864575422
HUN,Hungary,2010,11287.3686666108
HKG,"Hong Kong SAR, China",2010,38090.0213994329
HND,Honduras,2010,2108.47314459603
HTI,Haiti,2010,1317.58389339746
GUY,Guyana,2010,4860.09110980566
GNB,Guinea-Bissau,2010,625.904027290582
GIN,Guinea,2010,675.736917327708
GTM,Guatemala,2010,3546.6258162259
GUM,Guam,2010,32644.1484056205
GRD,Grenada,2010,7670.71165827663
GRL,Greenland,2010,43481.5161087805
GRC,Greece,2010,21547.724178239
GHA,Ghana,2010,1381.2279503506
DEU,Germany,2010,38526.7371042695
GEO,Georgia,2010,3090.06513662318
GMB,"Gambia, The",2010,701.014524591061
GAB,Gabon,2010,6481.49612073562
PYF,French Polynesia,2010,19913.0252687915
FRA,France,2010,35578.1968010183
FIN,Finland,2010,43556.5385834368
FJI,Fiji,2010,4272.359150902
FRO,Faroe Islands,2010,42333.5215714088
ETH,Ethiopia,2010,421.898622378633
SWZ,Eswatini,2010,3069.52175725884
EST,Estonia,2010,14657.939813612
ERI,Eritrea,2010,703.877374381654
GNQ,Equatorial Guinea,2010,10984.3243932426
SLV,El Salvador,2010,3398.49346060363
EGY,"Egypt, Arab Rep.",2010,3233.84521246786
ECU,Ecuador,2010,5022.20374387205
DOM,Dominican Republic,2010,5666.45633430206
DMA,Dominica,2010,8574.27308682238
DNK,Denmark,2010,51209.4492757775
CZE,Czechia,2010,16665.9317825137
CYP,Cyprus,2010,26090.048828125
CUW,Curacao,2010,20706.437408421
CUB,Cuba,2010,6716.49048497058
HRV,Croatia,2010,11965.0049285028
CIV,Cote d'Ivoire,2010,1540.52927270246
CRI,Costa Rica,2010,10285.0856660419
COG,"Congo, Rep.",2010,2332.28508055953
COD,"Congo, Dem. Rep.",2010,400.619567973092
COM,Comoros,2010,1272.60650664705
COL,Colombia,2010,5214.24547620131
CHN,China,2010,5764.86534987407
CHL,Chile,2010,11649.2897090856
CHI,Channel Islands,2010,64722.9832990297
TCD,Chad,2010,956.953018715651
CAF,Central African Republic,2010,519.141456408484
CYM,Cayman Islands,2010,79483.0963975025
CAN,Canada,2010,41164.3399119626
CMR,Cameroon,2010,1290.9013745759
KHM,Cambodia,2010,1155.85236856699
CPV,Cabo Verde,2010,3194.61667734233
BDI,Burundi,2010,253.308577749924
BFA,Burkina Faso,2010,561.847221302489
BGR,Bulgaria,2010,6428.71742590538
BRN,Brunei Darussalam,2010,33121.3178241724
BRA,Brazil,2010,8792.63334959864
BWA,Botswana,2010,5584.5034321846
BIH,Bosnia and Herzegovina,2010,3981.20985692032
BOL,Bolivia,2010,2481.40700850945
BTN,Bhutan,2010,2378.72810760985
BMU,Bermuda,2010,118382.908990645
BEN,Benin,2010,928.246655329144
BLZ,Belize,2010,5937.75398343789
BEL,Belgium,2010,39991.5646206286
BLR,Belarus,2010,5616.0941173307
BRB,Barbados,2010,21982.1839041348
BGD,Bangladesh,2010,943.66422864236
BHR,Bahrain,2010,22224.0736166249
BHS,"Bahamas, The",2010,30657.4319059659
AZE,Azerbaijan,2010,5300.11048729062
AUT,Austria,2010,43035.4073531933
AUS,Australia,2010,53768.349733441
ABW,Aruba,2010,25429.2180974853
ARM,Armenia,2010,2796.08143428043
ARG,Argentina,2010,13387.1553748458
ATG,Antigua and Barbuda,2010,16135.397384487
AGO,Angola,2010,3540.79159568381
AND,Andorra,2010,36277.2814831059
ASM,American Samoa,2010,12446.3086265015
DZA,Algeria,2010,4456.6102741643
ALB,Albania,2010,3579.82413181046
AFG,Afghanistan,2010,542.871030476037
WLD,World,2010,9298.74987325048
UMC,Upper middle income,2010,5923.1985183612
TSS,Sub-Saharan Africa (IDA & IBRD countries),2010,1542.53215408965
SSA,Sub-Saharan Africa (excluding high income),2010,1667.51820351409
SSF,Sub-Saharan Africa,2010,1542.53215408965
TSA,South Asia (IDA & IBRD),2010,1222.51823014544
SAS,South Asia,2010,1222.51823014544
SST,Small states,2010,9921.82379714538
PRE,Pre-demographic dividend,2010,1412.49898242198
PST,Post-demographic dividend,2010,38170.9680272624
PSS,Pacific island small states,2010,3408.1961416575
OSS,Other small states,2010,9829.37376191878
OED,OECD members,2010,33528.4100044688
NAC,North America,2010,51440.0804801458
MIC,Middle income,2010,3737.17369206799
TMN,"Middle East, North Africa, Afghanistan & Pakistan (IDA & IBRD)",2010,2854.82931988365
MNA,"Middle East, North Africa, Afghanistan & Pakistan (excluding high income)",2010,2855.29913107747
MEA,"Middle East, North Africa, Afghanistan & Pakistan",2010,4846.87350895943
LMC,Lower middle income,2010,1531.26610674398
LIC,Low income,2010,853.991903353527
LMY,Low & middle income,2010,3513.14255185016
LDC,Least developed countries: UN classification,2010,904.747247036902
TLA,Latin America & the Caribbean (IDA & IBRD countries),2010,7913.95492804608
LAC,Latin America & Caribbean (excluding high income),2010,7849.05546645435
LCN,Latin America & Caribbean,2010,8060.79704671082
LTE,Late-demographic dividend,2010,6525.60694866136
IDA,IDA total,2010,1216.18056240843
IDX,IDA only,2010,941.170103265961
IDB,IDA blend,2010,1720.09334929676
IBT,IDA & IBRD total,2010,3719.8597539937
IBD,IBRD only,2010,4532.44068726031
HIC,High income,2010,34192.5146608152
HPC,Heavily indebted poor countries (HIPC),2010,829.378145273867
FCS,Fragile and conflict affected situations,2010,1676.97481416997
EUU,European Union,2010,29352.9442515094
TEC,Europe & Central Asia (IDA & IBRD countries),2010,6986.95355522259
ECA,Europe & Central Asia (excluding high income),2010,5123.22527224197
ECS,Europe & Central Asia,2010,21465.351630475
EMU,Euro area,2010,33252.3689886555
TEA,East Asia & Pacific (IDA & IBRD countries),2010,4852.74429762631
EAP,East Asia & Pacific (excluding high income),2010,4797.24821906567
EAS,East Asia & Pacific,2010,7855.36234558956
EAR,Early-demographic dividend,2010,2766.88281699468
CEB,Central Europe and the Baltics,2010,10998.6534832885
CSS,Caribbean small states,2010,13743.4073853565
ARB,Arab World,2010,5948.12916468842
AFW,Africa Western and Central,2010,1677.95238312056
AFE,Africa Eastern and Southern,2010,1449.48915951845
ZWE,Zimbabwe,2011,1184.93421020563
ZMB,Zambia,2011,1208.46424569634
YEM,"Yemen, Rep.",2011,1994.83663337222
PSE,West Bank and Gaza,2011,3128.10811061384
VIR,Virgin Islands (U.S.),2011,43320.176769501
VNM,Viet Nam,2011,2132.90453762087
VEN,"Venezuela, RB",2011,4455.41063337951
VUT,Vanuatu,2011,2883.22689591881
UZB,Uzbekistan,2011,2271.00936223002
URY,Uruguay,2011,15443.9961926395
USA,United States,2011,52956.6630340962
GBR,United Kingdom,2011,42791.0934313474
ARE,United Arab Emirates,2011,43687.7782783233
UKR,Ukraine,2011,2418.12084960938
UGA,Uganda,2011,816.516366587228
TUV,Tuvalu,2011,3028.2511217061
TCA,Turks and Caicos Islands,2011,29363.9475927366
TKM,Turkmenistan,2011,4379.74943394339
TUR,Turkiye,2011,9265.85910238578
TUN,Tunisia,2011,3784.7412903401
TTO,Trinidad and Tobago,2011,17746.509252615
TON,Tonga,2011,3892.76791192676
TGO,Togo,2011,663.96334052788
TLS,Timor-Leste,2011,1237.48380284894
THA,Thailand,2011,5070.23740191942
TZA,Tanzania,2011,838.999267578125
TJK,Tajikistan,2011,809.368229154093
SYR,Syrian Arab Republic,2011,1542.71957174916
CHE,Switzerland,2011,81874.3362425008
SWE,Sweden,2011,49356.5905257047
SUR,Suriname,2011,9003.28597674886
SDN,Sudan,2011,1388.21813964844
VCT,St. Vincent and the Grenadines,2011,6674.58198966102
LCA,St. Lucia,2011,10576.8979743596
KNA,St. Kitts and Nevis,2011,17958.6813977053
LKA,Sri Lanka,2011,3232.37350382301
ESP,Spain,2011,25510.5579678829
SSD,South Sudan,2011,2073.23981819145
ZAF,South Africa,2011,6067.12482726885
SOM,"Somalia, Fed. Rep.",2011,349.577449077722
SLB,Solomon Islands,2011,2132.02844199392
SVN,Slovenia,2011,20535.4155754108
SVK,Slovak Republic,2011,14950.8735178599
SXM,Sint Maarten (Dutch part),2011,39615.1371367338
SGP,Singapore,2011,50713.5326393594
SLE,Sierra Leone,2011,950.760763054593
SYC,Seychelles,2011,13843.7116081878
SRB,Serbia,2011,5737.00120175811
SEN,Senegal,2011,1139.74447892639
SAU,Saudi Arabia,2011,23314.5576023168
STP,Sao Tome and Principe,2011,1214.96130276731
SMR,San Marino,2011,46450.0251706982
WSM,Samoa,2011,4201.45663738908
RWA,Rwanda,2011,614.539650123021
RUS,Russian Federation,2011,9120.8203125
ROU,Romania,2011,8044.57194920892
QAT,Qatar,2011,81608.4080652473
PRI,Puerto Rico (US),2011,28706.0207514856
PRT,Portugal,2011,19389.6395896162
POL,Poland,2011,11370.313427173
PHL,Philippines,2011,2416.75212064542
PER,Peru,2011,5453.45718713631
PRY,Paraguay,2011,5342.19015717538
PNG,Papua New Guinea,2011,2102.03192060639
PAN,Panama,2011,11761.4988389067
PLW,Palau,2011,14123.1262308557
PAK,Pakistan,2011,1261.83161907857
OMN,Oman,2011,20993.9079436935
NOR,Norway,2011,72660.6754124944
MNP,Northern Mariana Islands,2011,15226.1308805108
MKD,North Macedonia,2011,4711.13027870081
NGA,Nigeria,2011,2370.97657091803
NER,Niger,2011,434.986264873953
NIC,Nicaragua,2011,1786.62863418308
NZL,New Zealand,2011,35957.523248516
NLD,Netherlands,2011,45239.7318887962
NPL,Nepal,2011,742.617252662576
NRU,Nauru,2011,5417.44487923767
NAM,Namibia,2011,4302.72451368462
MMR,Myanmar,2011,895.512538762631
MOZ,Mozambique,2011,514.869957191994
MAR,Morocco,2011,2879.53930664063
MNE,Montenegro,2011,6110.66013917018
MNG,Mongolia,2011,3010.81642672623
MCO,Monaco,2011,148272.711991792
MDA,Moldova,2011,2402.94446306051
FSM,"Micronesia, Fed. Sts.",2011,2989.68205288365
MEX,Mexico,2011,9575.93437788582
MUS,Mauritius,2011,8432.19129317694
MRT,Mauritania,2011,1472.55245572229
MHL,Marshall Islands,2011,3433.06297801838
MLT,Malta,2011,20867.9310851632
MLI,Mali,2011,818.399030995547
MDV,Maldives,2011,9005.81391375104
MYS,Malaysia,2011,8400.32248683558
MWI,Malawi,2011,517.833736624232
MDG,Madagascar,2011,441.755158414121
MAC,"Macao SAR, China",2011,88168.9713699088
LUX,Luxembourg,2011,105290.249021891
LTU,Lithuania,2011,11836.7200384033
LBY,Libya,2011,6569.59477578957
LBR,Liberia,2011,646.908727016597
LSO,Lesotho,2011,1031.99721564343
LBN,Lebanon,2011,8936.20027462737
LVA,Latvia,2011,11018.5152421583
LAO,Lao PDR,2011,1666.40086189871
KGZ,Kyrgyz Republic,2011,1005.4831781815
KWT,Kuwait,2011,33545.346271839
XKX,Kosovo,2011,2995.64952029477
KOR,"Korea, Rep.",2011,27393.455357272
KIR,Kiribati,2011,1348.06011226744
KEN,Kenya,2011,1370.58000874482
KAZ,Kazakhstan,2011,9223.3021336315
JOR,Jordan,2011,4631.67703841605
JPN,Japan,2011,33011.1342301291
JAM,Jamaica,2011,5339.62170188798
ITA,Italy,2011,32039.5032494316
ISR,Israel,2011,34540.6749784398
IMN,Isle of Man,2011,71727.5055082703
IRL,Ireland,2011,47539.9181739968
IRQ,Iraq,2011,4030.01686860986
IRN,"Iran, Islamic Rep.",2011,5321.75870744453
IDN,Indonesia,2011,2799.62468790318
IND,India,2011,1281.61054354933
ISL,Iceland,2011,50058.8302502676
HUN,Hungary,2011,11536.3578996772
HKG,"Hong Kong SAR, China",2011,39656.3392885062
HND,Honduras,2011,2144.56265540491
HTI,Haiti,2011,1369.16921255852
GUY,Guyana,2011,5133.89539813637
GNB,Guinea-Bissau,2011,658.953470528116
GIN,Guinea,2011,696.199991395571
GTM,Guatemala,2011,3621.37409769184
GUM,Guam,2011,32665.3787483379
GRD,Grenada,2011,7695.37616017287
GRL,Greenland,2011,42994.8790874739
GRC,Greece,2011,19448.255802525
GHA,Ghana,2011,1537.81834019283
DEU,Germany,2011,40722.4849268242
GEO,Georgia,2011,3362.1030031968
GMB,"Gambia, The",2011,625.464360270983
GAB,Gabon,2011,6699.23394606512
PYF,French Polynesia,2011,19241.6437951625
FRA,France,2011,36269.9561530888
FIN,Finland,2011,44391.4535667984
FJI,Fiji,2011,4375.5808542034
FRO,Faroe Islands,2011,43946.251738291
ETH,Ethiopia,2011,455.909628648555
SWZ,Eswatini,2011,3108.70225253092
EST,Estonia,2011,15820.922342204
ERI,Eritrea,2011,751.374899794668
GNQ,Equatorial Guinea,2011,11203.9073679091
SLV,El Salvador,2011,3514.069144355
EGY,"Egypt, Arab Rep.",2011,3222.37650111856
ECU,Ecuador,2011,5359.45724615639
DOM,Dominican Republic,2011,5773.57403459156
DMA,Dominica,2011,8553.8384670104
DNK,Denmark,2011,51667.5313210425
CZE,Czechia,2011,16926.2846674435
CYP,Cyprus,2011,25538.78125
CUW,Curacao,2011,20518.0985782641
CUB,Cuba,2011,6902.16397571139
HRV,Croatia,2011,11993.0713179162
CIV,Cote d'Ivoire,2011,1426.46463864534
CRI,Costa Rica,2011,10612.4694861141
COG,"Congo, Rep.",2011,2307.49384399715
COD,"Congo, Dem. Rep.",2011,417.130434045991
COM,Comoros,2011,1299.11099021922
COL,Colombia,2011,5517.1011086899
CHN,China,2011,6275.90956436258
CHL,Chile,2011,12252.8441074615
CHI,Channel Islands,2011,65006.4871287216
TCD,Chad,2011,965.286963557057
CAF,Central African Republic,2011,532.38295493852
CYM,Cayman Islands,2011,78233.0182694571
CAN,Canada,2011,42043.6419795513
CMR,Cameroon,2011,1297.3064962694
KHM,Cambodia,2011,1221.38839852454
CPV,Cabo Verde,2011,3309.20121643898
BDI,Burundi,2011,254.242110648215
BFA,Burkina Faso,2011,581.603658737407
BGR,Bulgaria,2011,6605.30851691027
BRN,Brunei Darussalam,2011,33754.3640783713
BRA,Brazil,2011,9067.99212019529
BWA,Botswana,2011,5850.07858575461
BIH,Bosnia and Herzegovina,2011,4094.25329541877
BOL,Bolivia,2011,2568.5205166368
BTN,Bhutan,2011,2552.48871073094
BMU,Bermuda,2011,113937.835700983
BEN,Benin,2011,927.716412836707
BLZ,Belize,2011,5802.24344531492
BEL,Belgium,2011,40236.9596308558
BLR,Belarus,2011,5941.68999156239
BRB,Barbados,2011,21842.8635599786
BGD,Bangladesh,2011,995.579947155662
BHR,Bahrain,2011,23288.0449398313
BHS,"Bahamas, The",2011,30492.6738528071
AZE,Azerbaijan,2011,5149.20665913206
AUT,Austria,2011,44146.1956805294
AUS,Australia,2011,54296.2321324814
ABW,Aruba,2011,26093.0542083227
ARM,Armenia,2011,2943.83687119315
ARG,Argentina,2011,14040.6189124444
ATG,Antigua and Barbuda,2011,15633.9091131821
AGO,Angola,2011,3528.16824373399
AND,Andorra,2011,37637.5045137987
ASM,American Samoa,2011,12521.8095058644
DZA,Algeria,2011,4501.3543013352
ALB,Albania,2011,3677.89457937717
AFG,Afghanistan,2011,525.42698276582
WLD,World,2011,9492.82945551876
UMC,Upper middle income,2011,6280.70261021177
TSS,Sub-Saharan Africa (IDA & IBRD countries),2011,1567.63762624075
SSA,Sub-Saharan Africa (excluding high income),2011,1691.66660971882
SSF,Sub-Saharan Africa,2011,1567.63762624075
TSA,South Asia (IDA & IBRD),2011,1272.07513809819
SAS,South Asia,2011,1272.07513809819
SST,Small states,2011,10072.3942172806
PRE,Pre-demographic dividend,2011,1431.26652210403
PST,Post-demographic dividend,2011,38689.210554622
PSS,Pacific island small states,2011,3492.05482608666
OSS,Other small states,2011,10049.9562166758
OED,OECD members,2011,33975.6013090401
NAC,North America,2011,51885.5691627919
MIC,Middle income,2011,3929.35951257039
TMN,"Middle East, North Africa, Afghanistan & Pakistan (IDA & IBRD)",2011,2783.21080824354
MNA,"Middle East, North Africa, Afghanistan & Pakistan (excluding high income)",2011,2785.48050527274
MEA,"Middle East, North Africa, Afghanistan & Pakistan",2011,4921.0673637503
LMC,Lower middle income,2011,1577.16915781801
LIC,Low income,2011,829.42908079772
LMY,Low & middle income,2011,3685.31687703342
LDC,Least developed countries: UN classification,2011,913.190170022172
TLA,Latin America & the Caribbean (IDA & IBRD countries),2011,8184.33972606365
LAC,Latin America & Caribbean (excluding high income),2011,8108.49237821588
LCN,Latin America & Caribbean,2011,8325.46913166974
LTE,Late-demographic dividend,2011,6949.99107912565
IDA,IDA total,2011,1238.54733221968
IDX,IDA only,2011,959.3674453315
IDB,IDA blend,2011,1749.06036275665
IBT,IDA & IBRD total,2011,3896.56523344649
IBD,IBRD only,2011,4770.23592201554
HIC,High income,2011,34734.2754395528
HPC,Heavily indebted poor countries (HIPC),2011,843.531584159094
FCS,Fragile and conflict affected situations,2011,1643.76876493196
EUU,European Union,2011,29974.1521239011
TEC,Europe & Central Asia (IDA & IBRD countries),2011,7364.90946811375
ECA,Europe & Central Asia (excluding high income),2011,5504.86405202366
ECS,Europe & Central Asia,2011,21915.6417726438
EMU,Euro area,2011,33906.6275617053
TEA,East Asia & Pacific (IDA & IBRD countries),2011,5228.04137782468
EAP,East Asia & Pacific (excluding high income),2011,5168.48039467882
EAS,East Asia & Pacific,2011,8223.35669138572
EAR,Early-demographic dividend,2011,2859.22240884783
CEB,Central Europe and the Baltics,2011,11421.7332703753
CSS,Caribbean small states,2011,13773.5645177114
ARB,Arab World,2011,6036.42083357432
AFW,Africa Western and Central,2011,1711.53923110365
AFE,Africa Eastern and Southern,2011,1468.63057193646
ZWE,Zimbabwe,2012,1360.15230034275
ZMB,Zambia,2012,1258.78938578996
YEM,"Yemen, Rep.",2012,1981.45800046603
PSE,West Bank and Gaza,2012,3237.91619995789
VIR,Virgin Islands (U.S.),2012,36938.1682086351
VNM,Viet Nam,2012,2224.11404253256
VEN,"Venezuela, RB",2012,4647.37303726595
VUT,Vanuatu,2012,2849.05448321427
UZB,Uzbekistan,2012,2395.84036755728
URY,Uruguay,2012,15949.3176985435
USA,United States,2012,53738.1476714593
GBR,United Kingdom,2012,43136.7006795996
ARE,United Arab Emirates,2012,43958.5681120856
UKR,Ukraine,2012,2426.92944335938
UGA,Uganda,2012,823.580468285493
TUV,Tuvalu,2012,2922.07629963849
TCA,Turks and Caicos Islands,2012,27441.3335987017
TKM,Turkmenistan,2012,4761.0792759807
TUR,Turkiye,2012,9588.32066531438
TUN,Tunisia,2012,3900.04620132702
TTO,Trinidad and Tobago,2012,18835.6674122954
TON,Tonga,2012,3932.59350453286
TGO,Togo,2012,687.495464571464
TLS,Timor-Leste,2012,1269.41625561248
THA,Thailand,2012,5403.87846036273
TZA,Tanzania,2012,851.910705566406
TJK,Tajikistan,2012,849.519080831738
SYR,Syrian Arab Republic,2012,1142.29080150598
CHE,Switzerland,2012,81964.8864937809
SWE,Sweden,2012,48789.7906883637
SUR,Suriname,2012,9140.92898611536
SDN,Sudan,2012,1288.25854492188
VCT,St. Vincent and the Grenadines,2012,6790.68325958275
LCA,St. Lucia,2012,10517.2777635533
KNA,St. Kitts and Nevis,2012,17770.4963640576
LKA,Sri Lanka,2012,3484.79049033884
ESP,Spain,2012,24763.568274484
SSD,South Sudan,2012,1069.19619080938
ZAF,South Africa,2012,6121.55783860713
SOM,"Somalia, Fed. Rep.",2012,369.617204753385
SLB,Solomon Islands,2012,2105.91423758379
SVN,Slovenia,2012,19894.8697964548
SVK,Slovak Republic,2012,15159.6570420004
SXM,Sint Maarten (Dutch part),2012,39298.9873567827
SGP,Singapore,2012,51679.352717333
SLE,Sierra Leone,2012,1025.04366004502
SYC,Seychelles,2012,14135.0010570653
SRB,Serbia,2012,5739.3075023532
SEN,Senegal,2012,1154.05677992367
SAU,Saudi Arabia,2012,23643.0358324647
STP,Sao Tome and Principe,2012,1225.6945255615
SMR,San Marino,2012,42082.5554467713
WSM,Samoa,2012,4007.91092846814
RWA,Rwanda,2012,651.852818665834
RUS,Russian Federation,2012,9464.0107421875
ROU,Romania,2012,8234.28553425194
QAT,Qatar,2012,80621.7554942834
PRI,Puerto Rico (US),2012,28968.6942131352
PRT,Portugal,2012,18679.7626789594
POL,Poland,2012,11542.2353368014
PHL,Philippines,2012,2533.74141964959
PER,Peru,2012,5740.04346272472
PRY,Paraguay,2012,5230.26244858989
PNG,Papua New Guinea,2012,2139.48096660428
PAN,Panama,2012,12668.2945402358
PLW,Palau,2012,14609.8376964301
PAK,Pakistan,2012,1275.48806898966
OMN,Oman,2012,19824.1215485946
NOR,Norway,2012,73661.6785830334
MNP,Northern Mariana Islands,2012,15457.4258192247
MKD,North Macedonia,2012,4708.05168535923
NGA,Nigeria,2012,2403.65387896924
NER,Niger,2012,463.066265496402
NIC,Nicaragua,2012,1876.1759720149
NZL,New Zealand,2012,36607.1493914827
NLD,Netherlands,2012,44631.8745388789
NPL,Nepal,2012,775.310578479839
NRU,Nauru,2012,6626.18317072945
NAM,Namibia,2012,4420.96741373862
MMR,Myanmar,2012,953.123081936485
MOZ,Mozambique,2012,540.2945177803
MAR,Morocco,2012,2927.45043945313
MNE,Montenegro,2012,5948.3791195297
MNG,Mongolia,2012,3318.16496597089
MCO,Monaco,2012,146472.677860476
MDA,Moldova,2012,2389.08666147529
FSM,"Micronesia, Fed. Sts.",2012,2933.79998441501
MEX,Mexico,2012,9782.51776305354
MUS,Mauritius,2012,8702.82242878289
MRT,Mauritania,2012,1488.97177557214
MHL,Marshall Islands,2012,3420.91444796671
MLT,Malta,2012,21529.3982167566
MLI,Mali,2012,786.323471336853
MDV,Maldives,2012,8907.66134868182
MYS,Malaysia,2012,8710.52671359902
MWI,Malawi,2012,512.74031797451
MDG,Madagascar,2012,442.641500123543
MAC,"Macao SAR, China",2012,93192.885853941
LUX,Luxembourg,2012,104487.744312565
LTU,Lithuania,2012,12516.6184065667
LBY,Libya,2012,12599.258882136
LBR,Liberia,2012,674.360011422232
LSO,Lesotho,2012,1086.39034816283
LBN,Lebanon,2012,8920.8056984673
LVA,Latvia,2012,11971.0107466522
LAO,Lao PDR,2012,1774.63585203672
KGZ,Kyrgyz Republic,2012,985.8472865972
KWT,Kuwait,2012,33578.3309651964
XKX,Kosovo,2012,3021.35142613995
KOR,"Korea, Rep.",2012,27944.0564190045
KIR,Kiribati,2012,1405.50280446236
KEN,Kenya,2012,1396.30178709756
KAZ,Kazakhstan,2012,9531.91477617058
JOR,Jordan,2012,4677.47613977192
JPN,Japan,2012,33518.4449368599
JAM,Jamaica,2012,5284.00852557589
ITA,Italy,2012,30953.4147447427
ISR,Israel,2012,34738.6587001
IMN,Isle of Man,2012,77009.2978612012
IRL,Ireland,2012,47147.1604669421
IRQ,Iraq,2012,4387.90469058707
IRN,"Iran, Islamic Rep.",2012,5058.64637811835
IDN,Indonesia,2012,2930.518445323
IND,India,2012,1333.09626557668
ISL,Iceland,2012,50375.4116888351
HUN,Hungary,2012,11440.7622718825
HKG,"Hong Kong SAR, China",2012,39887.8339456509
HND,Honduras,2012,2188.39378817891
HTI,Haiti,2012,1354.88546124499
GUY,Guyana,2012,5403.79899428921
GNB,Guinea-Bissau,2012,630.66862302825
GIN,Guinea,2012,719.505916794546
GTM,Guatemala,2012,3655.57315791242
GUM,Guam,2012,33404.9317636913
GRD,Grenada,2012,7559.5628483956
GRL,Greenland,2012,43655.7004664255
GRC,Greece,2012,17924.6620496886
GHA,Ghana,2012,1640.54072088003
DEU,Germany,2012,40834.5088218456
GEO,Georgia,2012,3609.780798626
GMB,"Gambia, The",2012,639.139881889048
GAB,Gabon,2012,6803.22668079211
PYF,French Polynesia,2012,18968.4422157904
FRA,France,2012,36161.2918253465
FIN,Finland,2012,43507.9345371578
FJI,Fiji,2012,4427.97844455038
FRO,Faroe Islands,2012,47303.8655939098
ETH,Ethiopia,2012,481.639999909808
SWZ,Eswatini,2012,3218.50138205493
EST,Estonia,2012,16460.6843479001
GNQ,Equatorial Guinea,2012,11650.7196270884
SLV,El Salvador,2012,3601.44222914588
EGY,"Egypt, Arab Rep.",2012,3220.99194203067
ECU,Ecuador,2012,5579.85624282158
DOM,Dominican Republic,2012,5860.29893321013
DMA,Dominica,2012,8532.34388117289
DNK,Denmark,2012,51470.689845427
CZE,Czechia,2012,16772.3539223328
CYP,Cyprus,2012,24285.49609375
CUW,Curacao,2012,20277.5112566223
CUB,Cuba,2012,7109.24834185635
HRV,Croatia,2012,11780.4742767284
CIV,Cote d'Ivoire,2012,1503.43433046682
CRI,Costa Rica,2012,11001.5192856576
COG,"Congo, Rep.",2012,2467.06102906839
COD,"Congo, Dem. Rep.",2012,438.406058243633
COM,Comoros,2012,1313.5812493744
COL,Colombia,2012,5675.75617978305
CHN,China,2012,6723.19443752823
CHL,Chile,2012,12882.834417927
CHI,Channel Islands,2012,60861.9006460501
TCD,Chad,2012,1016.42152061894
CAF,Central African Republic,2012,553.729578314912
CYM,Cayman Islands,2012,77074.3886285602
CAN,Canada,2012,42320.6431330726
CMR,Cameroon,2012,1319.66961634054
KHM,Cambodia,2012,1295.25271477893
CPV,Cabo Verde,2012,3341.7421054836
BDI,Burundi,2012,256.180393931874
BFA,Burkina Faso,2012,600.731343697818
BGR,Bulgaria,2012,6693.4277325127
BRN,Brunei Darussalam,2012,33544.5389457877
BRA,Brazil,2012,9167.49818450433
BWA,Botswana,2012,5742.91924452636
BIH,Bosnia and Herzegovina,2012,4139.91732773657
BOL,Bolivia,2012,2657.23884915853
BTN,Bhutan,2012,2654.74798946027
BMU,Bermuda,2012,108040.575659203
BEN,Benin,2012,943.918771531001
BLZ,Belize,2012,5902.74234696881
BEL,Belgium,2012,40074.492800399
BLR,Belarus,2012,6052.6373706236
BRB,Barbados,2012,21036.3003366556
BGD,Bangladesh,2012,1050.39140404066
BHR,Bahrain,2012,23894.8804447088
BHS,"Bahamas, The",2012,31553.4919490645
AZE,Azerbaijan,2012,5193.17501119552
AUT,Austria,2012,44221.4599530893
AUS,Australia,2012,55465.4462872577
ABW,Aruba,2012,25444.7336646687
ARM,Armenia,2012,3159.75860786889
ARG,Argentina,2012,13754.4254235596
ATG,Antigua and Barbuda,2012,15989.3900199779
AGO,Angola,2012,3682.35229322763
AND,Andorra,2012,36206.9954432018
ASM,American Samoa,2012,12068.2667374983
DZA,Algeria,2012,4518.43978956464
ALB,Albania,2012,3771.84781862015
AFG,Afghanistan,2012,568.929021458341
WLD,World,2012,9630.06477941676
UMC,Upper middle income,2012,6583.74590160709
TSS,Sub-Saharan Africa (IDA & IBRD countries),2012,1576.31411158834
SSA,Sub-Saharan Africa (excluding high income),2012,1698.5158646606
SSF,Sub-Saharan Africa,2012,1576.31411158834
TSA,South Asia (IDA & IBRD),2012,1326.51107396561
SAS,South Asia,2012,1326.51107396561
SST,Small states,2012,10183.7115546246
PRE,Pre-demographic dividend,2012,1449.44384186057
PST,Post-demographic dividend,2012,38998.3256159869
PSS,Pacific island small states,2012,3481.4413131175
OSS,Other small states,2012,10063.1293120612
OED,OECD members,2012,34230.3149071274
NAC,North America,2012,52612.779441209
MIC,Middle income,2012,4098.86423214222
TMN,"Middle East, North Africa, Afghanistan & Pakistan (IDA & IBRD)",2012,2824.63821117317
MNA,"Middle East, North Africa, Afghanistan & Pakistan (excluding high income)",2012,2827.37154127985
MEA,"Middle East, North Africa, Afghanistan & Pakistan",2012,5018.45851427188
LMC,Lower middle income,2012,1631.61006000183
LIC,Low income,2012,771.968149923314
LMY,Low & middle income,2012,3833.91840392667
LDC,Least developed countries: UN classification,2012,921.298988545369
TLA,Latin America & the Caribbean (IDA & IBRD countries),2012,8315.26653499428
LAC,Latin America & Caribbean (excluding high income),2012,8210.27585605715
LCN,Latin America & Caribbean,2012,8455.4532805586
LTE,Late-demographic dividend,2012,7305.27620420521
IDA,IDA total,2012,1252.842684541
IDX,IDA only,2012,960.714392094918
IDB,IDA blend,2012,1786.6430670936
IBT,IDA & IBRD total,2012,4047.32325168606
IBD,IBRD only,2012,4976.44743175893
HIC,High income,2012,35042.7341400385
HPC,Heavily indebted poor countries (HIPC),2012,853.586116932267
FCS,Fragile and conflict affected situations,2012,1694.3739229428
EUU,European Union,2012,29700.9011811145
TEC,Europe & Central Asia (IDA & IBRD countries),2012,7583.64863478186
ECA,Europe & Central Asia (excluding high income),2012,5682.17981048522
ECS,Europe & Central Asia,2012,21898.7575895315
EMU,Euro area,2012,33522.1754688076
TEA,East Asia & Pacific (IDA & IBRD countries),2012,5575.0423073001
EAP,East Asia & Pacific (excluding high income),2012,5511.82607552871
EAS,East Asia & Pacific,2012,8581.48213952296
EAR,Early-demographic dividend,2012,2935.95209151149
CEB,Central Europe and the Baltics,2012,11544.5427262519
CSS,Caribbean small states,2012,14236.6654344554
ARB,Arab World,2012,6218.04632240872
AFW,Africa Western and Central,2012,1749.98138710355
AFE,Africa Eastern and Southern,2012,1456.72281306529
ZWE,Zimbabwe,2013,1367.81831689463
ZMB,Zambia,2013,1280.77012176778
YEM,"Yemen, Rep.",2013,2014.7289059487
PSE,West Bank and Gaza,2013,3309.63120243098
VIR,Virgin Islands (U.S.),2013,34663.6460602129
VNM,Viet Nam,2013,2320.08431444934
VEN,"Venezuela, RB",2013,4653.3645655649
VUT,Vanuatu,2013,2799.28262661802
UZB,Uzbekistan,2013,2530.68447898703
URY,Uruguay,2013,16639.4054750651
USA,United States,2013,54462.6252412407
GBR,United Kingdom,2013,43585.1936238647
ARE,United Arab Emirates,2013,44312.6337162614
UKR,Ukraine,2013,2432.41625976563
UGA,Uganda,2013,828.988669729986
TUV,Tuvalu,2013,3030.55285189857
TCA,Turks and Caicos Islands,2013,26477.5410719582
TKM,Turkmenistan,2013,5131.16736462999
TUR,Turkiye,2013,10269.4489140773
TUN,Tunisia,2013,3947.58763533174
TTO,Trinidad and Tobago,2013,19392.1974593783
TON,Tonga,2013,3962.16964095596
TGO,Togo,2013,709.09186114976
TLS,Timor-Leste,2013,1281.92864043187
THA,Thailand,2013,5516.61164164135
TZA,Tanzania,2013,882.8115234375
TJK,Tajikistan,2013,889.882383099979
SYR,Syrian Arab Republic,2013,884.329813332104
CHE,Switzerland,2013,82479.9215677304
SWE,Sweden,2013,48928.4994141291
SUR,Suriname,2013,9303.46008775809
SDN,Sudan,2013,1283.45922851563
VCT,St. Vincent and the Grenadines,2013,6996.57386151332
LCA,St. Lucia,2013,10279.4155096001
KNA,St. Kitts and Nevis,2013,18773.8926898397
LKA,Sri Lanka,2013,3728.93586647848
ESP,Spain,2013,24498.5559507945
SSD,South Sudan,2013,1165.16202707495
ZAF,South Africa,2013,6170.87670863373
SOM,"Somalia, Fed. Rep.",2013,397.108796344858
SLB,Solomon Islands,2013,2136.72116177034
SVN,Slovenia,2013,19704.2186005128
SVK,Slovak Republic,2013,15249.8824513785
SXM,Sint Maarten (Dutch part),2013,38889.7715088035
SGP,Singapore,2013,53298.9728558286
SLE,Sierra Leone,2013,1146.81973456475
SYC,Seychelles,2013,14050.3135581314
SRB,Serbia,2013,5793.33614525565
SEN,Senegal,2013,1147.3859217191
SAU,Saudi Arabia,2013,23057.3494468535
STP,Sao Tome and Principe,2013,1263.70423995281
SMR,San Marino,2013,42293.4870685544
WSM,Samoa,2013,3976.39289268132
RWA,Rwanda,2013,666.408788783175
RUS,Russian Federation,2013,9601.537109375
ROU,Romania,2013,8287.95844089676
QAT,Qatar,2013,76486.9151226864
PRI,Puerto Rico (US),2013,29115.3549161996
PRT,Portugal,2013,18597.7214623964
POL,Poland,2013,11628.2286809525
PHL,Philippines,2013,2654.41506933978
PER,Peru,2013,6021.46142765232
PRY,Paraguay,2013,5583.12274473566
PNG,Papua New Guinea,2013,2162.10592595591
PAN,Panama,2013,13236.8306490828
PLW,Palau,2013,14331.3395472642
PAK,Pakistan,2013,1309.70080446386
OMN,Oman,2013,19299.9400516869
NOR,Norway,2013,73515.9144917472
MNP,Northern Mariana Islands,2013,16015.0349164338
MKD,North Macedonia,2013,4863.68088666968
NGA,Nigeria,2013,2495.34106573749
NER,Niger,2013,469.690214200878
NIC,Nicaragua,2013,1941.45628552626
NZL,New Zealand,2013,37267.6586997514
NLD,Netherlands,2013,44487.03063469
NPL,Nepal,2013,801.039060847856
NRU,Nauru,2013,6735.42128061862
NAM,Namibia,2013,4549.26759093897
MMR,Myanmar,2013,1024.69060474658
MOZ,Mozambique,2013,559.393953685688
MAR,Morocco,2013,3008.185546875
MNE,Montenegro,2013,6138.25153608056
MNG,Mongolia,2013,3628.90708069575
MCO,Monaco,2013,157167.975027858
MDA,Moldova,2013,2605.85029986142
FSM,"Micronesia, Fed. Sts.",2013,2819.90328917215
MEX,Mexico,2013,9738.71059803658
MUS,Mauritius,2013,8973.51550099533
MRT,Mauritania,2013,1502.90142381083
MHL,Marshall Islands,2013,3602.92811901896
MLT,Malta,2013,22626.4981391343
MLI,Mali,2013,788.819448205749
MDV,Maldives,2013,9213.32791442475
MYS,Malaysia,2013,8964.80724896203
MWI,Malawi,2013,525.357645516557
MDG,Madagascar,2013,440.674658903628
MAC,"Macao SAR, China",2013,99054.4980289716
LUX,Luxembourg,2013,105338.955521681
LTU,Lithuania,2013,13145.8069309969
LBY,Libya,2013,10126.314927806
LBR,Liberia,2013,717.007280358975
LSO,Lesotho,2013,1093.95323489272
LBN,Lebanon,2013,8443.53856528784
LVA,Latvia,2013,12353.5386135301
LAO,Lao PDR,2013,1890.27861294875
KGZ,Kyrgyz Republic,2013,1069.78404438716
KWT,Kuwait,2013,32311.1800008536
XKX,Kosovo,2013,3163.47189486431
KOR,"Korea, Rep.",2013,28732.711152033
KIR,Kiribati,2013,1493.49134858915
KEN,Kenya,2013,1413.94142522583
KAZ,Kazakhstan,2013,9959.72586930534
JOR,Jordan,2013,4556.52023716712
JPN,Japan,2013,34239.8862473488
JAM,Jamaica,2013,5289.88438546111
ITA,Italy,2013,30330.0221599668
ISR,Israel,2013,35489.5086561247
IMN,Isle of Man,2013,80383.8273088527
IRL,Ireland,2013,47928.0346487005
IRQ,Iraq,2013,4504.82687537354
IRN,"Iran, Islamic Rep.",2013,4916.97291948475
IDN,Indonesia,2013,3055.24246006469
IND,India,2013,1399.4537980287
ISL,Iceland,2013,51696.0876528983
HUN,Hungary,2013,11729.5720798501
HKG,"Hong Kong SAR, China",2013,40959.9813033996
HND,Honduras,2013,2205.40126728067
HTI,Haiti,2013,1392.38204736859
GUY,Guyana,2013,5573.3421790463
GNB,Guinea-Bissau,2013,634.095456089352
GIN,Guinea,2013,729.833143236326
GTM,Guatemala,2013,3717.30462628413
GUM,Guam,2013,34044.3190415455
GRD,Grenada,2013,7688.75297701343
GRL,Greenland,2013,43338.3839246907
GRC,Greece,2013,17644.8766635021
GHA,Ghana,2013,1718.59704769958
DEU,Germany,2013,40884.8926759028
GEO,Georgia,2013,3806.50600649051
GMB,"Gambia, The",2013,638.522368532214
GAB,Gabon,2013,6938.25753862236
PYF,French Polynesia,2013,18930.1268887012
FRA,France,2013,36256.086680981
FIN,Finland,2013,42883.6384986417
FJI,Fiji,2013,4630.35126544718
FRO,Faroe Islands,2013,50120.7530887167
ETH,Ethiopia,2013,518.324662208106
SWZ,Eswatini,2013,3332.11983927912
EST,Estonia,2013,16809.5326683781
GNQ,Equatorial Guinea,2013,10731.6455729191
SLV,El Salvador,2013,3665.1547327058
EGY,"Egypt, Arab Rep.",2013,3216.3783902629
ECU,Ecuador,2013,5893.32172683036
DOM,Dominican Republic,2013,6075.03399972737
DMA,Dominica,2013,8459.6586988024
DJI,Djibouti,2013,2140.13769442336
DNK,Denmark,2013,51970.3909324806
CZE,Czechia,2013,16759.7808635642
CYP,Cyprus,2013,22711.71875
CUW,Curacao,2013,19921.4771792975
CUB,Cuba,2013,7307.82004410741
HRV,Croatia,2013,11838.2152450357
CIV,Cote d'Ivoire,2013,1632.32712787006
CRI,Costa Rica,2013,11151.1437869768
COG,"Congo, Rep.",2013,2390.65754938662
COD,"Congo, Dem. Rep.",2013,464.526715460494
COM,Comoros,2013,1343.5451171047
COL,Colombia,2013,5910.80592301166
CHN,China,2013,7198.06876478162
CHL,Chile,2013,13182.7329619856
CHI,Channel Islands,2013,60780.669022098
TCD,Chad,2013,1008.61711429294
CAF,Central African Republic,2013,349.821171688973
CYM,Cayman Islands,2013,76038.8787807923
CAN,Canada,2013,42851.170527104
CMR,Cameroon,2013,1347.2130636706
KHM,Cambodia,2013,1376.29557595926
CPV,Cabo Verde,2013,3361.09387702205
BDI,Burundi,2013,259.311117203355
BFA,Burkina Faso,2013,616.741331164082
BGR,Bulgaria,2013,6792.73549964735
BRN,Brunei Darussalam,2013,32381.0739795231
BRA,Brazil,2013,9366.73824670239
BWA,Botswana,2013,6284.97678002618
BIH,Bosnia and Herzegovina,2013,4306.73175072214
BOL,Bolivia,2013,2793.51457098676
BTN,Bhutan,2013,2671.07460201171
BMU,Bermuda,2013,107860.394791964
BEN,Benin,2013,982.399206290516
BLZ,Belize,2013,6013.07879895362
BEL,Belgium,2013,40007.8997891411
BLR,Belarus,2013,6115.43288098707
BRB,Barbados,2013,20609.6076272963
BGD,Bangladesh,2013,1103.15695907123
BHR,Bahrain,2013,24271.6278814506
BHS,"Bahamas, The",2013,30368.2631244189
AZE,Azerbaijan,2013,5425.99559780578
AUT,Austria,2013,43851.3675497404
AUS,Australia,2013,55966.1509270561
ABW,Aruba,2013,26680.1411206342
ARM,Armenia,2013,3266.29882999873
ARG,Argentina,2013,13946.0950832252
ATG,Antigua and Barbuda,2013,15748.1952024226
AGO,Angola,2013,3716.29718727282
AND,Andorra,2013,35684.1861967511
ASM,American Samoa,2013,11871.7937192729
DZA,Algeria,2013,4543.23444006767
ALB,Albania,2013,3895.89975621942
AFG,Afghanistan,2013,580.603833333096
WLD,World,2013,9786.8793911809
UMC,Upper middle income,2013,6893.44299401399
TSS,Sub-Saharan Africa (IDA & IBRD countries),2013,1612.24237571721
SSA,Sub-Saharan Africa (excluding high income),2013,1734.35144843299
SSF,Sub-Saharan Africa,2013,1612.24237571721
TSA,South Asia (IDA & IBRD),2013,1392.20217841536
SAS,South Asia,2013,1392.20217841536
SST,Small states,2013,10192.7078437938
PRE,Pre-demographic dividend,2013,1490.0962045902
PST,Post-demographic dividend,2013,39436.9871067886
PSS,Pacific island small states,2013,3547.56315600397
OSS,Other small states,2013,10036.2011169509
OED,OECD members,2013,34581.5357525872
NAC,North America,2013,53314.6283485468
MIC,Middle income,2013,4276.8418859906
TMN,"Middle East, North Africa, Afghanistan & Pakistan (IDA & IBRD)",2013,2801.57595101198
MNA,"Middle East, North Africa, Afghanistan & Pakistan (excluding high income)",2013,2804.95389859493
MEA,"Middle East, North Africa, Afghanistan & Pakistan",2013,5030.48983466441
LMC,Lower middle income,2013,1696.68881831092
LIC,Low income,2013,772.184540301734
LMY,Low & middle income,2013,3994.67974612361
LDC,Least developed countries: UN classification,2013,951.753124130944
TLA,Latin America & the Caribbean (IDA & IBRD countries),2013,8457.50619153367
LAC,Latin America & Caribbean (excluding high income),2013,8349.88402062256
LCN,Latin America & Caribbean,2013,8595.42651886992
LTE,Late-demographic dividend,2013,7662.87637611851
IDA,IDA total,2013,1291.78901874009
IDX,IDA only,2013,987.02078318094
IDB,IDA blend,2013,1848.24174811877
IBT,IDA & IBRD total,2013,4201.8456378006
IBD,IBRD only,2013,5178.96430999103
HIC,High income,2013,35404.6810437336
HPC,Heavily indebted poor countries (HIPC),2013,877.826285990185
FCS,Fragile and conflict affected situations,2013,1708.69932882823
EUU,European Union,2013,29667.2033330658
TEC,Europe & Central Asia (IDA & IBRD countries),2013,7799.56084853446
ECA,Europe & Central Asia (excluding high income),2013,6000.41396490137
ECS,Europe & Central Asia,2013,22004.7529248863
EMU,Euro area,2013,33413.4989986022
TEA,East Asia & Pacific (IDA & IBRD countries),2013,5931.59468379823
EAP,East Asia & Pacific (excluding high income),2013,5864.64068313952
EAS,East Asia & Pacific,2013,8962.78821401788
EAR,Early-demographic dividend,2013,3010.19886929379
CEB,Central Europe and the Baltics,2013,11661.9769238564
CSS,Caribbean small states,2013,14333.3457750583
ARB,Arab World,2013,6220.63858713989
AFW,Africa Western and Central,2013,1805.79842409374
AFE,Africa Eastern and Southern,2013,1478.97797685759
ZWE,Zimbabwe,2014,1381.25404125871
ZMB,Zambia,2014,1299.01241762504
YEM,"Yemen, Rep.",2014,1950.1625450589
PSE,West Bank and Gaza,2014,3227.84934482645
VIR,Virgin Islands (U.S.),2014,34098.7109972738
VNM,Viet Nam,2014,2439.28655744423
VEN,"Venezuela, RB",2014,4421.60786723331
VUT,Vanuatu,2014,2807.83422956759
UZB,Uzbekistan,2014,2659.99075095273
URY,Uruguay,2014,17122.0364563225
USA,United States,2014,55394.4510435329
GBR,United Kingdom,2014,44627.8818268644
ARE,United Arab Emirates,2014,44257.6514761082
UKR,Ukraine,2014,2308.6435546875
UGA,Uganda,2014,845.978664791099
TUV,Tuvalu,2014,3035.24325598472
TCA,Turks and Caicos Islands,2014,27636.8210228067
TKM,Turkmenistan,2014,5533.03528846527
TUR,Turkiye,2014,10597.9801881716
TUN,Tunisia,2014,4021.59954703591
TTO,Trinidad and Tobago,2014,20032.5402001718
TON,Tonga,2014,4058.815614369
TGO,Togo,2014,730.291049611232
TLS,Timor-Leste,2014,1312.96494988639
THA,Thailand,2014,5541.46599361845
TZA,Tanzania,2014,913.811218261719
TJK,Tajikistan,2014,925.970961482804
SYR,Syrian Arab Republic,2014,847.659877206276
CHE,Switzerland,2014,83394.3712888211
SWE,Sweden,2014,49557.6183647959
SUR,Suriname,2014,9224.24378410547
SDN,Sudan,2014,1307.3896484375
VCT,St. Vincent and the Grenadines,2014,7116.22071347207
LCA,St. Lucia,2014,10369.9382566513
KNA,St. Kitts and Nevis,2014,20187.8061975481
LKA,Sri Lanka,2014,3929.92062032185
ESP,Spain,2014,24947.8512505913
SSD,South Sudan,2014,1197.09491969479
ZAF,South Africa,2014,6155.00589462516
SOM,"Somalia, Fed. Rep.",2014,417.516796906395
SLB,Solomon Islands,2014,2085.16067273086
SVN,Slovenia,2014,20228.7081986391
SVK,Slovak Republic,2014,15647.6491763517
SXM,Sint Maarten (Dutch part),2014,38623.1999405819
SGP,Singapore,2014,54681.9336458253
SLE,Sierra Leone,2014,1032.23789355905
SYC,Seychelles,2014,14395.6158118771
SRB,Serbia,2014,5716.54047153506
SEN,Senegal,2014,1180.7987108505
SAU,Saudi Arabia,2014,23404.7306039825
STP,Sao Tome and Principe,2014,1301.32146445028
SMR,San Marino,2014,42492.8509160139
WSM,Samoa,2014,3967.23730470679
RWA,Rwanda,2014,690.610394944356
RUS,Russian Federation,2014,9493.8125
ROU,Romania,2014,8661.47397274241
QAT,Qatar,2014,71756.0265797248
PRI,Puerto Rico (US),2014,29141.2038639816
PRT,Portugal,2014,18836.8967978906
POL,Poland,2014,12093.1622787394
PHL,Philippines,2014,2776.92005909479
PER,Peru,2014,6103.91864749969
PRY,Paraguay,2014,5794.47644689985
PNG,Papua New Guinea,2014,2391.3578028163
PAN,Panama,2014,13611.5490656071
PLW,Palau,2014,15015.0026129107
PAK,Pakistan,2014,1343.30778121043
OMN,Oman,2014,18726.2026946971
NOR,Norway,2014,74180.3238731011
MNP,Northern Mariana Islands,2014,16869.5270385638
MKD,North Macedonia,2014,5053.75001236367
NGA,Nigeria,2014,2583.6155695814
NER,Niger,2014,482.74524741946
NIC,Nicaragua,2014,2006.64869646533
NZL,New Zealand,2014,38056.2646732554
NLD,Netherlands,2014,45042.0669545832
NPL,Nepal,2014,846.665541773599
NRU,Nauru,2014,7638.99065218892
NAM,Namibia,2014,4701.95694189098
MMR,Myanmar,2014,1099.24387751605
MOZ,Mozambique,2014,585.266716133984
MAR,Morocco,2014,3051.458984375
MNE,Montenegro,2014,6272.09116381077
MNG,Mongolia,2014,3830.35892049593
MCO,Monaco,2014,165288.200345355
MDA,Moldova,2014,2737.80185056647
FSM,"Micronesia, Fed. Sts.",2014,2740.01667828088
MEX,Mexico,2014,9862.48125444199
MUS,Mauritius,2014,9300.07878638583
MRT,Mauritania,2014,1520.64621634902
MHL,Marshall Islands,2014,3620.77275283155
MLT,Malta,2014,23866.0667851301
MLI,Mali,2014,813.975661285204
MDV,Maldives,2014,9612.07861806739
MYS,Malaysia,2014,9341.73055971278
MWI,Malawi,2014,539.562601918057
MDG,Madagascar,2014,443.343869908205
MAC,"Macao SAR, China",2014,92383.8434915276
LUX,Luxembourg,2014,105583.937273429
LTU,Lithuania,2014,13753.1895982305
LBY,Libya,2014,7644.24843947404
LBR,Liberia,2014,707.157694930142
LSO,Lesotho,2014,1100.04993684215
LBN,Lebanon,2014,7830.4151113336
LVA,Latvia,2014,12731.6771959342
LAO,Lao PDR,2014,2006.31195444447
KGZ,Kyrgyz Republic,2014,1088.58214229508
KWT,Kuwait,2014,31073.1537300624
XKX,Kosovo,2014,3279.02499043758
KOR,"Korea, Rep.",2014,29470.6732991655
KIR,Kiribati,2014,1492.8506819325
KEN,Kenya,2014,1450.59338202277
KAZ,Kazakhstan,2014,10226.7100539683
JOR,Jordan,2014,4282.11872849239
JPN,Japan,2014,34386.9058552671
JAM,Jamaica,2014,5307.19165380801
ITA,Italy,2014,30325.0287793923
ISR,Israel,2014,36129.3146105805
IMN,Isle of Man,2014,84778.5806639347
IRL,Ireland,2014,52044.6201181887
IRQ,Iraq,2014,4446.97343234862
IRN,"Iran, Islamic Rep.",2014,5093.20319702187
IDN,Indonesia,2014,3170.72103011429
IND,India,2014,1484.31640682913
ISL,Iceland,2014,52102.5757919438
HUN,Hungary,2014,12287.3779441033
HKG,"Hong Kong SAR, China",2014,41796.8681867763
HND,Honduras,2014,2229.24772232218
HTI,Haiti,2014,1411.76834802154
GUY,Guyana,2014,5635.71704117947
GNB,Guinea-Bissau,2014,623.610159103365
GIN,Guinea,2014,738.272274481308
GTM,Guatemala,2014,3809.61587570091
GUM,Guam,2014,34755.2691107298
GRD,Grenada,2014,8206.62862112333
GRL,Greenland,2014,45545.1429414917
GRC,Greece,2014,17903.5252440012
GHA,Ghana,2014,1726.36930134647
DEU,Germany,2014,41602.4661281668
GEO,Georgia,2014,3960.35080091901
GMB,"Gambia, The",2014,611.879472952196
GAB,Gabon,2014,6998.60545439576
PYF,French Polynesia,2014,18928.1858620128
FRA,France,2014,36444.3949089146
FIN,Finland,2014,42502.4880199858
FJI,Fiji,2014,4883.24300436251
FRO,Faroe Islands,2014,52644.7898999399
ETH,Ethiopia,2014,556.362532243867
SWZ,Eswatini,2014,3381.79292071291
EST,Estonia,2014,17413.6867560212
GNQ,Equatorial Guinea,2014,10363.4872473549
SLV,El Salvador,2014,3713.94992016222
EGY,"Egypt, Arab Rep.",2014,3235.66246235257
ECU,Ecuador,2014,6055.04172761485
DOM,Dominican Republic,2014,6430.27811051339
DMA,Dominica,2014,8576.26367623609
DJI,Djibouti,2014,2253.14082249768
DNK,Denmark,2014,52368.3625969272
CZE,Czechia,2014,17118.0425571578
CYP,Cyprus,2014,22373.578125
CUW,Curacao,2014,19529.5285930905
CUB,Cuba,2014,7392.48324633027
HRV,Croatia,2014,11862.7609491821
CIV,Cote d'Ivoire,2014,1742.53693001178
CRI,Costa Rica,2014,11422.6735793176
COG,"Congo, Rep.",2014,2488.68118548992
COD,"Congo, Dem. Rep.",2014,481.830241883776
COM,Comoros,2014,1342.32802421364
COL,Colombia,2014,6121.83982019825
CHN,China,2014,7686.57792954381
CHL,Chile,2014,13285.9540361192
CHI,Channel Islands,2014,61892.8083445708
TCD,Chad,2014,993.321157708395
CAF,Central African Republic,2014,351.561554911625
CYM,Cayman Islands,2014,76104.621790038
CAN,Canada,2014,43643.2356440047
CMR,Cameroon,2014,1381.81938454907
KHM,Cambodia,2014,1464.53115866927
CPV,Cabo Verde,2014,3383.8422809791
BDI,Burundi,2014,261.296721752002
BFA,Burkina Faso,2014,624.576885187665
BGR,Bulgaria,2014,6941.01853946718
BRN,Brunei Darussalam,2014,31148.7297405401
BRA,Brazil,2014,9338.34170840985
BWA,Botswana,2014,6547.12254115892
BIH,Bosnia and Herzegovina,2014,4412.67617817734
BOL,Bolivia,2014,2900.90241586338
BTN,Bhutan,2014,2797.81883971908
BMU,Bermuda,2014,103941.982606956
BEN,Benin,2014,1014.4330062135
BLZ,Belize,2014,6116.49578852783
BEL,Belgium,2014,40533.9135027898
BLR,Belarus,2014,6212.91667418659
BRB,Barbados,2014,20713.7670210437
BGD,Bangladesh,2014,1159.40753475981
BHR,Bahrain,2014,24135.4991304849
BHS,"Bahamas, The",2014,30658.5344563722
AZE,Azerbaijan,2014,5508.60265612676
AUT,Austria,2014,43838.8345892137
AUS,Australia,2014,56571.8062524437
ABW,Aruba,2014,26773.8226808518
ARM,Armenia,2014,3393.09252326884
ARG,Argentina,2014,13456.1319159151
ATG,Antigua and Barbuda,2014,15967.284996712
AGO,Angola,2014,3746.81619978613
AND,Andorra,2014,37300.6419409868
ASM,American Samoa,2014,12203.0894714284
DZA,Algeria,2014,4634.10149179952
ALB,Albania,2014,4045.11934884933
AFG,Afghanistan,2014,575.146245808546
WLD,World,2014,9972.48234099611
UMC,Upper middle income,2014,7174.24712646659
TSS,Sub-Saharan Africa (IDA & IBRD countries),2014,1643.26781016129
SSA,Sub-Saharan Africa (excluding high income),2014,1764.52518975731
SSF,Sub-Saharan Africa,2014,1643.26781016129
TSA,South Asia (IDA & IBRD),2014,1475.2167650201
SAS,South Asia,2014,1475.2167650201
SST,Small states,2014,10324.6794019847
PRE,Pre-demographic dividend,2014,1522.21824259319
PST,Post-demographic dividend,2014,40062.2985082838
PSS,Pacific island small states,2014,3626.36793557544
OSS,Other small states,2014,10136.6802416118
OED,OECD members,2014,35120.4008452828
NAC,North America,2014,54229.3963287835
MIC,Middle income,2014,4444.30945842191
TMN,"Middle East, North Africa, Afghanistan & Pakistan (IDA & IBRD)",2014,2816.94028870906
MNA,"Middle East, North Africa, Afghanistan & Pakistan (excluding high income)",2014,2819.68602311378
MEA,"Middle East, North Africa, Afghanistan & Pakistan",2014,5086.55092778754
LMC,Lower middle income,2014,1771.90910691003
LIC,Low income,2014,775.290079464044
LMY,Low & middle income,2014,4145.78134336883
LDC,Least developed countries: UN classification,2014,979.192124616686
TLA,Latin America & the Caribbean (IDA & IBRD countries),2014,8473.88677256195
LAC,Latin America & Caribbean (excluding high income),2014,8370.00694208678
LCN,Latin America & Caribbean,2014,8610.67003577239
LTE,Late-demographic dividend,2014,8010.29794417952
IDA,IDA total,2014,1333.06862092098
IDX,IDA only,2014,1014.81643854082
IDB,IDA blend,2014,1914.26316168169
IBT,IDA & IBRD total,2014,4347.00390778605
IBD,IBRD only,2014,5369.52452689677
HIC,High income,2014,35972.696456563
HPC,Heavily indebted poor countries (HIPC),2014,899.664821616374
FCS,Fragile and conflict affected situations,2014,1697.58810951134
EUU,European Union,2014,30117.8841825355
TEC,Europe & Central Asia (IDA & IBRD countries),2014,7935.99050423519
ECA,Europe & Central Asia (excluding high income),2014,6136.90314013434
ECS,Europe & Central Asia,2014,22338.7450304311
EMU,Euro area,2014,33841.6103940756
TEA,East Asia & Pacific (IDA & IBRD countries),2014,6296.46330191384
EAP,East Asia & Pacific (excluding high income),2014,6225.65318734608
EAS,East Asia & Pacific,2014,9321.66592840668
EAR,Early-demographic dividend,2014,3087.28170907983
CEB,Central Europe and the Baltics,2014,12076.1572564969
CSS,Caribbean small states,2014,14605.7774648313
ARB,Arab World,2014,6238.07256611906
AFW,Africa Western and Central,2014,1857.17116320705
AFE,Africa Eastern and Southern,2014,1495.95557383523
ZWE,Zimbabwe,2015,1387.12632595026
ZMB,Zambia,2015,1295.87788680068
YEM,"Yemen, Rep.",2015,1362.1738120601
PSE,West Bank and Gaza,2015,3272.15432360708
VIR,Virgin Islands (U.S.),2015,34007.3529411765
VNM,Viet Nam,2015,2577.56885340113
VEN,"Venezuela, RB",2015,4103.1384987005
VUT,Vanuatu,2015,2854.89412272653
UZB,Uzbekistan,2015,2803.19018021751
URY,Uruguay,2015,17125.9016800298
USA,United States,2015,56572.9188996063
GBR,United Kingdom,2015,45255.3449216209
ARE,United Arab Emirates,2015,44910.334995523
UKR,Ukraine,2015,2094.47387695313
UGA,Uganda,2015,862.934610355811
TUV,Tuvalu,2015,3357.83417700071
TCA,Turks and Caicos Islands,2015,29457.0140691162
TKM,Turkmenistan,2015,5759.497903834
TUR,Turkiye,2015,11064.6494504662
TUN,Tunisia,2015,4014.94773686432
TTO,Trinidad and Tobago,2015,19887.2327716498
TON,Tonga,2015,4123.90323993332
TGO,Togo,2015,751.051987587248
TLS,Timor-Leste,2015,1319.59295003154
THA,Thailand,2015,5688.85335397884
TZA,Tanzania,2015,939.127319335938
TJK,Tajikistan,2015,956.916310930656
SYR,Syrian Arab Republic,2015,847.731631942565
CHE,Switzerland,2015,83806.4476003837
SWE,Sweden,2015,51188.1652120493
SUR,Suriname,2015,8813.61705392067
SDN,Sudan,2015,1292.37963867188
VCT,St. Vincent and the Grenadines,2015,7353.73556054184
LCA,St. Lucia,2015,10334.9860823918
KNA,St. Kitts and Nevis,2015,20328.8003530109
LKA,Sri Lanka,2015,4057.7158346231
ESP,Spain,2015,25982.4416197775
SSD,South Sudan,2015,1080.14718624765
ZAF,South Africa,2015,6112.27382485974
SOM,"Somalia, Fed. Rep.",2015,445.583080073396
SLB,Solomon Islands,2015,2045.47721526649
SVN,Slovenia,2015,20697.2748530619
SVK,Slovak Republic,2015,16442.0760860018
SXM,Sint Maarten (Dutch part),2015,37839.6283815163
SGP,Singapore,2015,55645.6068614606
SLE,Sierra Leone,2015,964.575980888989
SYC,Seychelles,2015,15333.1051727105
SRB,Serbia,2015,5820.3215576888
SEN,Senegal,2015,1218.00613555438
SAU,Saudi Arabia,2015,23256.1549553531
STP,Sao Tome and Principe,2015,1298.10946596396
SMR,San Marino,2015,43146.8240435428
WSM,Samoa,2015,4084.36083819933
RWA,Rwanda,2015,733.998629882494
RUS,Russian Federation,2015,9277.7138671875
ROU,Romania,2015,8977.01748158196
QAT,Qatar,2015,68985.2433380102
PRI,Puerto Rico (US),2015,29242.041465085
PRT,Portugal,2015,19215.7813014347
POL,Poland,2015,12637.5220324406
PHL,Philippines,2015,2909.85818010301
PER,Peru,2015,6231.71150338894
PRY,Paraguay,2015,5879.33792308762
PNG,Papua New Guinea,2015,2484.5963398603
PAN,Panama,2015,14082.6548434996
PLW,Palau,2015,16154.0532152373
PAK,Pakistan,2015,1380.47020838317
OMN,Oman,2015,18808.3077921839
NOR,Norway,2015,74809.9658049898
MNP,Northern Mariana Islands,2015,17665.1007493109
MKD,North Macedonia,2015,5262.68671928674
NGA,Nigeria,2015,2585.73360671797
NER,Niger,2015,485.662574175279
NIC,Nicaragua,2015,2074.45620634731
NZL,New Zealand,2015,38665.3723018158
NCL,New Caledonia,2015,30858.7237060533
NLD,Netherlands,2015,45793.8135434697
NPL,Nepal,2015,875.543635474862
NRU,Nauru,2015,7747.25584993607
NAM,Namibia,2015,4774.10650865775
MMR,Myanmar,2015,1166.73305547935
MOZ,Mozambique,2015,610.563774706589
MAR,Morocco,2015,3146.24780273438
MNE,Montenegro,2015,6421.00307345999
MNG,Mongolia,2015,3838.92126989984
MCO,Monaco,2015,170437.101188261
MDA,Moldova,2015,2749.55137054338
FSM,"Micronesia, Fed. Sts.",2015,2853.07643587028
MEX,Mexico,2015,10021.2386118827
MUS,Mauritius,2015,9630.5437837507
MRT,Mauritania,2015,1554.94897871782
MHL,Marshall Islands,2015,3764.34426229508
MLT,Malta,2015,25529.6813337717
MLI,Mali,2015,838.11986940103
MDV,Maldives,2015,9644.90655028145
MYS,Malaysia,2015,9648.6797937523
MWI,Malawi,2015,539.605363240686
MDG,Madagascar,2015,445.320069480568
MAC,"Macao SAR, China",2015,69902.9605741233
LUX,Luxembourg,2015,105462.012584423
LTU,Lithuania,2015,14269.8039878287
LIE,Liechtenstein,2015,167187.15730982
LBY,Libya,2015,7458.48917756374
LBR,Liberia,2015,692.590082351257
LSO,Lesotho,2015,1121.19851342518
LBN,Lebanon,2015,7714.1099998804
LVA,Latvia,2015,13321.9753140616
LAO,Lao PDR,2015,2121.01339097363
KGZ,Kyrgyz Republic,2015,1105.65193844261
KWT,Kuwait,2015,29882.2126495698
XKX,Kosovo,2015,3520.62850699375
KOR,"Korea, Rep.",2015,30171.7906545222
KIR,Kiribati,2015,1639.85274740652
KEN,Kenya,2015,1489.11959777284
KAZ,Kazakhstan,2015,10196.1226255982
JOR,Jordan,2015,4042.75678097555
JPN,Japan,2015,34960.6393843385
JAM,Jamaica,2015,5339.30718256806
ITA,Italy,2015,30639.8829751432
ISR,Israel,2015,36213.1041481958
IMN,Isle of Man,2015,84753.5187422732
IRL,Ireland,2015,64250.1385181257
IRQ,Iraq,2015,4440.14189252367
IRN,"Iran, Islamic Rep.",2015,4952.73355532178
IDN,Indonesia,2015,3288.22269725538
IND,India,2015,1583.99815907985
ISL,Iceland,2015,53505.6964079339
HUN,Hungary,2015,12782.9412577973
HKG,"Hong Kong SAR, China",2015,42432.1619740441
HND,Honduras,2015,2271.20265980349
HTI,Haiti,2015,1411.12684746796
GUY,Guyana,2015,5640.41560569466
GNB,Guinea-Bissau,2015,645.066837207039
GIN,Guinea,2015,747.356966759448
GTM,Guatemala,2015,3893.50533299068
GUM,Guam,2015,35165.7014644795
GRD,Grenada,2015,8694.12438005692
GRL,Greenland,2015,44536.3549705377
GRC,Greece,2015,17980.7298238137
GHA,Ghana,2015,1722.77282833606
DEU,Germany,2015,41929.7549110722
GEO,Georgia,2015,4086.6223465965
GMB,"Gambia, The",2015,619.536364296461
GAB,Gabon,2015,7047.12654634355
PYF,French Polynesia,2015,19166.9594761931
FRA,France,2015,36702.4323733379
FIN,Finland,2015,42560.3456767103
FJI,Fiji,2015,5097.53106864695
FRO,Faroe Islands,2015,52637.1903526574
ETH,Ethiopia,2015,597.912113218663
SWZ,Eswatini,2015,3419.82276559528
EST,Estonia,2015,17722.1557669523
GNQ,Equatorial Guinea,2015,9068.91003238645
SLV,El Salvador,2015,3790.34089108162
EGY,"Egypt, Arab Rep.",2015,3306.98159414141
ECU,Ecuador,2015,5976.1596805651
DOM,Dominican Republic,2015,6800.95309395474
DMA,Dominica,2015,8282.59874702141
DJI,Djibouti,2015,2376.12554719873
DNK,Denmark,2015,53094.0133607574
CZE,Czechia,2015,17931.5987670768
CYP,Cyprus,2015,23088.44140625
CUW,Curacao,2015,19361.8129630226
CUB,Cuba,2015,7727.91997207998
HRV,Croatia,2015,12283.7840620053
CIV,Cote d'Ivoire,2015,1814.71855088017
CRI,Costa Rica,2015,11714.7105980732
COG,"Congo, Rep.",2015,2439.35189403696
COD,"Congo, Dem. Rep.",2015,495.826633014883
COM,Comoros,2015,1329.37048235986
COL,Colombia,2015,6248.51490534512
CHN,China,2015,8175.33285077393
CHL,Chile,2015,13433.9202987032
CHI,Channel Islands,2015,61847.8212238857
TCD,Chad,2015,993.990730610869
CAF,Central African Republic,2015,366.322853938121
CYM,Cayman Islands,2015,76379.2098777987
CAN,Canada,2015,43594.1941045394
CMR,Cameroon,2015,1415.00009710569
KHM,Cambodia,2015,1547.32010444393
CPV,Cabo Verde,2015,3415.06266730931
BDI,Burundi,2015,254.402585226788
BFA,Burkina Faso,2015,630.124750752312
BGR,Bulgaria,2015,7268.65445473873
BRN,Brunei Darussalam,2015,30625.1287744656
BRA,Brazil,2015,8936.1955889444
BWA,Botswana,2015,6141.20394726616
BIH,Bosnia and Herzegovina,2015,4662.25869219448
BOL,Bolivia,2015,2996.01289811344
BTN,Bhutan,2015,2954.04081911097
BMU,Bermuda,2015,104855.366822135
BEN,Benin,2015,1002.41886879614
BLZ,Belize,2015,6154.62264230369
BEL,Belgium,2015,40893.804537772
BLR,Belarus,2015,5967.05595058777
BRB,Barbados,2015,20424.2087530019
BGD,Bangladesh,2015,1224.38647668165
BHR,Bahrain,2015,23734.0551143019
BHS,"Bahamas, The",2015,30719.405417469
AZE,Azerbaijan,2015,5500.50364628486
AUT,Austria,2015,43915.228020857
AUS,Australia,2015,56970.3613028094
ABW,Aruba,2015,27458.2201537506
ARM,Armenia,2015,3512.39350276709
ARG,Argentina,2015,13679.6264980954
ATG,Antigua and Barbuda,2015,16077.6340769406
AGO,Angola,2015,3641.72893919944
AND,Andorra,2015,38654.95287916
ASM,American Samoa,2015,12727.4102651386
DZA,Algeria,2015,4685.05902729002
ALB,Albania,2015,4199.53912925398
AFG,Afghanistan,2015,565.569730408751
WLD,World,2015,10161.9445773234
UMC,Upper middle income,2015,7435.76486473308
TSS,Sub-Saharan Africa (IDA & IBRD countries),2015,1646.44941139316
SSA,Sub-Saharan Africa (excluding high income),2015,1763.27463036367
SSF,Sub-Saharan Africa,2015,1646.44941139316
TSA,South Asia (IDA & IBRD),2015,1570.54142462917
SAS,South Asia,2015,1570.54142462917
SST,Small states,2015,10446.850341907
PRE,Pre-demographic dividend,2015,1524.98608713796
PST,Post-demographic dividend,2015,40775.9479386213
PSS,Pacific island small states,2015,3722.7745565917
OSS,Other small states,2015,10359.1182462574
OED,OECD members,2015,35779.9123271942
NAC,North America,2015,55285.5686917861
MIC,Middle income,2015,4602.51682691609
TMN,"Middle East, North Africa, Afghanistan & Pakistan (IDA & IBRD)",2015,2799.45441811583
MNA,"Middle East, North Africa, Afghanistan & Pakistan (excluding high income)",2015,2802.63134980954
MEA,"Middle East, North Africa, Afghanistan & Pakistan",2015,5125.68064083245
LMC,Lower middle income,2015,1848.28029294397
LIC,Low income,2015,740.889503942237
LMY,Low & middle income,2015,4284.85686298442
LDC,Least developed countries: UN classification,2015,982.894810600519
TLA,Latin America & the Caribbean (IDA & IBRD countries),2015,8404.37747196218
LAC,Latin America & Caribbean (excluding high income),2015,8308.73911709951
LCN,Latin America & Caribbean,2015,8547.23733917891
LTE,Late-demographic dividend,2015,8331.63270803563
IDA,IDA total,2015,1350.30758062231
IDX,IDA only,2015,1023.43894668408
IDB,IDA blend,2015,1947.85246838642
IBT,IDA & IBRD total,2015,4474.43525326247
IBD,IBRD only,2015,5546.04775275527
HIC,High income,2015,36586.4346902662
HPC,Heavily indebted poor countries (HIPC),2015,917.296109229181
FCS,Fragile and conflict affected situations,2015,1663.16200127279
EUU,European Union,2015,30771.6568591261
TEC,Europe & Central Asia (IDA & IBRD countries),2015,8009.61874995559
ECA,Europe & Central Asia (excluding high income),2015,6291.45594655745
ECS,Europe & Central Asia,2015,22702.8228380066
EMU,Euro area,2015,34471.1747135027
TEA,East Asia & Pacific (IDA & IBRD countries),2015,6664.48834577557
EAP,East Asia & Pacific (excluding high income),2015,6589.77076427462
EAS,East Asia & Pacific,2015,9691.70576095155
EAR,Early-demographic dividend,2015,3174.36962020929
CEB,Central Europe and the Baltics,2015,12596.8862547468
CSS,Caribbean small states,2015,14497.5393236017
ARB,Arab World,2015,6290.55879501691
AFW,Africa Western and Central,2015,1860.72768628324
AFE,Africa Eastern and Southern,2015,1498.8752400759
ZWE,Zimbabwe,2016,1378.34256192374
ZMB,Zambia,2016,1303.57513869133
YEM,"Yemen, Rep.",2016,1197.95865971172
PSE,West Bank and Gaza,2016,3483.09903532972
VIR,Virgin Islands (U.S.),2016,34614.7482633247
VNM,Viet Nam,2016,2715.57887431272
VEN,"Venezuela, RB",2016,3382.73477932247
VUT,Vanuatu,2016,2889.01404801498
UZB,Uzbekistan,2016,2918.67725852903
URY,Uruguay,2016,17357.2349992841
USA,United States,2016,57151.4708448372
GBR,United Kingdom,2016,45888.0105130748
ARE,United Arab Emirates,2016,45168.4982473243
UKR,Ukraine,2016,2156.0830078125
UGA,Uganda,2016,874.648370639216
TUV,Tuvalu,2016,3558.61212970652
TCA,Turks and Caicos Islands,2016,30183.0002949881
TKM,Turkmenistan,2016,5977.83828113854
TUR,Turkiye,2016,11279.6169531569
TUN,Tunisia,2016,4015.28893802703
TTO,Trinidad and Tobago,2016,18331.034459758
TON,Tonga,2016,4419.81472868939
TGO,Togo,2016,763.276185353302
TLS,Timor-Leste,2016,1333.65856117568
THA,Thailand,2016,5857.78052935926
TZA,Tanzania,2016,970.156127929688
TJK,Tajikistan,2016,997.352614556708
SYR,Syrian Arab Republic,2016,802.969498335502
CHE,Switzerland,2016,84611.0998672721
SWE,Sweden,2016,51626.3235312369
SUR,Suriname,2016,8293.31553031406
SDN,Sudan,2016,1297.15454101563
VCT,St. Vincent and the Grenadines,2016,7702.8942635647
LCA,St. Lucia,2016,10644.1612913407
KNA,St. Kitts and Nevis,2016,21133.6575914414
LKA,Sri Lanka,2016,4214.74117992085
ESP,Spain,2016,26719.2442268615
ZAF,South Africa,2016,6095.295060428
SOM,"Somalia, Fed. Rep.",2016,458.921476824605
SLB,Solomon Islands,2016,2084.24845745225
SVN,Slovenia,2016,21309.7122138949
SVK,Slovak Republic,2016,16740.7413996428
SXM,Sint Maarten (Dutch part),2016,37428.7027557069
SGP,Singapore,2016,56986.7853102911
SLE,Sierra Leone,2016,1002.77862282013
SYC,Seychelles,2016,16962.6753972731
SRB,Serbia,2016,6024.95754653784
SEN,Senegal,2016,1257.40906915928
SAU,Saudi Arabia,2016,22783.0328538685
STP,Sao Tome and Principe,2016,1342.533807689
SMR,San Marino,2016,43886.2146896896
WSM,Samoa,2016,4373.23792440391
RWA,Rwanda,2016,759.606288155109
RUS,Russian Federation,2016,9269.3193359375
ROU,Romania,2016,9286.87678236598
QAT,Qatar,2016,67294.3517688172
PRI,Puerto Rico (US),2016,29326.5748761873
PRT,Portugal,2016,19662.82312462
POL,Poland,2016,13026.1858988718
PHL,Philippines,2016,3076.3374186759
PER,Peru,2016,6392.25474941014
PRY,Paraguay,2016,6041.95879367349
PNG,Papua New Guinea,2016,2557.09463030035
PAN,Panama,2016,14474.124340577
PLW,Palau,2016,16343.5615050344
PAK,Pakistan,2016,1452.18658269177
OMN,Oman,2016,18830.6057208608
NOR,Norway,2016,75017.4944769055
MNP,Northern Mariana Islands,2016,23158.5744988538
MKD,North Macedonia,2016,5429.94678358359
NGA,Nigeria,2016,2481.81490350326
NER,Niger,2016,495.017437216008
NIC,Nicaragua,2016,2140.14405941606
NZL,New Zealand,2016,39235.3695566636
NLD,Netherlands,2016,46655.0363382039
NPL,Nepal,2016,875.188943730855
NRU,Nauru,2016,7925.5779662048
NAM,Namibia,2016,4648.62713460213
MMR,Myanmar,2016,1225.37913972668
MOZ,Mozambique,2016,620.779714954555
MAR,Morocco,2016,3124.42504882813
MNE,Montenegro,2016,6634.38508838803
MNG,Mongolia,2016,3817.91962716702
MCO,Monaco,2016,173120.189785092
MDA,Moldova,2016,2910.95486872376
FSM,"Micronesia, Fed. Sts.",2016,2870.49424845266
MEX,Mexico,2016,10100.5021214015
MUS,Mauritius,2016,9995.65028642071
MRT,Mauritania,2016,1528.05152299375
MHL,Marshall Islands,2016,3946.8444109078
MLT,Malta,2016,25969.5120352027
MLI,Mali,2016,860.75307554569
MDV,Maldives,2016,9909.07669723415
MYS,Malaysia,2016,9901.47960179812
MWI,Malawi,2016,538.221990810959
MDG,Madagascar,2016,451.15659433146
MAC,"Macao SAR, China",2016,68391.3415491921
LUX,Luxembourg,2016,108351.451826983
LTU,Lithuania,2016,14823.107153522
LBY,Libya,2016,7236.16409923502
LBR,Liberia,2016,668.031513175601
LSO,Lesotho,2016,1147.58748801671
LBN,Lebanon,2016,8019.1416913426
LVA,Latvia,2016,13787.3367440023
LAO,Lao PDR,2016,2234.76098741846
KGZ,Kyrgyz Republic,2016,1128.3161612818
KWT,Kuwait,2016,29454.4426388829
XKX,Kosovo,2016,3739.17562318261
KOR,"Korea, Rep.",2016,31005.4072876388
KIR,Kiribati,2016,1731.43693824902
KEN,Kenya,2016,1517.97796057742
KAZ,Kazakhstan,2016,10151.423313302
JOR,Jordan,2016,3933.14704611068
JPN,Japan,2016,35242.199377148
JAM,Jamaica,2016,5472.28314023034
ITA,Italy,2016,31077.6792675211
ISR,Israel,2016,37093.7879065422
IMN,Isle of Man,2016,90783.7647245394
IRL,Ireland,2016,64205.979777351
IRQ,Iraq,2016,4932.9272911439
IRN,"Iran, Islamic Rep.",2016,5312.61724954192
IDN,Indonesia,2016,3416.81005170972
IND,India,2016,1694.46534973825
ISL,Iceland,2016,56049.2928648152
HUN,Hungary,2016,13145.6559885563
HKG,"Hong Kong SAR, China",2016,43087.5455578429
HND,Honduras,2016,2315.72983058198
HTI,Haiti,2016,1416.74881879698
GUY,Guyana,2016,5818.61682204646
GNB,Guinea-Bissau,2016,663.242608032005
GIN,Guinea,2016,807.236421043888
GTM,Guatemala,2016,3924.77894837098
GUM,Guam,2016,35373.8483143417
GRD,Grenada,2016,8983.68397337899
GRL,Greenland,2016,46561.7831434013
GRC,Greece,2016,18049.928997892
GHA,Ghana,2016,1740.81101902928
DEU,Germany,2016,42516.9337063103
GEO,Georgia,2016,4225.09154904806
GMB,"Gambia, The",2016,615.193365494386
GAB,Gabon,2016,6991.3251446736
PYF,French Polynesia,2016,19516.0718353276
FRA,France,2016,36920.5342846914
FIN,Finland,2016,43529.6761616969
FJI,Fiji,2016,5218.85823412748
FRO,Faroe Islands,2016,52757.3960429144
ETH,Ethiopia,2016,636.835680951429
SWZ,Eswatini,2016,3500.17688847942
EST,Estonia,2016,18264.9873304279
GNQ,Equatorial Guinea,2016,7971.83401904573
SLV,El Salvador,2016,3875.84691357954
EGY,"Egypt, Arab Rep.",2016,3381.22246306207
ECU,Ecuador,2016,5849.13587933672
DOM,Dominican Republic,2016,7177.75376475488
DMA,Dominica,2016,8499.52291903149
DJI,Djibouti,2016,2502.85181449431
DNK,Denmark,2016,54300.2039621991
CZE,Czechia,2016,18359.0978103904
CYP,Cyprus,2016,24477.986328125
CUW,Curacao,2016,18953.0538552203
CUB,Cuba,2016,7774.0698462623
HRV,Croatia,2016,12848.419539107
CIV,Cote d'Ivoire,2016,1889.27777949938
CRI,Costa Rica,2016,12084.4351325634
COG,"Congo, Rep.",2016,2174.19310251224
COD,"Congo, Dem. Rep.",2016,480.461377880475
COM,Comoros,2016,1345.62555739306
COL,Colombia,2016,6316.07067782542
CHN,China,2016,8679.37704460133
CHL,Chile,2016,13505.097711133
CHI,Channel Islands,2016,62434.1859444218
TCD,Chad,2016,923.56587204799
CAF,Central African Republic,2016,376.858254120398
CYM,Cayman Islands,2016,77031.864216869
CAN,Canada,2016,43551.3425975115
CMR,Cameroon,2016,1435.61830727839
KHM,Cambodia,2016,1645.46671578126
CPV,Cabo Verde,2016,3560.1400729534
BDI,Burundi,2016,258.061970808946
BFA,Burkina Faso,2016,648.420480176012
BGR,Bulgaria,2016,7586.50411050819
BRN,Brunei Darussalam,2016,29492.4145927789
BRA,Brazil,2016,8577.84277969667
BWA,Botswana,2016,6490.83463593483
BIH,Bosnia and Herzegovina,2016,4876.53471495633
BOL,Bolivia,2016,3077.57057564766
BTN,Bhutan,2016,3173.36773217431
BMU,Bermuda,2016,104190.876720334
BEN,Benin,2016,1006.03926633023
BLZ,Belize,2016,6012.21296983668
BEL,Belgium,2016,41172.8862831209
BLR,Belarus,2016,5811.20159182547
BRB,Barbados,2016,20684.7801825176
BGD,Bangladesh,2016,1299.83091360792
BHR,Bahrain,2016,23715.2791328712
BHS,"Bahamas, The",2016,30152.1619246021
AZE,Azerbaijan,2016,5272.71817141861
AUT,Austria,2016,44362.6702805116
AUS,Australia,2016,57632.9995925594
ABW,Aruba,2016,27587.2498040483
ARM,Armenia,2016,3533.88503607007
ARG,Argentina,2016,13265.8860639123
ATG,Antigua and Barbuda,2016,16635.895232831
AGO,Angola,2016,3454.03317187119
AND,Andorra,2016,40085.0394278177
ASM,American Samoa,2016,12665.2829921268
DZA,Algeria,2016,4768.73140081027
ALB,Albania,2016,4431.55635814168
AFG,Afghanistan,2016,563.872336723147
WLD,World,2016,10324.8400705021
UMC,Upper middle income,2016,7713.6658752299
TSS,Sub-Saharan Africa (IDA & IBRD countries),2016,1623.17708645872
SSA,Sub-Saharan Africa (excluding high income),2016,1732.90964850105
SSF,Sub-Saharan Africa,2016,1623.17708645872
TSA,South Asia (IDA & IBRD),2016,1676.35409782334
SAS,South Asia,2016,1676.35409782334
SST,Small states,2016,10523.7082779478
PRE,Pre-demographic dividend,2016,1518.36553624341
PST,Post-demographic dividend,2016,41324.4948284306
PSS,Pacific island small states,2016,3811.55677547702
OSS,Other small states,2016,10667.1122642121
OED,OECD members,2016,36216.0475622534
NAC,North America,2016,55797.5468748501
MIC,Middle income,2016,4768.02490169307
TMN,"Middle East, North Africa, Afghanistan & Pakistan (IDA & IBRD)",2016,2906.72067314977
MNA,"Middle East, North Africa, Afghanistan & Pakistan (excluding high income)",2016,2910.61808296495
MEA,"Middle East, North Africa, Afghanistan & Pakistan",2016,5259.35921867209
LMC,Lower middle income,2016,1924.41858580699
LIC,Low income,2016,725.544504224031
LMY,Low & middle income,2016,4431.18235187323
LDC,Least developed countries: UN classification,2016,995.154750826763
TLA,Latin America & the Caribbean (IDA & IBRD countries),2016,8260.3745502491
LAC,Latin America & Caribbean (excluding high income),2016,8184.512260438
LCN,Latin America & Caribbean,2016,8405.14560348327
LTE,Late-demographic dividend,2016,8646.07589908332
IDA,IDA total,2016,1364.45810556663
IDX,IDA only,2016,1043.11282497367
IDB,IDA blend,2016,1953.37240963399
IBT,IDA & IBRD total,2016,4610.83755480503
IBD,IBRD only,2016,5737.4707664606
HIC,High income,2016,37037.6021898442
HPC,Heavily indebted poor countries (HIPC),2016,929.831454420103
FCS,Fragile and conflict affected situations,2016,1634.41669597359
EUU,European Union,2016,31300.1591558827
TEC,Europe & Central Asia (IDA & IBRD countries),2016,8118.42014141453
ECA,Europe & Central Asia (excluding high income),2016,6409.4471148702
ECS,Europe & Central Asia,2016,23032.6152966065
EMU,Euro area,2016,34995.0723160118
TEA,East Asia & Pacific (IDA & IBRD countries),2016,7045.21470188624
EAP,East Asia & Pacific (excluding high income),2016,6966.47191689918
EAS,East Asia & Pacific,2016,10071.8615358636
EAR,Early-demographic dividend,2016,3261.99599812662
CEB,Central Europe and the Baltics,2016,12991.54601565
CSS,Caribbean small states,2016,13963.1395387692
ARB,Arab World,2016,6366.04865571626
AFW,Africa Western and Central,2016,1815.17120349953
AFE,Africa Eastern and Southern,2016,1490.9075460241
ZWE,Zimbabwe,2017,1422.91948946927
ZMB,Zambia,2017,1308.76829240086
YEM,"Yemen, Rep.",2017,1103.45634849842
PSE,West Bank and Gaza,2017,3462.97986107136
VIR,Virgin Islands (U.S.),2017,34435.4944455756
VNM,Viet Nam,2017,2868.13680013379
VEN,"Venezuela, RB",2017,2871.31531165261
VUT,Vanuatu,2017,2946.96186165079
UZB,Uzbekistan,2017,2995.76761437743
URY,Uruguay,2017,17611.6036701032
USA,United States,2017,58151.7021391854
GBR,United Kingdom,2017,47018.0254757676
ARE,United Arab Emirates,2017,43293.0203824801
UKR,Ukraine,2017,2217.7529296875
UGA,Uganda,2017,871.093880017151
TUV,Tuvalu,2017,3666.20189700038
TCA,Turks and Caicos Islands,2017,50586.1032335151
TKM,Turkmenistan,2017,6222.55590558882
TUR,Turkiye,2017,12005.6459824832
TUN,Tunisia,2017,4062.80606534519
TTO,Trinidad and Tobago,2017,17402.6155328454
TON,Tonga,2017,4568.62468668733
TGO,Togo,2017,774.274897347436
TLS,Timor-Leste,2017,1267.08661597675
THA,Thailand,2017,6076.74307700082
TZA,Tanzania,2017,1001.55895996094
TJK,Tajikistan,2017,1042.26391757642
SYR,Syrian Arab Republic,2017,795.883216970859
CHE,Switzerland,2017,84967.5886498224
SWE,Sweden,2017,51894.3748177808
SUR,Suriname,2017,8338.69235401862
SDN,Sudan,2017,1261.87353515625
VCT,St. Vincent and the Grenadines,2017,7872.92690537077
LCA,St. Lucia,2017,10960.4843512477
KNA,St. Kitts and Nevis,2017,21191.6047083703
LKA,Sri Lanka,2017,4436.00789945768
ESP,Spain,2017,27426.281015093
ZAF,South Africa,2017,6125.6920507497
SOM,"Somalia, Fed. Rep.",2017,506.501098879459
SLB,Solomon Islands,2017,2075.36705302305
SVN,Slovenia,2017,22397.7634988337
SVK,Slovak Republic,2017,17195.2888721963
SXM,Sint Maarten (Dutch part),2017,33945.4185182499
SGP,Singapore,2017,59485.3015873921
SLE,Sierra Leone,2017,1010.54694071207
SYC,Seychelles,2017,17921.5731976918
SRB,Serbia,2017,6200.26118592152
SEN,Senegal,2017,1312.10932776049
SAU,Saudi Arabia,2017,23035.1199977707
STP,Sao Tome and Principe,2017,1375.59403284199
SMR,San Marino,2017,43057.7784775102
WSM,Samoa,2017,4393.37316255965
RWA,Rwanda,2017,771.069237513582
RUS,Russian Federation,2017,9418.9140625
ROU,Romania,2017,10106.2269557253
QAT,Qatar,2017,64497.6242543737
PRI,Puerto Rico (US),2017,29061.5563802711
PRT,Portugal,2017,20364.1962735946
POL,Poland,2017,13695.6452848724
PHL,Philippines,2017,3247.4503878362
PER,Peru,2017,6457.41940254721
PRY,Paraguay,2017,6243.1336313903
PNG,Papua New Guinea,2017,2584.8883636271
PAN,Panama,2017,15045.545619615
PLW,Palau,2017,15841.6183886679
PAK,Pakistan,2017,1495.26187528032
OMN,Oman,2017,18277.945563615
NOR,Norway,2017,76247.4116445341
MNP,Northern Mariana Islands,2017,28989.3470221339
MKD,North Macedonia,2017,5510.81862920922
NGA,Nigeria,2017,2441.71236404488
NER,Niger,2017,501.615305462902
NIC,Nicaragua,2017,2209.63273423213
NZL,New Zealand,2017,39722.6068434219
NLD,Netherlands,2017,47670.1057253297
NPL,Nepal,2017,951.857298563641
NRU,Nauru,2017,7308.31758516508
NAM,Namibia,2017,4476.73324402105
MMR,Myanmar,2017,1290.56409027458
MOZ,Mozambique,2017,618.397694360334
MAR,Morocco,2017,3242.64428710938
MNE,Montenegro,2017,6840.91155440218
MNG,Mongolia,2017,3956.2049437134
MCO,Monaco,2017,165781.779121526
MDA,Moldova,2017,3085.33305844263
FSM,"Micronesia, Fed. Sts.",2017,2922.07246225843
MEX,Mexico,2017,10193.7727193457
MUS,Mauritius,2017,10379.9138706732
MRT,Mauritania,2017,1576.06857825162
MHL,Marshall Islands,2017,4190.93468589482
MLT,Malta,2017,28546.6597365912
MLI,Mali,2017,878.561348377434
MDV,Maldives,2017,10263.2991147672
MYS,Malaysia,2017,10293.7629205362
MWI,Malawi,2017,544.795729220349
MDG,Madagascar,2017,456.851859574031
MAC,"Macao SAR, China",2017,75650.1261840452
LUX,Luxembourg,2017,107142.126672598
LTU,Lithuania,2017,15695.9993288456
LBY,Libya,2017,9435.60060040046
LBR,Liberia,2017,671.260899835355
LSO,Lesotho,2017,1097.82166812752
LBN,Lebanon,2017,8305.57405425721
LVA,Latvia,2017,14382.8612727134
LAO,Lao PDR,2017,2351.57441747595
KGZ,Kyrgyz Republic,2017,1157.18275758067
KWT,Kuwait,2017,27048.3706935958
XKX,Kosovo,2017,3890.17807271082
KOR,"Korea, Rep.",2017,31979.9027302467
KIR,Kiribati,2017,1769.51191332519
KEN,Kenya,2017,1542.33773973372
KAZ,Kazakhstan,2017,10404.2718646317
JOR,Jordan,2017,3940.70199181145
JPN,Japan,2017,35861.9728545672
JAM,Jamaica,2017,5586.1365723133
ITA,Italy,2017,31635.52277108
ISR,Israel,2017,37963.0491190696
IMN,Isle of Man,2017,93200.3108083857
IRL,Ireland,2017,69748.6221034014
IRQ,Iraq,2017,4736.32710809857
IRN,"Iran, Islamic Rep.",2017,5395.2398398598
IDN,Indonesia,2017,3553.51999262321
IND,India,2017,1788.69770318446
ISL,Iceland,2017,56657.9800285572
HUN,Hungary,2017,13734.2442804335
HKG,"Hong Kong SAR, China",2017,44380.8100340362
HND,Honduras,2017,2383.37398439714
HTI,Haiti,2017,1432.67228609541
GUY,Guyana,2017,5997.18271426826
GNB,Guinea-Bissau,2017,677.466131311367
GIN,Guinea,2017,867.907502577607
GTM,Guatemala,2017,3972.74057836068
GUM,Guam,2017,35850.9025520506
GRD,Grenada,2017,9357.40728883583
GRL,Greenland,2017,46597.9452470348
GRC,Greece,2017,18352.0884461258
GHA,Ghana,2017,1841.44636153249
DEU,Germany,2017,43543.4807050551
GEO,Georgia,2017,4442.50744127374
GMB,"Gambia, The",2017,628.777299272925
GAB,Gabon,2017,6840.05959347802
PYF,French Polynesia,2017,20287.7685831663
FRA,France,2017,37580.5979329356
FIN,Finland,2017,44862.220404205
FJI,Fiji,2017,5500.67840152349
FRO,Faroe Islands,2017,53831.0294952424
ETH,Ethiopia,2017,678.98541915757
SWZ,Eswatini,2017,3596.23605400492
EST,Estonia,2017,19270.8141210511
GNQ,Equatorial Guinea,2017,7259.10936454803
SLV,El Salvador,2017,3954.84014277572
EGY,"Egypt, Arab Rep.",2017,3452.90961245539
ECU,Ecuador,2017,6104.27253521751
DOM,Dominican Republic,2017,7379.39978067137
DMA,Dominica,2017,7985.6341102129
DJI,Djibouti,2017,2596.45134698268
DNK,Denmark,2017,55601.0145717787
CZE,Czechia,2017,19257.6930680911
CYP,Cyprus,2017,25666.00390625
CUW,Curacao,2017,18651.4796966993
CUB,Cuba,2017,7927.27769431767
HRV,Croatia,2017,13485.3012514274
CIV,Cote d'Ivoire,2017,1972.81431788947
CRI,Costa Rica,2017,12468.5654531709
COG,"Congo, Rep.",2017,2003.27121075187
COD,"Congo, Dem. Rep.",2017,482.854682128541
COM,Comoros,2017,1369.41038262485
COL,Colombia,2017,6309.67745292518
CHN,China,2017,9221.51403820573
CHL,Chile,2017,13473.3458532934
CHI,Channel Islands,2017,63393.3938698644
TCD,Chad,2017,879.075895466718
CAF,Central African Republic,2017,387.35795131742
CYM,Cayman Islands,2017,77717.1760762284
CAN,Canada,2017,44339.3886689254
CMR,Cameroon,2017,1444.90682916573
KHM,Cambodia,2017,1753.93530504662
CPV,Cabo Verde,2017,3719.71306047915
BDI,Burundi,2017,261.725839288764
BFA,Burkina Faso,2017,669.276310328333
BGR,Bulgaria,2017,7898.70693013652
BRN,Brunei Darussalam,2017,29524.65912789
BRA,Brazil,2017,8628.25209645723
BWA,Botswana,2017,6662.57644805467
BIH,Bosnia and Herzegovina,2017,5099.81602856447
BOL,Bolivia,2017,3160.16421228968
BTN,Bhutan,2017,3211.80903275593
BMU,Bermuda,2017,107734.608357327
BEN,Benin,2017,1032.90471194182
BLZ,Belize,2017,5767.61921963762
BEL,Belgium,2017,41619.328629169
BLR,Belarus,2017,5964.89668834561
BRB,Barbados,2017,20788.7046543161
BGD,Bangladesh,2017,1373.75363740186
BHR,Bahrain,2017,23606.8867501313
BHS,"Bahamas, The",2017,30974.7477261317
AZE,Azerbaijan,2017,5229.25259993413
AUT,Austria,2017,45056.6385912412
AUS,Australia,2017,57991.771347333
ABW,Aruba,2017,28548.8904317739
ARM,Armenia,2017,3815.3747426037
ARG,Argentina,2017,13520.1129846159
ATG,Antigua and Barbuda,2017,16992.9327495236
AGO,Angola,2017,3328.8982124109
AND,Andorra,2017,39361.0807539996
ASM,American Samoa,2017,11930.7771236826
DZA,Algeria,2017,4742.90075532529
ALB,Albania,2017,4648.23078660658
AFG,Afghanistan,2017,562.769574140988
WLD,World,2017,10561.1001052909
UMC,Upper middle income,2017,8062.58107378634
TSS,Sub-Saharan Africa (IDA & IBRD countries),2017,1620.53648783766
SSA,Sub-Saharan Africa (excluding high income),2017,1725.248614336
SSF,Sub-Saharan Africa,2017,1620.53648783766
TSA,South Asia (IDA & IBRD),2017,1770.26291324586
SAS,South Asia,2017,1770.26291324586
SST,Small states,2017,10750.0323524971
PRE,Pre-demographic dividend,2017,1501.00472393292
PST,Post-demographic dividend,2017,42190.9858310755
PSS,Pacific island small states,2017,3909.88377121052
OSS,Other small states,2017,11078.5034399888
OED,OECD members,2017,36943.6721882405
NAC,North America,2017,56770.6564066106
MIC,Middle income,2017,4967.67314800986
TMN,"Middle East, North Africa, Afghanistan & Pakistan (IDA & IBRD)",2017,2956.16092955273
MNA,"Middle East, North Africa, Afghanistan & Pakistan (excluding high income)",2017,2959.5986439925
MEA,"Middle East, North Africa, Afghanistan & Pakistan",2017,5279.9701627926
LMC,Lower middle income,2017,1999.67367968704
LIC,Low income,2017,719.4917896822
LMY,Low & middle income,2017,4608.67872042193
LDC,Least developed countries: UN classification,2017,1015.62255142587
TLA,Latin America & the Caribbean (IDA & IBRD countries),2017,8315.64171218597
LAC,Latin America & Caribbean (excluding high income),2017,8264.74819899468
LCN,Latin America & Caribbean,2017,8458.83384476335
LTE,Late-demographic dividend,2017,9041.21609671517
IDA,IDA total,2017,1388.62153707152
IDX,IDA only,2017,1073.15500247042
IDB,IDA blend,2017,1968.31540790627
IBT,IDA & IBRD total,2017,4784.65501107103
IBD,IBRD only,2017,5977.69739757901
HIC,High income,2017,37796.4689875897
HPC,Heavily indebted poor countries (HIPC),2017,948.559641481731
FCS,Fragile and conflict affected situations,2017,1619.44767158323
EUU,European Union,2017,32135.6624693296
TEC,Europe & Central Asia (IDA & IBRD countries),2017,8434.48840087775
ECA,Europe & Central Asia (excluding high income),2017,6736.23791731628
ECS,Europe & Central Asia,2017,23622.7656806191
EMU,Euro area,2017,35842.3298274979
TEA,East Asia & Pacific (IDA & IBRD countries),2017,7457.89049178297
EAP,East Asia & Pacific (excluding high income),2017,7374.82622244547
EAS,East Asia & Pacific,2017,10507.3446728598
EAR,Early-demographic dividend,2017,3365.65570800725
CEB,Central Europe and the Baltics,2017,13696.463585633
CSS,Caribbean small states,2017,13780.3075342487
ARB,Arab World,2017,6322.52614443499
AFW,Africa Western and Central,2017,1808.72220111739
AFE,Africa Eastern and Southern,2017,1490.91109750422
ZWE,Zimbabwe,2018,1472.14603844842
ZMB,Zambia,2018,1321.25045711573
YEM,"Yemen, Rep.",2018,1079.32938366255
PSE,West Bank and Gaza,2018,3417.79440837962
VIR,Virgin Islands (U.S.),2018,35174.1019944986
VNM,Viet Nam,2018,3048.28327602145
VEN,"Venezuela, RB",2018,2365.59281270712
VUT,Vanuatu,2018,2960.65376683153
UZB,Uzbekistan,2018,3108.1618786112
URY,Uruguay,2018,17608.9441195037
USA,United States,2018,59526.665698712
GBR,United Kingdom,2018,47514.7763693453
ARE,United Arab Emirates,2018,43377.7858697225
UKR,Ukraine,2018,2308.6669921875
UGA,Uganda,2018,895.07512785438
TUV,Tuvalu,2018,3757.85997284742
TCA,Turks and Caicos Islands,2018,51863.1830309332
TKM,Turkmenistan,2018,6460.94356849428
TUR,Turkiye,2018,12255.0082146169
TUN,Tunisia,2018,4127.97005697994
TTO,Trinidad and Tobago,2018,17205.615135339
TON,Tonga,2018,4583.5594849415
TGO,Togo,2018,791.592405216309
TLS,Timor-Leste,2018,1237.2006590123
THA,Thailand,2018,6314.19948412043
TZA,Tanzania,2018,1024.01525878906
TJK,Tajikistan,2018,1094.8002018221
SYR,Syrian Arab Republic,2018,792.413811698757
CHE,Switzerland,2018,86756.6022327472
SWE,Sweden,2018,52203.0872589761
SUR,Suriname,2018,8666.64870697797
SDN,Sudan,2018,1185.94445800781
VCT,St. Vincent and the Grenadines,2018,8179.99598957084
LCA,St. Lucia,2018,11233.8883578457
KNA,St. Kitts and Nevis,2018,21635.4972146482
LKA,Sri Lanka,2018,4493.03575444544
ESP,Spain,2018,27956.7225466484
ZAF,South Africa,2018,6117.2701406047
SOM,"Somalia, Fed. Rep.",2018,498.981065013872
SLB,Solomon Islands,2018,2061.8996970669
SVN,Slovenia,2018,23293.966665323
SVK,Slovak Republic,2018,17869.0149173679
SXM,Sint Maarten (Dutch part),2018,31047.7241050626
SGP,Singapore,2018,61250.3476672302
SLE,Sierra Leone,2018,1015.6678297205
SYC,Seychelles,2018,18628.1862276696
SRB,Serbia,2018,6524.08029755191
SEN,Senegal,2018,1355.09610863712
SAU,Saudi Arabia,2018,24393.5188306638
STP,Sao Tome and Principe,2018,1413.84348618541
SMR,San Marino,2018,42818.6962696679
WSM,Samoa,2018,4321.00518344962
RWA,Rwanda,2018,817.578437300032
RUS,Russian Federation,2018,9674.787109375
ROU,Romania,2018,10714.1701157127
QAT,Qatar,2018,64410.7171628721
PRI,Puerto Rico (US),2018,28808.8518638025
PRT,Portugal,2018,20997.7745987013
POL,Poland,2018,14551.0850277089
PHL,Philippines,2018,3410.93647976109
PER,Peru,2018,6593.14437459526
PRY,Paraguay,2018,6354.2392005316
PNG,Papua New Guinea,2018,2518.45899317321
PAN,Panama,2018,15375.6434854475
PLW,Palau,2018,15642.8069323229
PAK,Pakistan,2018,1561.68169819559
OMN,Oman,2018,18269.6769435562
NOR,Norway,2018,76373.6474606092
MNP,Northern Mariana Islands,2018,23756.6075820248
MKD,North Macedonia,2018,5698.39334484489
NGA,Nigeria,2018,2431.77857832568
NER,Niger,2018,519.546993483886
NIC,Nicaragua,2018,2107.3396261623
NZL,New Zealand,2018,40371.5456268118
NLD,Netherlands,2018,48463.0299739951
NPL,Nepal,2018,1021.91492204011
NRU,Nauru,2018,7149.78109138393
NAM,Namibia,2018,4400.47537705743
MMR,Myanmar,2018,1361.56831265985
MOZ,Mozambique,2018,621.153734194787
MAR,Morocco,2018,3304.7119140625
MNE,Montenegro,2018,7159.47114735985
MNG,Mongolia,2018,4183.85566447661
MCO,Monaco,2018,173041.761057866
MDA,Moldova,2018,3267.9961042872
FSM,"Micronesia, Fed. Sts.",2018,2910.6935304708
MEX,Mexico,2018,10296.8690928534
MUS,Mauritius,2018,10789.9241521132
MRT,Mauritania,2018,1602.90225649072
MHL,Marshall Islands,2018,4542.34293916308
MLT,Malta,2018,29536.8052374716
MLI,Mali,2018,892.978322791418
MDV,Maldives,2018,10793.8941325367
MYS,Malaysia,2018,10610.1950240479
MWI,Malawi,2018,553.528790902088
MDG,Madagascar,2018,459.330367799543
MAC,"Macao SAR, China",2018,79178.6506290559
LUX,Luxembourg,2018,106788.728745199
LTU,Lithuania,2018,16604.9021440809
LBY,Libya,2018,10020.9165751361
LBR,Liberia,2018,665.875439637137
LSO,Lesotho,2018,1068.44462913373
LBN,Lebanon,2018,8388.7235123835
LVA,Latvia,2018,15120.0698171804
LAO,Lao PDR,2018,2459.97874636195
KGZ,Kyrgyz Republic,2018,1175.0712778747
KWT,Kuwait,2018,26706.0191660864
XKX,Kosovo,2018,4009.12140760339
KOR,"Korea, Rep.",2018,32852.8887488942
KIR,Kiribati,2018,1803.94864980951
KEN,Kenya,2018,1596.69045914945
KAZ,Kazakhstan,2018,10670.2120148279
JOR,Jordan,2018,3928.77026821205
JPN,Japan,2018,36138.5290824814
JAM,Jamaica,2018,5717.87621107532
ITA,Italy,2018,31819.3971830067
ISR,Israel,2018,38729.6426036983
IMN,Isle of Man,2018,95040.4061748938
IRL,Ireland,2018,74029.0550611436
IRQ,Iraq,2018,4749.00921836896
IRN,"Iran, Islamic Rep.",2018,5127.22495367018
IDN,Indonesia,2018,3701.32155461912
IND,India,2018,1883.35772705062
ISL,Iceland,2018,57731.6523401884
HUN,Hungary,2018,14533.7783144312
HKG,"Hong Kong SAR, China",2018,45280.5079891951
HND,Honduras,2018,2430.13503657762
HTI,Haiti,2018,1437.35251928349
GUY,Guyana,2018,6080.90612132746
GNB,Guinea-Bissau,2018,686.456819839526
GIN,Guinea,2018,899.907328045175
GTM,Guatemala,2018,4040.2121371198
GUM,Guam,2018,35731.2203743081
GRD,Grenada,2018,9744.16919577204
GRL,Greenland,2018,47012.9860350276
GRC,Greece,2018,18769.0389621976
GHA,Ghana,2018,1915.4532323781
DEU,Germany,2018,43905.8550061973
GEO,Georgia,2018,4713.65354845303
GMB,"Gambia, The",2018,658.127833258563
GAB,Gabon,2018,6724.5961429108
PYF,French Polynesia,2018,20674.4206829029
FRA,France,2018,38062.4435961412
FIN,Finland,2018,45337.2409550575
FJI,Fiji,2018,5720.21447177109
FRO,Faroe Islands,2018,54433.5931539501
ETH,Ethiopia,2018,705.96881207336
SWZ,Eswatini,2018,3565.54285067501
EST,Estonia,2018,19914.3454922878
GNQ,Equatorial Guinea,2018,6578.90039765711
SLV,El Salvador,2018,4046.16291720583
EGY,"Egypt, Arab Rep.",2018,3568.63966286161
ECU,Ecuador,2018,6063.0956178776
DOM,Dominican Republic,2018,7818.70593240469
DMA,Dominica,2018,8261.16492553236
DJI,Djibouti,2018,2677.1650334451
DNK,Denmark,2018,56355.0733084714
CZE,Czechia,2018,19736.6295261285
CYP,Cyprus,2018,26962.40625
CUW,Curacao,2018,18355.1765793615
CUB,Cuba,2018,8120.43123558256
HRV,Croatia,2018,14060.9874833125
CIV,Cote d'Ivoire,2018,2013.32307598499
CRI,Costa Rica,2018,12679.5253643016
COG,"Congo, Rep.",2018,1909.9560382117
COD,"Congo, Dem. Rep.",2018,495.312105711027
COM,Comoros,2018,1391.84620461012
COL,Colombia,2018,6353.5464285392
CHN,China,2018,9798.6528523316
CHL,Chile,2018,13763.0068844795
CHI,Channel Islands,2018,63859.9826096615
TCD,Chad,2018,898.834794007399
CAF,Central African Republic,2018,395.020015455909
CYM,Cayman Islands,2018,79305.7692066005
CAN,Canada,2018,44907.3436912123
CMR,Cameroon,2018,1461.01969999317
KHM,Cambodia,2018,1884.28374817086
CPV,Cabo Verde,2018,3853.67940035241
BDI,Burundi,2018,267.508692172687
BFA,Burkina Faso,2018,694.492813126351
BGR,Bulgaria,2018,8194.37434587757
BRN,Brunei Darussalam,2018,29200.1952024222
BRA,Brazil,2018,8722.33529970988
BWA,Botswana,2018,6843.84612027739
BIH,Bosnia and Herzegovina,2018,5360.25201017633
BOL,Bolivia,2018,3204.53670819124
BTN,Bhutan,2018,3300.55006461736
BMU,Bermuda,2018,106843.163739391
BEN,Benin,2018,1071.50452156932
BLZ,Belize,2018,5707.61059954436
BEL,Belgium,2018,42208.3625650272
BLR,Belarus,2018,6165.91320019277
BRB,Barbados,2018,20483.9550976366
BGD,Bangladesh,2018,1462.25050255713
BHR,Bahrain,2018,24059.7838641562
BHS,"Bahamas, The",2018,31537.2423841956
AZE,Azerbaijan,2018,5261.92938234432
AUT,Austria,2018,45951.5819164034
AUS,Australia,2018,58772.7063152213
ABW,Aruba,2018,29419.208623316
ARM,Armenia,2018,4027.83393010979
ARG,Argentina,2018,13058.3285449954
ATG,Antigua and Barbuda,2018,18042.1596435727
AGO,Angola,2018,3196.79006983557
AND,Andorra,2018,39242.1633307803
ASM,American Samoa,2018,12412.6024074562
DZA,Algeria,2018,4717.0035885361
ALB,Albania,2018,4893.82375538717
AFG,Afghanistan,2018,553.125151688293
WLD,World,2018,10789.6668089725
UMC,Upper middle income,2018,8396.09643945286
TSS,Sub-Saharan Africa (IDA & IBRD countries),2018,1622.24137160361
SSA,Sub-Saharan Africa (excluding high income),2018,1724.10846517385
SSF,Sub-Saharan Africa,2018,1622.24137160361
TSA,South Asia (IDA & IBRD),2018,1863.72112646654
SAS,South Asia,2018,1863.72112646654
SST,Small states,2018,10981.9220128952
PRE,Pre-demographic dividend,2018,1498.97139237832
PST,Post-demographic dividend,2018,42982.1948272898
PSS,Pacific island small states,2018,3965.69591895216
OSS,Other small states,2018,11422.3381975176
OED,OECD members,2018,37584.634230902
NAC,North America,2018,58052.7625499753
MIC,Middle income,2018,5160.5638050536
TMN,"Middle East, North Africa, Afghanistan & Pakistan (IDA & IBRD)",2018,2965.86693458956
MNA,"Middle East, North Africa, Afghanistan & Pakistan (excluding high income)",2018,2968.95602708448
MEA,"Middle East, North Africa, Afghanistan & Pakistan",2018,5321.7434512062
LMC,Lower middle income,2018,2078.47285786989
LIC,Low income,2018,719.528260376391
LMY,Low & middle income,2018,4779.40840873637
LDC,Least developed countries: UN classification,2018,1038.13136576604
TLA,Latin America & the Caribbean (IDA & IBRD countries),2018,8349.28798690798
LAC,Latin America & Caribbean (excluding high income),2018,8307.30884340362
LCN,Latin America & Caribbean,2018,8489.63171792302
LTE,Late-demographic dividend,2018,9481.09349361994
IDA,IDA total,2018,1418.00708422156
IDX,IDA only,2018,1100.05510569349
IDB,IDA blend,2018,2003.84851119473
IBT,IDA & IBRD total,2018,4955.36761741777
IBD,IBRD only,2018,6214.51417284405
HIC,High income,2018,38563.3769225101
HPC,Heavily indebted poor countries (HIPC),2018,960.452334962383
FCS,Fragile and conflict affected situations,2018,1607.410665042
EUU,European Union,2018,32719.1711480652
TEC,Europe & Central Asia (IDA & IBRD countries),2018,8718.49343377415
ECA,Europe & Central Asia (excluding high income),2018,6930.30071694301
ECS,Europe & Central Asia,2018,24037.6040282064
EMU,Euro area,2018,36369.0726205231
TEA,East Asia & Pacific (IDA & IBRD countries),2018,7894.29711578739
EAP,East Asia & Pacific (excluding high income),2018,7806.58513374745
EAS,East Asia & Pacific,2018,10945.0220958063
EAR,Early-demographic dividend,2018,3444.80737958553
CEB,Central Europe and the Baltics,2018,14411.9811999447
CSS,Caribbean small states,2018,13815.7947601283
ARB,Arab World,2018,6377.12047410411
AFW,Africa Western and Central,2018,1814.69463581898
AFE,Africa Eastern and Southern,2018,1489.94213724372
ZWE,Zimbabwe,2019,1357.53087818754
ZMB,Zambia,2019,1301.18132976178
PSE,West Bank and Gaza,2019,3378.4346209191
VIR,Virgin Islands (U.S.),2019,36309.7438446842
VNM,Viet Nam,2019,3241.07648966529
VEN,"Venezuela, RB",2019,1762.73734800083
VUT,Vanuatu,2019,2986.2036911437
UZB,Uzbekistan,2019,3259.36964632494
URY,Uruguay,2019,17758.4384372986
USA,United States,2019,60750.9898621637
GBR,United Kingdom,2019,47864.7588712634
ARE,United Arab Emirates,2019,43468.4586811918
UKR,Ukraine,2019,2398.07836914063
UGA,Uganda,2019,920.939101515671
TUV,Tuvalu,2019,4345.99606453315
TCA,Turks and Caicos Islands,2019,52419.8862128617
TKM,Turkmenistan,2019,6718.16608056274
TUR,Turkiye,2019,12238.2950220128
TUN,Tunisia,2019,4153.27978615515
TTO,Trinidad and Tobago,2019,17225.361633712
TON,Tonga,2019,4566.07497816235
TGO,Togo,2019,810.512262603518
TLS,Timor-Leste,2019,1507.24743550088
THA,Thailand,2019,6434.53770518034
TZA,Tanzania,2019,1051.7666015625
TJK,Tajikistan,2019,1148.34676712493
SYR,Syrian Arab Republic,2019,771.518695271305
CHE,Switzerland,2019,87123.6604234257
SWE,Sweden,2019,53024.4099494317
SUR,Suriname,2019,8677.30522021731
SDN,Sudan,2019,1126.55297851563
VCT,St. Vincent and the Grenadines,2019,8294.67434486665
LCA,St. Lucia,2019,11114.7785940338
KNA,St. Kitts and Nevis,2019,22297.7644995701
LKA,Sri Lanka,2019,4455.78189608267
ESP,Spain,2019,28301.4393949563
ZAF,South Africa,2019,6032.82972598668
SOM,"Somalia, Fed. Rep.",2019,494.444039712339
SLB,Solomon Islands,2019,2043.09139778307
SVN,Slovenia,2019,23943.1800949889
SVK,Slovak Republic,2019,18250.9802475637
SXM,Sint Maarten (Dutch part),2019,33877.976645467
SGP,Singapore,2019,61345.5291820062
SLE,Sierra Leone,2019,1046.96778078594
SYC,Seychelles,2019,19481.6461053742
SRB,Serbia,2019,6870.75810896296
SEN,Senegal,2019,1379.60875249861
SAU,Saudi Arabia,2019,24905.6697428558
STP,Sao Tome and Principe,2019,1420.66008316091
SMR,San Marino,2019,43525.4225717352
WSM,Samoa,2019,4466.08075482035
RWA,Rwanda,2019,874.639658935978
RUS,Russian Federation,2019,9882.0244140625
ROU,Romania,2019,11197.3162915853
QAT,Qatar,2019,63430.3717285437
PRI,Puerto Rico (US),2019,29185.0969964707
PRT,Portugal,2019,21569.1874752919
POL,Poland,2019,15221.3090624454
PHL,Philippines,2019,3575.88170922922
PER,Peru,2019,6626.26083494969
PRY,Paraguay,2019,6243.53620897823
PNG,Papua New Guinea,2019,2572.56177967896
PAN,Panama,2019,15602.5420714581
PLW,Palau,2019,15600.1871093094
PAK,Pakistan,2019,1573.8330826937
OMN,Oman,2019,18089.586668488
NOR,Norway,2019,76712.2871160349
MNP,Northern Mariana Islands,2019,21451.4401636511
MKD,North Macedonia,2019,5961.58475399191
NGA,Nigeria,2019,2431.53528472982
NER,Niger,2019,532.186024570389
NIC,Nicaragua,2019,2019.91518620044
NZL,New Zealand,2019,40727.8822513384
NLD,Netherlands,2019,49254.0158854264
NPL,Nepal,2019,1077.11796498188
NRU,Nauru,2019,7687.19643322519
NAM,Namibia,2019,4243.09274481966
MMR,Myanmar,2019,1440.98988238708
MOZ,Mozambique,2019,617.13932000195
MAR,Morocco,2019,3364.73950195313
MNE,Montenegro,2019,7470.29588471711
MNG,Mongolia,2019,4337.8167085432
MCO,Monaco,2019,185582.7556905
MDA,Moldova,2019,3438.67732670712
FSM,"Micronesia, Fed. Sts.",2019,3019.25086619614
MEX,Mexico,2019,10159.4448364319
MUS,Mauritius,2019,11098.3137067341
MRT,Mauritania,2019,1605.1352359742
MHL,Marshall Islands,2019,5162.81500670348
MLT,Malta,2019,29522.661886008
MLI,Mali,2019,909.751069703313
MDV,Maldives,2019,11194.9253748064
MYS,Malaysia,2019,10902.9834855856
MWI,Malawi,2019,569.866249371948
MDG,Madagascar,2019,467.27741349648
MAC,"Macao SAR, China",2019,75724.6078280261
LUX,Luxembourg,2019,107591.965850496
LTU,Lithuania,2019,17431.7239081591
LBY,Libya,2019,8768.4104874586
LBR,Liberia,2019,636.699384824869
LSO,Lesotho,2019,1040.99351014117
LBN,Lebanon,2019,8064.04873416236
LVA,Latvia,2019,15328.3859933295
LAO,Lao PDR,2019,2554.95638019245
KGZ,Kyrgyz Republic,2019,1201.87701429721
KWT,Kuwait,2019,26580.2264741607
XKX,Kosovo,2019,4219.06693858503
KOR,"Korea, Rep.",2019,33496.3113815643
KIR,Kiribati,2019,1835.21963082467
KEN,Kenya,2019,1645.70961777862
KAZ,Kazakhstan,2019,10989.6840718388
JOR,Jordan,2019,3919.06426916073
JPN,Japan,2019,36043.7844013518
JAM,Jamaica,2019,5814.79275311692
ITA,Italy,2019,32180.4341017428
ISR,Israel,2019,39407.2016076709
IMN,Isle of Man,2019,95110.1385990737
IRL,Ireland,2019,76485.635854651
IRQ,Iraq,2019,4898.14897652265
IRN,"Iran, Islamic Rep.",2019,4952.45669081078
IDN,Indonesia,2019,3850.90321738979
IND,India,2019,1936.03067741067
ISL,Iceland,2019,57118.8452718755
HUN,Hungary,2019,15290.8085466331
HKG,"Hong Kong SAR, China",2019,44195.2768644431
HND,Honduras,2019,2447.61649282181
HTI,Haiti,2019,1394.42114071112
GUY,Guyana,2019,6278.63054079553
GNB,Guinea-Bissau,2019,706.298562874985
GIN,Guinea,2019,926.42221954853
GTM,Guatemala,2019,4139.12203836307
GUM,Guam,2019,36830.1264410973
GRD,Grenada,2019,9785.56040240592
GRL,Greenland,2019,48170.7896955512
GRC,Greece,2019,19216.6759579785
GHA,Ghana,2019,1999.55372220211
DEU,Germany,2019,44235.2658954682
GEO,Georgia,2019,4975.81148194814
GMB,"Gambia, The",2019,682.797642940426
GAB,Gabon,2019,6817.56879468764
PYF,French Polynesia,2019,21289.8751241139
FRA,France,2019,38705.2072940618
FIN,Finland,2019,45898.5708448954
FJI,Fiji,2019,5701.10435269432
FRO,Faroe Islands,2019,56029.4991512974
ETH,Ethiopia,2019,744.702789753973
SWZ,Eswatini,2019,3759.67106964666
EST,Estonia,2019,20579.8756732376
GNQ,Equatorial Guinea,2019,6018.12066321865
SLV,El Salvador,2019,4143.11437097867
EGY,"Egypt, Arab Rep.",2019,3701.2446345188
ECU,Ecuador,2019,5971.38938386723
DOM,Dominican Republic,2019,8117.04639185786
DMA,Dominica,2019,8624.51695993537
DJI,Djibouti,2019,2781.94350113484
DNK,Denmark,2019,57114.6227336347
CZE,Czechia,2019,20360.0599221814
CYP,Cyprus,2019,28167.16015625
CUW,Curacao,2019,17980.5297947929
CUB,Cuba,2019,8124.75282059108
HRV,Croatia,2019,14641.663970693
CIV,Cote d'Ivoire,2019,2093.09994335779
CRI,Costa Rica,2019,12877.650101079
COG,"Congo, Rep.",2019,1885.51080877731
COD,"Congo, Dem. Rep.",2019,482.524295129472
COM,Comoros,2019,1389.36430643805
COL,Colombia,2019,6439.96359812647
CHN,China,2019,10356.4804194995
CHL,Chile,2019,13630.5935435578
CHI,Channel Islands,2019,64594.5213908684
TCD,Chad,2019,917.203710065059
CAF,Central African Republic,2019,401.82582161435
CYM,Cayman Islands,2019,80714.5721513481
CAN,Canada,2019,45100.2915069262
CMR,Cameroon,2019,1470.31785276187
KHM,Cambodia,2019,2008.32094006706
CPV,Cabo Verde,2019,4115.90283469406
BDI,Burundi,2019,270.411005710809
BFA,Burkina Faso,2019,717.021595096634
BGR,Bulgaria,2019,8626.13418680372
BRN,Brunei Darussalam,2019,29996.2407223175
BRA,Brazil,2019,8771.43950372603
BWA,Botswana,2019,6951.73189051146
BIH,Bosnia and Herzegovina,2019,5583.29721276458
BOL,Bolivia,2019,3207.3869521223
BTN,Bhutan,2019,3467.38598979356
BMU,Bermuda,2019,106709.881238843
BEN,Benin,2019,1114.17304526443
BLZ,Belize,2019,5864.14611827109
BEL,Belgium,2019,43006.4042308863
BLR,Belarus,2019,6267.73508743505
BRB,Barbados,2019,20494.3871602646
BGD,Bangladesh,2019,1564.20802445636
BHR,Bahrain,2019,24873.6640060134
BHS,"Bahamas, The",2019,31117.6299132391
AZE,Azerbaijan,2019,5346.95318604114
AUT,Austria,2019,46550.5622459492
AUS,Australia,2019,59181.2997904131
ABW,Aruba,2019,29699.1805366222
ARM,Armenia,2019,4343.45839583019
ARG,Argentina,2019,12706.3978108968
ATG,Antigua and Barbuda,2019,18525.2588907167
AGO,Angola,2019,3083.97534427357
AND,Andorra,2019,39346.2935180487
ASM,American Samoa,2019,12524.0160252283
DZA,Algeria,2019,4672.66408678635
ALB,Albania,2019,5072.43648354739
AFG,Afghanistan,2019,557.861533207459
WLD,World,2019,10963.6816310515
UMC,Upper middle income,2019,8690.67729327633
TSS,Sub-Saharan Africa (IDA & IBRD countries),2019,1621.5953888781
SSA,Sub-Saharan Africa (excluding high income),2019,1719.05269893256
SSF,Sub-Saharan Africa,2019,1621.5953888781
TSA,South Asia (IDA & IBRD),2019,1920.39706317474
SAS,South Asia,2019,1920.39706317474
SST,Small states,2019,11201.6035626777
PRE,Pre-demographic dividend,2019,1505.95575412271
PST,Post-demographic dividend,2019,43623.7992070046
PSS,Pacific island small states,2019,3969.06712487372
OSS,Other small states,2019,11765.0274554195
OED,OECD members,2019,38062.9859938454
NAC,North America,2019,59158.7219278339
MIC,Middle income,2019,5320.7385938622
TMN,"Middle East, North Africa, Afghanistan & Pakistan (IDA & IBRD)",2019,2954.09492790131
MNA,"Middle East, North Africa, Afghanistan & Pakistan (excluding high income)",2019,2957.01658493792
MEA,"Middle East, North Africa, Afghanistan & Pakistan",2019,5316.51746627674
LMC,Lower middle income,2019,2133.36043908301
LIC,Low income,2019,720.163865502171
LMY,Low & middle income,2019,4919.20859980592
LDC,Least developed countries: UN classification,2019,1063.5016284707
TLA,Latin America & the Caribbean (IDA & IBRD countries),2019,8303.9522722113
LAC,Latin America & Caribbean (excluding high income),2019,8275.309631343
LCN,Latin America & Caribbean,2019,8447.24518593474
LTE,Late-demographic dividend,2019,9886.07149064231
IDA,IDA total,2019,1441.63139770219
IDX,IDA only,2019,1126.69021132065
IDB,IDA blend,2019,2023.85818922165
IBT,IDA & IBRD total,2019,5093.37981842859
IBD,IBRD only,2019,6411.71326335692
HIC,High income,2019,39162.0349547886
HPC,Heavily indebted poor countries (HIPC),2019,973.374706001474
FCS,Fragile and conflict affected situations,2019,1585.23602922322
EUU,European Union,2019,33289.4352232776
TEC,Europe & Central Asia (IDA & IBRD countries),2019,8925.46203415138
ECA,Europe & Central Asia (excluding high income),2019,7046.99611203784
ECS,Europe & Central Asia,2019,24389.8062444924
EMU,Euro area,2019,36891.7993038494
TEA,East Asia & Pacific (IDA & IBRD countries),2019,8312.92246043013
EAP,East Asia & Pacific (excluding high income),2019,8220.71036562156
EAS,East Asia & Pacific,2019,11328.7206349245
EAR,Early-demographic dividend,2019,3480.18904220698
CEB,Central Europe and the Baltics,2019,15024.0127296269
CSS,Caribbean small states,2019,13825.4223050228
ARB,Arab World,2019,6367.60443969474
AFW,Africa Western and Central,2019,1829.06806387649
AFE,Africa Eastern and Southern,2019,1479.37238691603
ZWE,Zimbabwe,2020,1230.81933361016
ZMB,Zambia,2020,1228.73500113195
PSE,West Bank and Gaza,2020,2922.46801084844
VIR,Virgin Islands (U.S.),2020,35850.7433148653
VNM,Viet Nam,2020,3303.16949807493
VEN,"Venezuela, RB",2020,1255.37263090506
VUT,Vanuatu,2020,2771.87098808052
UZB,Uzbekistan,2020,3249.05191094018
URY,Uruguay,2020,16443.3635000843
USA,United States,2020,59194.6665172031
GBR,United Kingdom,2020,42982.4631007642
ARE,United Arab Emirates,2020,39878.474427695
UKR,Ukraine,2020,2324.107421875
UGA,Uganda,2020,917.0350317644
TUV,Tuvalu,2020,4233.0183205634
TCA,Turks and Caicos Islands,2020,33739.4253991739
TKM,Turkmenistan,2020,6965.11226889286
TUR,Turkiye,2020,12338.643833135
TUN,Tunisia,2020,3749.26841452928
TTO,Trinidad and Tobago,2020,15679.9611486825
TON,Tonga,2020,4647.0076512901
TGO,Togo,2020,808.300697079208
TLS,Timor-Leste,2020,1947.83992943521
THA,Thailand,2020,6035.18627737077
TZA,Tanzania,2020,1041.25964355469
TJK,Tajikistan,2020,1171.90127480359
SYR,Syrian Arab Republic,2020,740.811397013438
CHE,Switzerland,2020,84637.0132935333
SWE,Sweden,2020,51624.5811789573
SUR,Suriname,2020,7213.10766669943
SDN,Sudan,2020,1056.86474609375
VCT,St. Vincent and the Grenadines,2020,7989.74651933597
LCA,St. Lucia,2020,8379.27495097388
KNA,St. Kitts and Nevis,2020,18918.8263456611
LKA,Sri Lanka,2020,4227.23315306594
ESP,Spain,2020,25077.019882928
ZAF,South Africa,2020,5569.58483319272
SOM,"Somalia, Fed. Rep.",2020,462.867053737236
SLB,Solomon Islands,2020,1930.65510307199
SVN,Slovenia,2020,22811.8050540778
SVK,Slovak Republic,2020,17763.8563847352
SXM,Sint Maarten (Dutch part),2020,28920.3773007159
SGP,Singapore,2020,59189.70385743
SLE,Sierra Leone,2020,1010.25294614757
SYC,Seychelles,2020,17048.361729788
SRB,Serbia,2020,6850.96742168834
SEN,Senegal,2020,1361.79143748646
SAU,Saudi Arabia,2020,22827.671935548
STP,Sao Tome and Principe,2020,1430.84119299096
SMR,San Marino,2020,40506.8521137898
WSM,Samoa,2020,4283.06392492734
RWA,Rwanda,2020,826.391307701022
RUS,Russian Federation,2020,9632.3251953125
ROU,Romania,2020,10854.049431887
QAT,Qatar,2020,57769.5836053284
PRI,Puerto Rico (US),2020,28144.7223184239
PRT,Portugal,2020,19778.7139525722
POL,Poland,2020,15090.2228440113
PHL,Philippines,2020,3198.66690008413
PER,Peru,2020,5831.83024758521
PRY,Paraguay,2020,6109.19608100826
PNG,Papua New Guinea,2020,2438.61137922293
PAN,Panama,2020,12647.0826553801
PLW,Palau,2020,14532.9898440558
PAK,Pakistan,2020,1526.00597486307
OMN,Oman,2020,17743.8858800477
NOR,Norway,2020,75287.2059527598
MNP,Northern Mariana Islands,2020,15410.1186923944
MKD,North Macedonia,2020,5743.72649424581
NGA,Nigeria,2020,2228.68631422888
NER,Niger,2020,533.194328910254
NIC,Nicaragua,2020,1950.19181218473
NZL,New Zealand,2020,39785.473128643
NLD,Netherlands,2020,47086.5804192702
NPL,Nepal,2020,1031.53618783934
NRU,Nauru,2020,7770.69883784016
NAM,Namibia,2020,3787.49943973286
MMR,Myanmar,2020,1301.3138635245
MOZ,Mozambique,2020,591.804059985932
MAR,Morocco,2020,3090.89428710938
MNE,Montenegro,2020,6351.95486320483
MNG,Mongolia,2020,4066.03410882791
MCO,Monaco,2020,161262.925884403
MDA,Moldova,2020,3188.91691602699
FSM,"Micronesia, Fed. Sts.",2020,2951.77114318964
MEX,Mexico,2020,9234.64362317923
MUS,Mauritius,2020,9483.67602630847
MRT,Mauritania,2020,1553.30615586591
MHL,Marshall Islands,2020,5172.57528216176
MLT,Malta,2020,27861.8202844538
MLI,Mali,2020,872.389426814294
MDV,Maldives,2020,7295.60220956454
MYS,Malaysia,2020,10171.4657842762
MWI,Malawi,2020,559.447086086067
MDG,Madagascar,2020,422.924255422319
MAC,"Macao SAR, China",2020,33853.7761550109
LUX,Luxembourg,2020,105274.2471768
LTU,Lithuania,2020,17443.65526328
LBY,Libya,2020,6102.79864032512
LBR,Liberia,2020,605.025475431411
LSO,Lesotho,2020,944.834128375429
LBN,Lebanon,2020,6440.82843092922
LVA,Latvia,2020,14900.7295718866
LAO,Lao PDR,2020,2529.74622698761
KGZ,Kyrgyz Republic,2020,1093.32856461422
KWT,Kuwait,2020,25541.5378987908
XKX,Kosovo,2020,3990.94613053859
KOR,"Korea, Rep.",2020,33215.9298928108
KIR,Kiribati,2020,1777.0447605811
KEN,Kenya,2020,1609.33414078281
KAZ,Kazakhstan,2020,10565.0359816235
JOR,Jordan,2020,3806.87949354914
JPN,Japan,2020,34642.9718743239
JAM,Jamaica,2020,5317.84145033966
ITA,Italy,2020,29469.7989238626
ISR,Israel,2020,37935.5432717179
IMN,Isle of Man,2020,86595.0676099275
IRL,Ireland,2020,80927.936475395
IRQ,Iraq,2020,4213.99843766061
IRN,"Iran, Islamic Rep.",2020,5132.82430762118
IDN,Indonesia,2020,3739.44906563161
IND,India,2020,1806.50110583878
ISL,Iceland,2020,52464.3072858637
HUN,Hungary,2020,14664.2971195385
HKG,"Hong Kong SAR, China",2020,41451.2981131333
HND,Honduras,2020,2189.43168668222
HTI,Haiti,2020,1331.69778506932
GUY,Guyana,2020,9010.61000469878
GNB,Guinea-Bissau,2020,710.275129060129
GIN,Guinea,2020,945.570903389665
GTM,Guatemala,2020,4005.83911593999
GUM,Guam,2020,32884.8852646787
GRD,Grenada,2020,8413.28335500372
GRL,Greenland,2020,48169.9406957389
GRC,Greece,2020,17486.951333323
GHA,Ghana,2020,1970.19411460398
DEU,Germany,2020,42372.8726784255
GEO,Georgia,2020,4659.60925318234
GMB,"Gambia, The",2020,670.758642891251
GAB,Gabon,2020,6534.27966528997
PYF,French Polynesia,2020,19026.790444196
FRA,France,2020,35709.2045925926
FIN,Finland,2020,44690.9801103074
FJI,Fiji,2020,4721.1228189763
FRO,Faroe Islands,2020,54301.6594145787
ETH,Ethiopia,2020,768.705424485209
SWZ,Eswatini,2020,3609.3669136859
EST,Estonia,2020,19946.945696898
GNQ,Equatorial Guinea,2020,5575.26241511492
SLV,El Salvador,2020,3808.53195436409
EGY,"Egypt, Arab Rep.",2020,3770.86947867421
ECU,Ecuador,2020,5355.68934196443
DOM,Dominican Republic,2020,7395.8734262396
DMA,Dominica,2020,7302.94454951254
DJI,Djibouti,2020,2773.40661780097
DNK,Denmark,2020,55934.5555945523
CZE,Czechia,2020,19233.1469549829
CYP,Cyprus,2020,26895.68359375
CUW,Curacao,2020,14849.9696941839
CUB,Cuba,2020,7252.28811179844
HRV,Croatia,2020,13545.4881162417
CIV,Cote d'Ivoire,2020,2055.08483996432
CRI,Costa Rica,2020,12242.2098908533
COG,"Congo, Rep.",2020,1725.51040049963
COD,"Congo, Dem. Rep.",2020,470.852950000929
COM,Comoros,2020,1359.70624686714
COL,Colombia,2020,5891.95523215403
CHN,China,2020,10573.6420059282
CHL,Chile,2020,12679.024004022
CHI,Channel Islands,2020,58636.7036143365
TCD,Chad,2020,884.980541933197
CAF,Central African Republic,2020,398.834274122139
CYM,Cayman Islands,2020,75199.6446248648
CAN,Canada,2020,42366.1285377884
CMR,Cameroon,2020,1434.51913723409
KHM,Cambodia,2020,1908.63427518336
CPV,Cabo Verde,2020,3255.93628984058
BDI,Burundi,2020,263.463876356897
BFA,Burkina Faso,2020,713.8421779224
BGR,Bulgaria,2020,8440.08304721192
BRN,Brunei Darussalam,2020,30015.9588506697
BRA,Brazil,2020,8435.01046209185
BWA,Botswana,2020,6254.24806241091
BIH,Bosnia and Herzegovina,2020,5490.75366635139
BOL,Bolivia,2020,2765.0927177231
BTN,Bhutan,2020,3092.12428399363
BMU,Bermuda,2020,98999.5076617935
BEN,Benin,2020,1126.65404122154
BLZ,Belize,2020,5006.48453276935
BEL,Belgium,2020,40769.0218072962
BLR,Belarus,2020,6251.98898968645
BRB,Barbados,2020,17519.837062872
BGD,Bangladesh,2020,1604.6659234742
BHR,Bahrain,2020,23586.9309581516
BHS,"Bahamas, The",2020,24791.6704945106
AZE,Azerbaijan,2020,5087.50022783627
AUT,Austria,2020,43428.6983137234
AUS,Australia,2020,58377.7670517802
ABW,Aruba,2020,22729.8897593533
ARM,Armenia,2020,4032.09043454955
ARG,Argentina,2020,11393.0505957877
ATG,Antigua and Barbuda,2020,14950.8942397208
AGO,Angola,2020,2864.16146036893
AND,Andorra,2020,34536.666145207
ASM,American Samoa,2020,13194.274740128
DZA,Algeria,2020,4363.68533767783
ALB,Albania,2020,4980.61699524696
AFG,Afghanistan,2020,527.834554499306
WLD,World,2020,10541.8118545305
UMC,Upper middle income,2020,8611.33439075379
TSS,Sub-Saharan Africa (IDA & IBRD countries),2020,1529.24894566347
SSA,Sub-Saharan Africa (excluding high income),2020,1613.92902099825
SSF,Sub-Saharan Africa,2020,1529.24894566347
TSA,South Asia (IDA & IBRD),2020,1806.99045389559
SAS,South Asia,2020,1806.99045389559
SST,Small states,2020,10330.2244204664
PRE,Pre-demographic dividend,2020,1406.48382617164
PST,Post-demographic dividend,2020,41771.300719227
PSS,Pacific island small states,2020,3525.38600970306
OSS,Other small states,2020,10962.0788606767
OED,OECD members,2020,36444.6516392817
NAC,North America,2020,57470.4195194401
MIC,Middle income,2020,5211.08110372645
TMN,"Middle East, North Africa, Afghanistan & Pakistan (IDA & IBRD)",2020,2828.39465134815
MNA,"Middle East, North Africa, Afghanistan & Pakistan (excluding high income)",2020,2829.04712608405
MEA,"Middle East, North Africa, Afghanistan & Pakistan",2020,5033.14208530647
LMC,Lower middle income,2020,2021.05503375347
LIC,Low income,2020,691.991878569926
LMY,Low & middle income,2020,4809.84896387149
LDC,Least developed countries: UN classification,2020,1037.48119670683
TLA,Latin America & the Caribbean (IDA & IBRD countries),2020,7684.38521376063
LAC,Latin America & Caribbean (excluding high income),2020,7669.33977303708
LCN,Latin America & Caribbean,2020,7812.42544444341
LTE,Late-demographic dividend,2020,9878.28626310562
IDA,IDA total,2020,1384.63983352976
IDX,IDA only,2020,1096.83173371503
IDB,IDA blend,2020,1918.37984704312
IBT,IDA & IBRD total,2020,4971.5872211169
IBD,IBRD only,2020,6286.40775617083
HIC,High income,2020,37538.2523693096
HPC,Heavily indebted poor countries (HIPC),2020,946.680806659878
FCS,Fragile and conflict affected situations,2020,1435.4620668369
EUU,European Union,2020,31435.0353450837
TEC,Europe & Central Asia (IDA & IBRD countries),2020,8778.05956344465
ECA,Europe & Central Asia (excluding high income),2020,7016.36291211506
ECS,Europe & Central Asia,2020,23034.1354718301
EMU,Euro area,2020,34608.4614772745
TEA,East Asia & Pacific (IDA & IBRD countries),2020,8386.63950211
EAP,East Asia & Pacific (excluding high income),2020,8293.69666986026
EAS,East Asia & Pacific,2020,11276.053700591
EAR,Early-demographic dividend,2020,3290.1946903817
CEB,Central Europe and the Baltics,2020,14621.1363727276
CSS,Caribbean small states,2020,12531.5018423504
ARB,Arab World,2020,5904.57124162288
AFW,Africa Western and Central,2020,1719.26150438049
AFE,Africa Eastern and Southern,2020,1399.39849841898
ZWE,Zimbabwe,2021,1312.20001358807
ZMB,Zambia,2021,1269.10821808895
PSE,West Bank and Gaza,2021,3051.48607007995
VIR,Virgin Islands (U.S.),2021,37313.0484931531
VNM,Viet Nam,2021,3358.21734764714
VEN,"Venezuela, RB",2021,1276.62381449407
VUT,Vanuatu,2021,2666.30269843855
UZB,Uzbekistan,2021,3442.7248445034
URY,Uruguay,2021,17416.0052208869
USA,United States,2021,62680.2503585805
GBR,United Kingdom,2021,46487.3424706549
ARE,United Arab Emirates,2021,40935.8936567784
UKR,Ukraine,2021,2426.6123046875
UGA,Uganda,2021,919.401675217265
TUV,Tuvalu,2021,4396.04894488478
TCA,Turks and Caicos Islands,2021,42907.7492465912
TKM,Turkmenistan,2021,7248.70763225719
TUR,Turkiye,2021,13670.938029516
TUN,Tunisia,2021,3902.53322990199
TTO,Trinidad and Tobago,2021,15558.0940536829
TON,Tonga,2021,4612.90046969933
TGO,Togo,2021,829.786700130989
TLS,Timor-Leste,2021,2015.82035757039
THA,Thailand,2021,6121.52696529713
TZA,Tanzania,2021,1054.31726074219
TJK,Tajikistan,2021,1254.06999592306
SYR,Syrian Arab Republic,2021,734.334236323426
CHE,Switzerland,2021,88661.2029776281
SWE,Sweden,2021,53997.1337068799
SUR,Suriname,2021,6973.89941868115
SDN,Sudan,2021,1009.54888916016
VCT,St. Vincent and the Grenadines,2021,8211.33588012942
LCA,St. Lucia,2021,9336.92127417129
KNA,St. Kitts and Nevis,2021,19031.8211910603
LKA,Sri Lanka,2021,4357.97225779491
ESP,Spain,2021,26705.3629138959
ZAF,South Africa,2021,5750.90937479584
SOM,"Somalia, Fed. Rep.",2021,461.627830725978
SLB,Solomon Islands,2021,1880.5519827183
SVN,Slovenia,2021,24665.4410464026
SVK,Slovak Republic,2021,18808.4540496595
SXM,Sint Maarten (Dutch part),2021,29834.6350068383
SGP,Singapore,2021,67731.2610711717
SLE,Sierra Leone,2021,1045.7661615758
SYC,Seychelles,2021,17005.0422063679
SRB,Serbia,2021,7465.67601077148
SEN,Senegal,2021,1414.5395109385
SAU,Saudi Arabia,2021,24922.6716948944
STP,Sao Tome and Principe,2021,1428.28676097975
SMR,San Marino,2021,46834.1395065822
WSM,Samoa,2021,4032.13733959294
RWA,Rwanda,2021,896.271033574985
RUS,Russian Federation,2021,10231.318359375
ROU,Romania,2021,11546.3224998072
QAT,Qatar,2021,65488.5460040395
PRI,Puerto Rico (US),2021,28416.6231262223
PRT,Portugal,2021,20747.6990734163
POL,Poland,2021,16368.6239689025
PHL,Philippines,2021,3350.97587587776
PER,Peru,2021,6547.84718181776
PRY,Paraguay,2021,6278.11006663809
PNG,Papua New Guinea,2021,2378.3716816549
PAN,Panama,2021,14552.9401400295
PLW,Palau,2021,12612.2906184953
PAK,Pakistan,2021,1595.02792175422
OMN,Oman,2021,18291.3387983888
NOR,Norway,2021,77812.7115614383
MNP,Northern Mariana Islands,2021,16365.016735395
MKD,North Macedonia,2021,6064.92315120022
NGA,Nigeria,2021,2206.66406250067
NER,Niger,2021,523.263179518652
NIC,Nicaragua,2021,2128.30881395452
NZL,New Zealand,2021,41490.1148198326
NLD,Netherlands,2021,49780.8440526836
NPL,Nepal,2021,1062.7888430629
NRU,Nauru,2021,8325.88214663427
NAM,Namibia,2021,3809.80753359714
MMR,Myanmar,2021,1136.99566055698
MOZ,Mozambique,2021,588.215854695416
MAR,Morocco,2021,3309.130859375
MNE,Montenegro,2021,7198.30460781272
MNG,Mongolia,2021,4063.53669849245
MCO,Monaco,2021,194674.777609089
MDA,Moldova,2021,3688.16729442144
FSM,"Micronesia, Fed. Sts.",2021,3023.96457451783
MEX,Mexico,2021,9728.05680032556
MUS,Mauritius,2021,9804.0031863121
MRT,Mauritania,2021,1520.3111804259
MHL,Marshall Islands,2021,5455.31642282232
MLT,Malta,2021,31436.3493030938
MLI,Mali,2021,872.332509419855
MDV,Maldives,2021,9759.2219360708
MYS,Malaysia,2021,10388.2667120857
MWI,Malawi,2021,569.968967322435
MDG,Madagascar,2021,431.599103077746
MAC,"Macao SAR, China",2021,41634.2386139903
LUX,Luxembourg,2021,110873.185245175
LTU,Lithuania,2021,18569.7057246217
LBY,Libya,2021,7731.35448152581
LBR,Liberia,2021,621.927983063426
LSO,Lesotho,2021,955.221236301503
LBN,Lebanon,2021,5973.41933892988
LVA,Latvia,2021,16070.1680032322
LAO,Lao PDR,2021,2556.58912640405
KGZ,Kyrgyz Republic,2021,1132.5546781282
KWT,Kuwait,2021,26203.2617257856
XKX,Kosovo,2021,4429.87597525975
KOR,"Korea, Rep.",2021,34792.9397214598
KIR,Kiribati,2021,1893.52661599343
KEN,Kenya,2021,1698.89578271444
KAZ,Kazakhstan,2021,10873.3915275276
JOR,Jordan,2021,3874.32714084633
JPN,Japan,2021,35741.1601062924
JAM,Jamaica,2021,5607.45378253877
ITA,Italy,2021,32267.7091050201
ISR,Israel,2021,40804.9689802536
IMN,Isle of Man,2021,89873.5420093569
IRL,Ireland,2021,92781.2322150786
IRQ,Iraq,2021,4182.5006404573
IRN,"Iran, Islamic Rep.",2021,5300.62271961895
IDN,Indonesia,2021,3850.68877253903
IND,India,2021,1965.30943437506
ISL,Iceland,2021,54285.0209153958
HUN,Hungary,2021,15787.9535427563
HKG,"Hong Kong SAR, China",2021,44530.9262090583
HND,Honduras,2021,2423.76634916911
HTI,Haiti,2021,1292.71954963551
GUY,Guyana,2021,10711.9973374148
GNB,Guinea-Bissau,2021,729.627090607537
GIN,Guinea,2021,973.646890096159
GTM,Guatemala,2021,4268.62858565412
GUM,Guam,2021,33239.4846327875
GRD,Grenada,2021,8782.32193426078
GRL,Greenland,2021,48709.9339758895
GRC,Greece,2021,19232.9683327114
GHA,Ghana,2021,2030.04866500967
DEU,Germany,2021,44011.0194631674
GEO,Georgia,2021,5175.19865185825
GMB,"Gambia, The",2021,689.49323955737
GAB,Gabon,2021,6479.04900690761
PYF,French Polynesia,2021,19626.2332540206
FRA,France,2021,38030.8571685178
FIN,Finland,2021,45792.0454180872
FJI,Fiji,2021,4507.33353596072
FRO,Faroe Islands,2021,56270.2511347442
ETH,Ethiopia,2021,790.65701959778
SWZ,Eswatini,2021,3719.03838239806
EST,Estonia,2021,21570.6658455268
GNQ,Equatorial Guinea,2021,5487.92479201992
SLV,El Salvador,2021,4247.54750394978
EGY,"Egypt, Arab Rep.",2021,3837.31992324447
ECU,Ecuador,2021,5815.09477390949
DOM,Dominican Republic,2021,8344.90510312395
DMA,Dominica,2021,7738.31730070386
DJI,Djibouti,2021,2854.15987035097
DNK,Denmark,2021,59312.8158043771
CZE,Czechia,2021,20373.8783043424
CYP,Cyprus,2021,29517.072265625
CUW,Curacao,2021,15625.4114231051
CUB,Cuba,2021,7379.04275283674
HRV,Croatia,2021,15395.1287782758
CIV,Cote d'Ivoire,2021,2146.47635317946
CRI,Costa Rica,2021,13146.6927918465
COG,"Congo, Rep.",2021,1701.79060456872
COD,"Congo, Dem. Rep.",2021,485.160805929784
COM,Comoros,2021,1359.76242021159
COL,Colombia,2021,6457.16921807086
CHN,China,2021,11469.5707134928
CHL,Chile,2021,14051.4713630677
CHI,Channel Islands,2021,64267.6930018122
TCD,Chad,2021,857.527630579087
CAF,Central African Republic,2021,396.020622931961
CYM,Cayman Islands,2021,77259.6331345061
CAN,Canada,2021,44639.193269037
CMR,Cameroon,2021,1443.57600237663
KHM,Cambodia,2021,1938.76436741728
CPV,Cabo Verde,2021,3471.6553421786
BDI,Burundi,2021,264.682651664249
BFA,Burkina Faso,2021,745.472563435144
BGR,Bulgaria,2021,9161.47737990726
BRN,Brunei Darussalam,2021,29256.1833678343
BRA,Brazil,2021,8799.22844579944
BWA,Botswana,2021,6895.91184943107
BIH,Bosnia and Herzegovina,2021,5995.54197590494
BOL,Bolivia,2021,3011.55110807557
BTN,Bhutan,2021,3206.20366997254
BMU,Bermuda,2021,103134.729483915
BEN,Benin,2021,1176.37727637273
BLZ,Belize,2021,5839.40157956017
BEL,Belgium,2021,43140.9676652971
BLR,Belarus,2021,6457.73053706343
BRB,Barbados,2021,17475.0281776857
BGD,Bangladesh,2021,1702.08028414189
BHR,Bahrain,2021,24086.7847803428
BHS,"Bahamas, The",2021,29114.0597726386
AZE,Azerbaijan,2021,5349.58226071425
AUT,Austria,2021,45368.6434337368
AUS,Australia,2021,59465.535671364
ABW,Aruba,2021,26292.9179363154
ARM,Armenia,2021,4264.79961505187
ARG,Argentina,2021,12549.2811699342
ATG,Antigua and Barbuda,2021,16084.7214406048
AGO,Angola,2021,2832.81777132286
AND,Andorra,2021,36929.0364995869
ASM,American Samoa,2021,13233.5784817341
DZA,Algeria,2021,4456.74687637774
ALB,Albania,2021,5511.75743402862
AFG,Afghanistan,2021,408.625855217403
WLD,World,2021,11124.7495292116
UMC,Upper middle income,2021,9237.86507507475
TSS,Sub-Saharan Africa (IDA & IBRD countries),2021,1545.45220046021
SSA,Sub-Saharan Africa (excluding high income),2021,1629.64361201344
SSF,Sub-Saharan Africa,2021,1545.45220046021
TSA,South Asia (IDA & IBRD),2021,1957.51785309013
SAS,South Asia,2021,1957.51785309013
SST,Small states,2021,10966.3507528896
PRE,Pre-demographic dividend,2021,1402.70865652857
PST,Post-demographic dividend,2021,44164.1627392462
PSS,Pacific island small states,2021,3390.86854398028
OSS,Other small states,2021,11722.030338555
OED,OECD members,2021,38552.7294071217
NAC,North America,2021,60824.7850729267
MIC,Middle income,2021,5552.64149986246
TMN,"Middle East, North Africa, Afghanistan & Pakistan (IDA & IBRD)",2021,2900.57960405182
MNA,"Middle East, North Africa, Afghanistan & Pakistan (excluding high income)",2021,2901.63413648526
MEA,"Middle East, North Africa, Afghanistan & Pakistan",2021,5209.67271136343
LMC,Lower middle income,2021,2125.14051338163
LIC,Low income,2021,682.068551545596
LMY,Low & middle income,2021,5112.9703250261
LDC,Least developed countries: UN classification,2021,1042.66310509177
TLA,Latin America & the Caribbean (IDA & IBRD countries),2021,8192.97514505256
LAC,Latin America & Caribbean (excluding high income),2021,8145.29208280277
LCN,Latin America & Caribbean,2021,8316.14222192775
LTE,Late-demographic dividend,2021,10610.1004840522
IDA,IDA total,2021,1408.70089156521
IDX,IDA only,2021,1111.69190494885
IDB,IDA blend,2021,1960.8295587467
IBT,IDA & IBRD total,2021,5284.67426657771
IBD,IBRD only,2021,6728.66940868672
HIC,High income,2021,39782.9398439558
HPC,Heavily indebted poor countries (HIPC),2021,961.96999346246
FCS,Fragile and conflict affected situations,2021,1425.89864437684
EUU,European Union,2021,33488.1142449396
TEC,Europe & Central Asia (IDA & IBRD countries),2021,9439.04843335798
ECA,Europe & Central Asia (excluding high income),2021,7621.34511041877
ECS,Europe & Central Asia,2021,24581.3075426451
EMU,Euro area,2021,36812.8039945725
TEA,East Asia & Pacific (IDA & IBRD countries),2021,9005.72161441987
EAP,East Asia & Pacific (excluding high income),2021,8905.88464694349
EAS,East Asia & Pacific,2021,11962.7375119887
EAR,Early-demographic dividend,2021,3500.20998909915
CEB,Central Europe and the Baltics,2021,15739.1352320017
CSS,Caribbean small states,2021,13290.8289489771
ARB,Arab World,2021,6073.56224152636
AFW,Africa Western and Central,2021,1721.90947456022
AFE,Africa Eastern and Southern,2021,1425.2090572764
ZWE,Zimbabwe,2022,1369.19761495571
ZMB,Zambia,2022,1298.8480495593
PSE,West Bank and Gaza,2022,3099.9609010368
VIR,Virgin Islands (U.S.),2022,36983.431060272
VNM,Viet Nam,2022,3617.66311465012
VEN,"Venezuela, RB",2022,1379.97778822986
VUT,Vanuatu,2022,2740.27545530661
UZB,Uzbekistan,2022,3576.71552716054
URY,Uruguay,2022,18228.3558443761
USA,United States,2022,63886.1317069841
GBR,United Kingdom,2022,48433.009835767
ARE,United Arab Emirates,2022,41828.5553298104
UKR,Ukraine,2022,1874.66296386719
UGA,Uganda,2022,933.094056370423
TUV,Tuvalu,2022,4515.29701517492
TCA,Turks and Caicos Islands,2022,48307.3079245499
TKM,Turkmenistan,2022,7551.03650143157
TUR,Turkiye,2022,14273.5747654873
TUN,Tunisia,2022,3986.54558325666
TTO,Trinidad and Tobago,2022,15712.230497272
TON,Tonga,2022,4533.96790206106
TGO,Togo,2022,861.508010803054
TLS,Timor-Leste,2022,1579.71085276403
THA,Thailand,2022,6278.7855138276
TZA,Tanzania,2022,1070.58532714844
TJK,Tajikistan,2022,1325.75545290849
SYR,Syrian Arab Republic,2022,712.272278200037
CHE,Switzerland,2022,90605.019427268
SWE,Sweden,2022,54304.1877501033
SUR,Suriname,2022,7081.33357325783
SDN,Sudan,2022,973.225280761719
VCT,St. Vincent and the Grenadines,2022,8532.7381341339
LCA,St. Lucia,2022,11224.2899455738
KNA,St. Kitts and Nevis,2022,21050.758653729
LKA,Sri Lanka,2022,4033.14561476298
ESP,Spain,2022,28203.1093419474
ZAF,South Africa,2022,5786.86505344736
SOM,"Somalia, Fed. Rep.",2022,460.046226685196
SLB,Solomon Islands,2022,1788.61727922057
SVN,Slovenia,2022,25275.715967757
SVK,Slovak Republic,2022,18964.8298400624
SXM,Sint Maarten (Dutch part),2022,33523.6038330075
SGP,Singapore,2022,68218.805333562
SLE,Sierra Leone,2022,1077.08884538507
SYC,Seychelles,2022,15869.6738782504
SRB,Serbia,2022,7862.95387364846
SEN,Senegal,2022,1433.1991875241
SAU,Saudi Arabia,2022,26706.917926066
STP,Sao Tome and Principe,2022,1403.23356704678
SMR,San Marino,2022,51277.3460993917
WSM,Samoa,2022,4095.15868286688
RWA,Rwanda,2022,948.413686948024
RUS,Russian Federation,2022,10119.0625
ROU,Romania,2022,12076.3033811896
QAT,Qatar,2022,64315.6355652952
PRI,Puerto Rico (US),2022,29643.7408907829
PRT,Portugal,2022,22042.8680283647
POL,Poland,2022,17303.64494323
PHL,Philippines,2022,3577.70136573244
PER,Peru,2022,6667.51695632036
PRY,Paraguay,2022,6218.19790694162
PNG,Papua New Guinea,2022,2467.23488790877
PAN,Panama,2022,15956.0653932059
PLW,Palau,2022,12820.3765209089
PAK,Pakistan,2022,1642.28066974826
OMN,Oman,2022,18792.4460565306
NOR,Norway,2022,79620.1635455079
MNP,Northern Mariana Islands,2022,19461.8611129744
MKD,North Macedonia,2022,6250.62720952063
NGA,Nigeria,2022,2254.29080416892
NER,Niger,2022,566.797962983866
NIC,Nicaragua,2022,2175.73899144405
NZL,New Zealand,2022,42965.2749754735
NLD,Netherlands,2022,51777.5431588864
NPL,Nepal,2022,1113.55462341223
NRU,Nauru,2022,8498.6998601243
NAM,Namibia,2022,3905.55135268164
MMR,Myanmar,2022,1174.76697947364
MOZ,Mozambique,2022,596.058889461466
MAR,Morocco,2022,3334.91162109375
MNE,Montenegro,2022,7773.60323941511
MNG,Mongolia,2022,4205.88554513551
MCO,Monaco,2022,214359.605825981
MDA,Moldova,2022,3611.95484733286
FSM,"Micronesia, Fed. Sts.",2022,2923.25915160041
MEX,Mexico,2022,10013.2479236143
MUS,Mauritius,2022,10688.4383112722
MRT,Mauritania,2022,1576.75624107308
MHL,Marshall Islands,2022,5591.46421459004
MLT,Malta,2022,31430.6187070236
MLI,Mali,2022,877.817842432934
MDV,Maldives,2022,10939.9963271738
MYS,Malaysia,2022,11191.6511756943
MWI,Malawi,2022,560.635759714941
MDG,Madagascar,2022,438.516263353189
MAC,"Macao SAR, China",2022,34000.7134128308
LUX,Luxembourg,2022,107467.187082637
LTU,Lithuania,2022,18884.5152531698
LBY,Libya,2022,7002.68189296358
LBR,Liberia,2022,638.005183858289
LSO,Lesotho,2022,967.51928598325
LBN,Lebanon,2022,5909.03651555028
LVA,Latvia,2022,16421.3748596
LAO,Lao PDR,2022,2589.05015191628
KGZ,Kyrgyz Republic,2022,1212.17812721768
KWT,Kuwait,2022,26579.8321646876
XKX,Kosovo,2022,4666.3913779077
KOR,"Korea, Rep.",2022,35809.0138105144
KIR,Kiribati,2022,1948.24312238625
KEN,Kenya,2022,1747.53198804428
KAZ,Kazakhstan,2022,11058.3482413407
JOR,Jordan,2022,3909.80228869045
JPN,Japan,2022,36238.3294895302
JAM,Jamaica,2022,5965.46127464873
ITA,Italy,2022,33891.8866526216
ISR,Israel,2022,42516.3888090274
IMN,Isle of Man,2022,86103.3379308107
IRL,Ireland,2022,97793.5366671697
IRQ,Iraq,2022,4412.99733146512
IRN,"Iran, Islamic Rep.",2022,5465.31447539413
IDN,Indonesia,2022,4024.91225288391
IND,India,2022,2098.2112447615
ISL,Iceland,2022,57606.8756094882
HUN,Hungary,2022,16487.7973935944
HKG,"Hong Kong SAR, China",2022,43281.6852291306
HND,Honduras,2022,2482.22384904714
HTI,Haiti,2022,1256.72143592448
GUY,Guyana,2022,17365.3336428642
GNB,Guinea-Bissau,2022,752.901123263165
GIN,Guinea,2022,987.502501465337
GTM,Guatemala,2022,4385.14891178047
GUM,Guam,2022,34627.9862781837
GRD,Grenada,2022,9406.19337643226
GRL,Greenland,2022,49679.3365414895
GRC,Greece,2022,20552.3223279685
GHA,Ghana,2022,2067.20895910766
DEU,Germany,2022,44817.1316331389
GEO,Georgia,2022,5736.30449578597
GMB,"Gambia, The",2022,710.686979216316
GAB,Gabon,2022,6527.48207900404
PYF,French Polynesia,2022,20160.4994298379
FRA,France,2022,38868.3303330557
FIN,Finland,2022,46016.1492103929
FJI,Fiji,2022,5291.51693123572
FRO,Faroe Islands,2022,57775.0758629956
ETH,Ethiopia,2022,811.177729326201
SWZ,Eswatini,2022,3695.64957179548
EST,Estonia,2022,21023.2994937246
GNQ,Equatorial Guinea,2022,5524.24312418579
SLV,El Salvador,2022,4355.96083888359
EGY,"Egypt, Arab Rep.",2022,4029.78295457978
ECU,Ecuador,2022,6107.49495006543
DOM,Dominican Republic,2022,8698.13592094395
DMA,Dominica,2022,8590.92209069816
DJI,Djibouti,2022,2959.78673011268
DNK,Denmark,2022,59108.7449374068
CZE,Czechia,2022,20627.348651011
CYP,Cyprus,2022,31370.55078125
CUW,Curacao,2022,16772.8147195764
CUB,Cuba,2022,7552.33152218842
HRV,Croatia,2022,16618.1111874724
CIV,Cote d'Ivoire,2022,2227.09845246984
CRI,Costa Rica,2022,13686.1614090822
COG,"Congo, Rep.",2022,1686.00234391385
COD,"Congo, Dem. Rep.",2022,513.512704372167
COM,Comoros,2022,1368.3741885336
COL,Colombia,2022,6856.72590505374
CHN,China,2022,11830.5983703496
CHL,Chile,2022,14283.1489501524
CHI,Channel Islands,2022,67508.9385276664
TCD,Chad,2022,862.60212817252
CAF,Central African Republic,2022,398.91539795642
CYM,Cayman Islands,2022,80029.0319676823
CAN,Canada,2022,45677.686578804
CMR,Cameroon,2022,1458.66180431693
KHM,Cambodia,2022,2011.27433313262
CPV,Cabo Verde,2022,3997.76763250653
BDI,Burundi,2022,263.587550051638
BFA,Burkina Faso,2022,740.306319930259
BGR,Bulgaria,2022,9597.86796406548
BRN,Brunei Darussalam,2022,28549.1756060465
BRA,Brazil,2022,9032.08377657776
BWA,Botswana,2022,7159.5860618268
BIH,Bosnia and Herzegovina,2022,6327.16206849174
BOL,Bolivia,2022,3088.24126155241
BTN,Bhutan,2022,3349.73309632799
BMU,Bermuda,2022,109642.671877743
BEN,Benin,2022,1218.49668929091
BLZ,Belize,2022,6262.56088273674
BEL,Belgium,2022,44486.7438563594
BLR,Belarus,2022,6206.61909685419
BRB,Barbados,2022,20472.9494048647
BGD,Bangladesh,2022,1804.3493461776
BHR,Bahrain,2022,25234.40256182
BHS,"Bahamas, The",2022,32186.4575039237
AZE,Azerbaijan,2022,5599.58524971025
AUT,Austria,2022,47332.4240357971
AUS,Australia,2022,61200.4588964781
ABW,Aruba,2022,29195.2670227422
ARM,Armenia,2022,4791.00481712183
ARG,Argentina,2022,13276.8232110189
ATG,Antigua and Barbuda,2022,17456.8722243104
AGO,Angola,2022,2860.90251922246
AND,Andorra,2022,39780.4152991834
ASM,American Samoa,2022,13709.0974895473
DZA,Algeria,2022,4544.46688060372
ALB,Albania,2022,5867.65096230557
AFG,Afghanistan,2022,377.665627080705
WLD,World,2022,11403.9410808157
UMC,Upper middle income,2022,9532.80274711637
TSS,Sub-Saharan Africa (IDA & IBRD countries),2022,1568.7119148255
SSA,Sub-Saharan Africa (excluding high income),2022,1653.21688946605
SSF,Sub-Saharan Africa,2022,1568.7119148255
TSA,South Asia (IDA & IBRD),2022,2079.70096055151
SAS,South Asia,2022,2079.70096055151
SST,Small states,2022,11659.6483007671
PRE,Pre-demographic dividend,2022,1431.65390893488
PST,Post-demographic dividend,2022,45364.5649508054
PSS,Pacific island small states,2022,3635.62681471762
OSS,Other small states,2022,12081.4158837591
OED,OECD members,2022,39550.448387956
NAC,North America,2022,61993.4613265648
MIC,Middle income,2022,5731.4739020229
TMN,"Middle East, North Africa, Afghanistan & Pakistan (IDA & IBRD)",2022,2975.47966425011
MNA,"Middle East, North Africa, Afghanistan & Pakistan (excluding high income)",2022,2976.35590636317
MEA,"Middle East, North Africa, Afghanistan & Pakistan",2022,5440.81530487828
LMC,Lower middle income,2022,2230.23361306221
LIC,Low income,2022,686.608999787945
LMY,Low & middle income,2022,5268.23590331493
LDC,Least developed countries: UN classification,2022,1067.73895636263
TLA,Latin America & the Caribbean (IDA & IBRD countries),2022,8477.18379868743
LAC,Latin America & Caribbean (excluding high income),2022,8412.36598280101
LCN,Latin America & Caribbean,2022,8604.53059795143
LTE,Late-demographic dividend,2022,10941.5382468571
IDA,IDA total,2022,1441.8927324741
IDX,IDA only,2022,1134.36793858317
IDB,IDA blend,2022,2014.88221922079
IBT,IDA & IBRD total,2022,5436.74748762757
IBD,IBRD only,2022,6949.77744058703
HIC,High income,2022,40813.0270730429
HPC,Heavily indebted poor countries (HIPC),2022,982.924394594556
FCS,Fragile and conflict affected situations,2022,1421.76860683137
EUU,European Union,2022,34605.1747492534
TEC,Europe & Central Asia (IDA & IBRD countries),2022,9668.43621903069
ECA,Europe & Central Asia (excluding high income),2022,7898.44899906048
ECS,Europe & Central Asia,2022,25418.8606318264
EMU,Euro area,2022,38051.0445374525
TEA,East Asia & Pacific (IDA & IBRD countries),2022,9303.52211202572
EAP,East Asia & Pacific (excluding high income),2022,9200.23508783493
EAS,East Asia & Pacific,2022,12298.2762533191
EAR,Early-demographic dividend,2022,3669.67144770881
CEB,Central Europe and the Baltics,2022,16397.2583916271
CSS,Caribbean small states,2022,15207.5837552377
ARB,Arab World,2022,6351.57184174657
AFW,Africa Western and Central,2022,1757.45658962159
AFE,Africa Eastern and Southern,2022,1440.43036630175
ZWE,Zimbabwe,2023,1418.47184628799
ZMB,Zambia,2023,1330.85998216751
PSE,West Bank and Gaza,2023,2888.76306072177
VNM,Viet Nam,2023,3775.46375555802
VEN,"Venezuela, RB",2023,1430.74575249312
VUT,Vanuatu,2023,2733.35978526081
UZB,Uzbekistan,2023,3725.67414578619
URY,Uruguay,2023,18378.9833563662
USA,United States,2023,65186.5977244157
GBR,United Kingdom,2023,47934.9375098983
ARE,United Arab Emirates,2023,41926.5823645673
UKR,Ukraine,2023,2164.26123046875
UGA,Uganda,2023,955.745797275462
TUV,Tuvalu,2023,4773.34085526672
TCA,Turks and Caicos Islands,2023,54523.0330927151
TKM,Turkmenistan,2023,7880.44528570939
TUR,Turkiye,2023,14932.8851363122
TUN,Tunisia,2023,3967.33387634534
TTO,Trinidad and Tobago,2023,15922.7668349788
TON,Tonga,2023,4680.29974543195
TGO,Togo,2023,893.753030300995
TLS,Timor-Leste,2023,1279.21122757564
THA,Thailand,2023,6408.41432577294
TZA,Tanzania,2023,1092.86413574219
TJK,Tajikistan,2023,1407.1075436221
CHE,Switzerland,2023,90077.4460280731
SWE,Sweden,2023,53937.7967122429
SUR,Suriname,2023,7186.47308739957
SDN,Sudan,2023,677.723205566406
VCT,St. Vincent and the Grenadines,2023,9051.35208011007
LCA,St. Lucia,2023,11440.0829538276
KNA,St. Kitts and Nevis,2023,21664.0333984701
LKA,Sri Lanka,2023,3964.91987394354
ESP,Spain,2023,28558.6319817501
ZAF,South Africa,2023,5756.55049453121
SOM,"Somalia, Fed. Rep.",2023,464.721069525567
SLB,Solomon Islands,2023,1795.88798697142
SVN,Slovenia,2023,25773.9015835069
SVK,Slovak Republic,2023,19383.3732009401
SXM,Sint Maarten (Dutch part),2023,34300.9634216479
SGP,Singapore,2023,66167.3596303607
SLE,Sierra Leone,2023,1113.86837500697
SYC,Seychelles,2023,16242.4365925219
SRB,Serbia,2023,8208.4786891507
SEN,Senegal,2023,1458.96642332589
SAU,Saudi Arabia,2023,25634.8237547841
STP,Sao Tome and Principe,2023,1380.60169416257
SMR,San Marino,2023,51323.7972635865
WSM,Samoa,2023,4688.4631403154
RWA,Rwanda,2023,1004.33216650024
RUS,Russian Federation,2023,10562.0263671875
ROU,Romania,2023,12340.8170509969
QAT,Qatar,2023,65337.9507645329
PRI,Puerto Rico (US),2023,30012.9242468103
PRT,Portugal,2023,22417.1615864385
POL,Poland,2023,17410.3830137066
PHL,Philippines,2023,3744.69763802928
PER,Peru,2023,6568.0002779793
PRY,Paraguay,2023,6449.23028812969
PNG,Papua New Guinea,2023,2515.29070398356
PAN,Panama,2023,16877.1508423953
PLW,Palau,2023,13128.1314312511
PAK,Pakistan,2023,1610.33122837537
OMN,Oman,2023,17853.9645119949
NOR,Norway,2023,78775.7495154943
MKD,North Macedonia,2023,6423.99221393369
NGA,Nigeria,2023,2280.91931156115
NER,Niger,2023,557.572652727864
NIC,Nicaragua,2023,2241.12235476653
NZL,New Zealand,2023,42573.2308423434
NLD,Netherlands,2023,50960.7745021066
NPL,Nepal,2023,1136.42769313825
NRU,Nauru,2023,8504.80065666726
NAM,Namibia,2023,3977.97779909619
MMR,Myanmar,2023,1177.76649647177
MOZ,Mozambique,2023,610.433258850746
MAR,Morocco,2023,3421.21704101563
MNE,Montenegro,2023,8278.0284985113
MNG,Mongolia,2023,4456.53627552726
MCO,Monaco,2023,225884.183303985
MDA,Moldova,2023,3760.7000642059
FSM,"Micronesia, Fed. Sts.",2023,2923.05174793291
MEX,Mexico,2023,10259.1766616403
MUS,Mauritius,2023,11348.4337725632
MRT,Mauritania,2023,1634.89897144624
MHL,Marshall Islands,2023,5482.44553639985
MLT,Malta,2023,33408.2005015872
MLI,Mali,2023,892.360907760383
MDV,Maldives,2023,11439.5364342871
MYS,Malaysia,2023,11445.3925275079
MWI,Malawi,2023,557.03523965791
MDG,Madagascar,2023,445.834551910581
MAC,"Macao SAR, China",2023,59474.3964251614
LUX,Luxembourg,2023,105422.829667869
LTU,Lithuania,2023,18685.5523679178
LBY,Libya,2023,7630.49664928174
LBR,Liberia,2023,653.329188343162
LSO,Lesotho,2023,974.382478149793
LBN,Lebanon,2023,5834.63415739394
LVA,Latvia,2023,16229.3844520245
LAO,Lao PDR,2023,2648.88726608035
KGZ,Kyrgyz Republic,2023,1298.25724482211
KWT,Kuwait,2023,24716.196765637
XKX,Kosovo,2023,5102.74914613981
KOR,"Korea, Rep.",2023,36347.7036392553
KIR,Kiribati,2023,1968.80973802094
KEN,Kenya,2023,1811.21651838425
KAZ,Kazakhstan,2023,11453.3952725363
JOR,Jordan,2023,3958.23043952182
JPN,Japan,2023,36952.5150709861
JAM,Jamaica,2023,6127.90771263434
ITA,Italy,2023,34239.6554751239
ISR,Israel,2023,42011.6213954855
IRL,Ireland,2023,93541.9643678381
IRQ,Iraq,2023,4337.08705324182
IRN,"Iran, Islamic Rep.",2023,5687.84396330117
IDN,Indonesia,2023,4192.65167890692
IND,India,2023,2270.9051808027
ISL,Iceland,2023,60019.4084189868
HUN,Hungary,2023,16375.0462724192
HKG,"Hong Kong SAR, China",2023,43550.6298747786
HND,Honduras,2023,2527.27366333188
HTI,Haiti,2023,1219.11871645847
GUY,Guyana,2023,23101.3538282741
GNB,Guinea-Bissau,2023,779.085789155531
GIN,Guinea,2023,1016.88094800324
GTM,Guatemala,2023,4470.70728455461
GRD,Grenada,2023,9817.86383583917
GRL,Greenland,2023,49929.7755428605
GRC,Greece,2023,21050.8648111581
GHA,Ghana,2023,2091.8133564595
DEU,Germany,2023,44368.9920074881
GEO,Georgia,2023,6180.6206023429
GMB,"Gambia, The",2023,735.612383709511
GAB,Gabon,2023,6541.2536861807
PYF,French Polynesia,2023,20664.9770259225
FRA,France,2023,39319.4152227295
FIN,Finland,2023,45357.0296547377
FJI,Fiji,2023,5761.5694863591
FRO,Faroe Islands,2023,59050.1954015578
ETH,Ethiopia,2023,842.44660489404
SWZ,Eswatini,2023,3790.16576788091
EST,Estonia,2023,20126.3730486957
GNQ,Equatorial Guinea,2023,5118.21986148331
SLV,El Salvador,2023,4489.17787712717
EGY,"Egypt, Arab Rep.",2023,4111.3118478995
ECU,Ecuador,2023,6174.81822806637
DOM,Dominican Republic,2023,8809.96335385949
DMA,Dominica,2023,8946.98822588042
DJI,Djibouti,2023,3117.8155381531
DNK,Denmark,2023,59026.9843650999
CZE,Czechia,2023,20272.5874017334
CYP,Cyprus,2023,31884.84375
CUW,Curacao,2023,17326.9646862721
CUB,Cuba,2023,7433.42885399674
HRV,Croatia,2023,17225.154484029
CIV,Cote d'Ivoire,2023,2315.38147441648
CRI,Costa Rica,2023,14318.8389652137
COG,"Congo, Rep.",2023,1677.08549205924
COD,"Congo, Dem. Rep.",2023,539.45912637913
COM,Comoros,2023,1382.51308503106
COL,Colombia,2023,6828.59753791113
CHN,China,2023,12484.1578844175
CHL,Chile,2023,14280.3475638842
CHI,Channel Islands,2023,69818.1528119104
TCD,Chad,2023,856.832488745342
CAF,Central African Republic,2023,397.467795750451
CYM,Cayman Islands,2023,83005.4838305223
CAN,Canada,2023,45048.2842408265
CMR,Cameroon,2023,1468.17837007337
KHM,Cambodia,2023,2085.05748462122
CPV,Cabo Verde,2023,4168.67748407593
BDI,Burundi,2023,264.843307950214
BFA,Burkina Faso,2023,745.405334618409
BGR,Bulgaria,2023,9787.26510772747
BRN,Brunei Darussalam,2023,28645.9645396284
BRA,Brazil,2023,9288.02594608687
BWA,Botswana,2023,7269.05170664457
BIH,Bosnia and Herzegovina,2023,6493.32400514463
BOL,Bolivia,2023,3122.77049447823
BTN,Bhutan,2023,3480.51388574877
BMU,Bermuda,2023,115124.71719745
BEN,Benin,2023,1263.62158336368
BLZ,Belize,2023,6165.69414825936
BEL,Belgium,2023,44866.1935177304
BLR,Belarus,2023,6497.78450683592
BRB,Barbados,2023,21068.2610447067
BGD,Bangladesh,2023,1885.37733613545
BHR,Bahrain,2023,25342.6226641572
BHS,"Bahamas, The",2023,33009.645615121
AZE,Azerbaijan,2023,5668.61021317029
AUT,Austria,2023,46497.9114640341
AUS,Australia,2023,61869.082498576
ABW,Aruba,2023,31430.9353682253
ARM,Armenia,2023,5197.23509013575
ARG,Argentina,2023,12993.0928872416
ATG,Antigua and Barbuda,2023,17789.4058123944
AGO,Angola,2023,2809.15727975557
AND,Andorra,2023,40227.2524257376
DZA,Algeria,2023,4660.40545687895
ALB,Albania,2023,6198.17195301204
AFG,Afghanistan,2023,378.06630312259
WLD,World,2023,11631.716477221
UMC,Upper middle income,2023,9948.67495433201
TSS,Sub-Saharan Africa (IDA & IBRD countries),2023,1572.0784357913
SSA,Sub-Saharan Africa (excluding high income),2023,1653.54090063039
SSF,Sub-Saharan Africa,2023,1572.0784357913
TSA,South Asia (IDA & IBRD),2023,2236.80860471582
SAS,South Asia,2023,2236.80860471582
SST,Small states,2023,12136.5395036554
PRE,Pre-demographic dividend,2023,1429.95200849228
PST,Post-demographic dividend,2023,46034.0212973547
PSS,Pacific island small states,2023,3839.58128039956
OSS,Other small states,2023,12349.4784075444
OED,OECD members,2023,40000.4208005086
NAC,North America,2023,63053.7592640453
MIC,Middle income,2023,5965.65860396171
TMN,"Middle East, North Africa, Afghanistan & Pakistan (IDA & IBRD)",2023,3009.34133947192
MNA,"Middle East, North Africa, Afghanistan & Pakistan (excluding high income)",2023,3008.48699915159
MEA,"Middle East, North Africa, Afghanistan & Pakistan",2023,5455.97429791083
LMC,Lower middle income,2023,2335.33048087966
LIC,Low income,2023,666.803267849144
LMY,Low & middle income,2023,5470.5324742774
LDC,Least developed countries: UN classification,2023,1075.21265110133
TLA,Latin America & the Caribbean (IDA & IBRD countries),2023,8612.78979317983
LAC,Latin America & Caribbean (excluding high income),2023,8532.81169578021
LCN,Latin America & Caribbean,2023,8737.77637787077
LTE,Late-demographic dividend,2023,11413.7698244462
IDA,IDA total,2023,1454.79918171861
IDX,IDA only,2023,1145.56246386603
IDB,IDA blend,2023,2032.83591744395
IBT,IDA & IBRD total,2023,5638.70628095248
IBD,IBRD only,2023,7249.2635017382
HIC,High income,2023,41258.1342798368
HPC,Heavily indebted poor countries (HIPC),2023,991.01991315821
FCS,Fragile and conflict affected situations,2023,1423.91012233176
EUU,European Union,2023,34631.1439044457
TEC,Europe & Central Asia (IDA & IBRD countries),2023,10089.5680721267
ECA,Europe & Central Asia (excluding high income),2023,8356.07726564962
ECS,Europe & Central Asia,2023,25669.8654521598
EMU,Euro area,2023,38060.382262715
TEA,East Asia & Pacific (IDA & IBRD countries),2023,9774.45468650513
EAP,East Asia & Pacific (excluding high income),2023,9665.75975299647
EAS,East Asia & Pacific,2023,12789.571638276
EAR,Early-demographic dividend,2023,3793.52187314813
CEB,Central Europe and the Baltics,2023,16494.8126887526
CSS,Caribbean small states,2023,16468.9430284866
ARB,Arab World,2023,6311.42160022415
AFW,Africa Western and Central,2023,1778.86434703356
AFE,Africa Eastern and Southern,2023,1431.72178996886
